region,kjønn,alder,år,statistikkvariabel,"07459: Befolkning, etter region, kjønn, alder, år og statistikkvariabel"
3101 Halden,2 Kvinner,F00-04 0-4 år,2025,Personer,666
3101 Halden,2 Kvinner,F05-09 5-9 år,2025,Personer,774
3101 Halden,2 Kvinner,F10-14 10-14 år,2025,Personer,870
3101 Halden,2 Kvinner,F15-19 15-19 år,2025,Personer,940
3101 Halden,2 Kvinner,F20-24 20-24 år,2025,Personer,859
3101 Halden,2 Kvinner,F25-29 25-29 år,2025,Personer,855
3101 Halden,2 Kvinner,F30-34 30-34 år,2025,Personer,934
3101 Halden,2 Kvinner,F35-39 35-39 år,2025,Personer,970
3101 Halden,2 Kvinner,F40-44 40-44 år,2025,Personer,978
3101 Halden,2 Kvinner,F45-49 45-49 år,2025,Personer,983
3101 Halden,2 Kvinner,F50-54 50-54 år,2025,Personer,1121
3101 Halden,2 Kvinner,F55-59 55-59 år,2025,Personer,1160
3101 Halden,2 Kvinner,F60-64 60-64 år,2025,Personer,1005
3101 Halden,2 Kvinner,F65-69 65-69 år,2025,Personer,990
3101 Halden,2 Kvinner,F70-74 70-74 år,2025,Personer,864
3101 Halden,2 Kvinner,F75-79 75-79 år,2025,Personer,877
3101 Halden,2 Kvinner,F80-84 80-84 år,2025,Personer,509
3101 Halden,2 Kvinner,F85-89 85-89 år,2025,Personer,309
3101 Halden,2 Kvinner,F90-94 90-94 år,2025,Personer,159
3101 Halden,2 Kvinner,F95-99 95-99 år,2025,Personer,51
3101 Halden,2 Kvinner,F100G5+ 100 år eller eldre,2025,Personer,6
3101 Halden,1 Menn,F00-04 0-4 år,2025,Personer,716
3101 Halden,1 Menn,F05-09 5-9 år,2025,Personer,803
3101 Halden,1 Menn,F10-14 10-14 år,2025,Personer,921
3101 Halden,1 Menn,F15-19 15-19 år,2025,Personer,988
3101 Halden,1 Menn,F20-24 20-24 år,2025,Personer,1010
3101 Halden,1 Menn,F25-29 25-29 år,2025,Personer,981
3101 Halden,1 Menn,F30-34 30-34 år,2025,Personer,1077
3101 Halden,1 Menn,F35-39 35-39 år,2025,Personer,986
3101 Halden,1 Menn,F40-44 40-44 år,2025,Personer,916
3101 Halden,1 Menn,F45-49 45-49 år,2025,Personer,1054
3101 Halden,1 Menn,F50-54 50-54 år,2025,Personer,1093
3101 Halden,1 Menn,F55-59 55-59 år,2025,Personer,1193
3101 Halden,1 Menn,F60-64 60-64 år,2025,Personer,1053
3101 Halden,1 Menn,F65-69 65-69 år,2025,Personer,952
3101 Halden,1 Menn,F70-74 70-74 år,2025,Personer,872
3101 Halden,1 Menn,F75-79 75-79 år,2025,Personer,802
3101 Halden,1 Menn,F80-84 80-84 år,2025,Personer,431
3101 Halden,1 Menn,F85-89 85-89 år,2025,Personer,212
3101 Halden,1 Menn,F90-94 90-94 år,2025,Personer,79
3101 Halden,1 Menn,F95-99 95-99 år,2025,Personer,17
3101 Halden,1 Menn,F100G5+ 100 år eller eldre,2025,Personer,2
3103 Moss,2 Kvinner,F00-04 0-4 år,2025,Personer,1130
3103 Moss,2 Kvinner,F05-09 5-9 år,2025,Personer,1260
3103 Moss,2 Kvinner,F10-14 10-14 år,2025,Personer,1459
3103 Moss,2 Kvinner,F15-19 15-19 år,2025,Personer,1551
3103 Moss,2 Kvinner,F20-24 20-24 år,2025,Personer,1270
3103 Moss,2 Kvinner,F25-29 25-29 år,2025,Personer,1342
3103 Moss,2 Kvinner,F30-34 30-34 år,2025,Personer,1603
3103 Moss,2 Kvinner,F35-39 35-39 år,2025,Personer,1669
3103 Moss,2 Kvinner,F40-44 40-44 år,2025,Personer,1653
3103 Moss,2 Kvinner,F45-49 45-49 år,2025,Personer,1728
3103 Moss,2 Kvinner,F50-54 50-54 år,2025,Personer,1937
3103 Moss,2 Kvinner,F55-59 55-59 år,2025,Personer,1997
3103 Moss,2 Kvinner,F60-64 60-64 år,2025,Personer,1700
3103 Moss,2 Kvinner,F65-69 65-69 år,2025,Personer,1591
3103 Moss,2 Kvinner,F70-74 70-74 år,2025,Personer,1473
3103 Moss,2 Kvinner,F75-79 75-79 år,2025,Personer,1428
3103 Moss,2 Kvinner,F80-84 80-84 år,2025,Personer,904
3103 Moss,2 Kvinner,F85-89 85-89 år,2025,Personer,487
3103 Moss,2 Kvinner,F90-94 90-94 år,2025,Personer,219
3103 Moss,2 Kvinner,F95-99 95-99 år,2025,Personer,45
3103 Moss,2 Kvinner,F100G5+ 100 år eller eldre,2025,Personer,9
3103 Moss,1 Menn,F00-04 0-4 år,2025,Personer,1187
3103 Moss,1 Menn,F05-09 5-9 år,2025,Personer,1376
3103 Moss,1 Menn,F10-14 10-14 år,2025,Personer,1478
3103 Moss,1 Menn,F15-19 15-19 år,2025,Personer,1675
3103 Moss,1 Menn,F20-24 20-24 år,2025,Personer,1479
3103 Moss,1 Menn,F25-29 25-29 år,2025,Personer,1527
3103 Moss,1 Menn,F30-34 30-34 år,2025,Personer,1654
3103 Moss,1 Menn,F35-39 35-39 år,2025,Personer,1765
3103 Moss,1 Menn,F40-44 40-44 år,2025,Personer,1680
3103 Moss,1 Menn,F45-49 45-49 år,2025,Personer,1723
3103 Moss,1 Menn,F50-54 50-54 år,2025,Personer,1923
3103 Moss,1 Menn,F55-59 55-59 år,2025,Personer,1941
3103 Moss,1 Menn,F60-64 60-64 år,2025,Personer,1673
3103 Moss,1 Menn,F65-69 65-69 år,2025,Personer,1464
3103 Moss,1 Menn,F70-74 70-74 år,2025,Personer,1261
3103 Moss,1 Menn,F75-79 75-79 år,2025,Personer,1183
3103 Moss,1 Menn,F80-84 80-84 år,2025,Personer,691
3103 Moss,1 Menn,F85-89 85-89 år,2025,Personer,363
3103 Moss,1 Menn,F90-94 90-94 år,2025,Personer,114
3103 Moss,1 Menn,F95-99 95-99 år,2025,Personer,32
3103 Moss,1 Menn,F100G5+ 100 år eller eldre,2025,Personer,2
3105 Sarpsborg,2 Kvinner,F00-04 0-4 år,2025,Personer,1433
3105 Sarpsborg,2 Kvinner,F05-09 5-9 år,2025,Personer,1571
3105 Sarpsborg,2 Kvinner,F10-14 10-14 år,2025,Personer,1744
3105 Sarpsborg,2 Kvinner,F15-19 15-19 år,2025,Personer,1817
3105 Sarpsborg,2 Kvinner,F20-24 20-24 år,2025,Personer,1567
3105 Sarpsborg,2 Kvinner,F25-29 25-29 år,2025,Personer,1791
3105 Sarpsborg,2 Kvinner,F30-34 30-34 år,2025,Personer,1980
3105 Sarpsborg,2 Kvinner,F35-39 35-39 år,2025,Personer,1953
3105 Sarpsborg,2 Kvinner,F40-44 40-44 år,2025,Personer,1899
3105 Sarpsborg,2 Kvinner,F45-49 45-49 år,2025,Personer,1926
3105 Sarpsborg,2 Kvinner,F50-54 50-54 år,2025,Personer,2115
3105 Sarpsborg,2 Kvinner,F55-59 55-59 år,2025,Personer,1940
3105 Sarpsborg,2 Kvinner,F60-64 60-64 år,2025,Personer,1806
3105 Sarpsborg,2 Kvinner,F65-69 65-69 år,2025,Personer,1648
3105 Sarpsborg,2 Kvinner,F70-74 70-74 år,2025,Personer,1455
3105 Sarpsborg,2 Kvinner,F75-79 75-79 år,2025,Personer,1487
3105 Sarpsborg,2 Kvinner,F80-84 80-84 år,2025,Personer,948
3105 Sarpsborg,2 Kvinner,F85-89 85-89 år,2025,Personer,563
3105 Sarpsborg,2 Kvinner,F90-94 90-94 år,2025,Personer,223
3105 Sarpsborg,2 Kvinner,F95-99 95-99 år,2025,Personer,61
3105 Sarpsborg,2 Kvinner,F100G5+ 100 år eller eldre,2025,Personer,7
3105 Sarpsborg,1 Menn,F00-04 0-4 år,2025,Personer,1539
3105 Sarpsborg,1 Menn,F05-09 5-9 år,2025,Personer,1729
3105 Sarpsborg,1 Menn,F10-14 10-14 år,2025,Personer,1835
3105 Sarpsborg,1 Menn,F15-19 15-19 år,2025,Personer,2037
3105 Sarpsborg,1 Menn,F20-24 20-24 år,2025,Personer,1704
3105 Sarpsborg,1 Menn,F25-29 25-29 år,2025,Personer,1821
3105 Sarpsborg,1 Menn,F30-34 30-34 år,2025,Personer,2080
3105 Sarpsborg,1 Menn,F35-39 35-39 år,2025,Personer,1945
3105 Sarpsborg,1 Menn,F40-44 40-44 år,2025,Personer,1966
3105 Sarpsborg,1 Menn,F45-49 45-49 år,2025,Personer,1963
3105 Sarpsborg,1 Menn,F50-54 50-54 år,2025,Personer,2166
3105 Sarpsborg,1 Menn,F55-59 55-59 år,2025,Personer,2126
3105 Sarpsborg,1 Menn,F60-64 60-64 år,2025,Personer,1803
3105 Sarpsborg,1 Menn,F65-69 65-69 år,2025,Personer,1624
3105 Sarpsborg,1 Menn,F70-74 70-74 år,2025,Personer,1365
3105 Sarpsborg,1 Menn,F75-79 75-79 år,2025,Personer,1300
3105 Sarpsborg,1 Menn,F80-84 80-84 år,2025,Personer,717
3105 Sarpsborg,1 Menn,F85-89 85-89 år,2025,Personer,357
3105 Sarpsborg,1 Menn,F90-94 90-94 år,2025,Personer,103
3105 Sarpsborg,1 Menn,F95-99 95-99 år,2025,Personer,21
3105 Sarpsborg,1 Menn,F100G5+ 100 år eller eldre,2025,Personer,4
3107 Fredrikstad,2 Kvinner,F00-04 0-4 år,2025,Personer,1863
3107 Fredrikstad,2 Kvinner,F05-09 5-9 år,2025,Personer,2172
3107 Fredrikstad,2 Kvinner,F10-14 10-14 år,2025,Personer,2334
3107 Fredrikstad,2 Kvinner,F15-19 15-19 år,2025,Personer,2589
3107 Fredrikstad,2 Kvinner,F20-24 20-24 år,2025,Personer,2271
3107 Fredrikstad,2 Kvinner,F25-29 25-29 år,2025,Personer,2423
3107 Fredrikstad,2 Kvinner,F30-34 30-34 år,2025,Personer,2661
3107 Fredrikstad,2 Kvinner,F35-39 35-39 år,2025,Personer,2732
3107 Fredrikstad,2 Kvinner,F40-44 40-44 år,2025,Personer,2664
3107 Fredrikstad,2 Kvinner,F45-49 45-49 år,2025,Personer,2667
3107 Fredrikstad,2 Kvinner,F50-54 50-54 år,2025,Personer,3157
3107 Fredrikstad,2 Kvinner,F55-59 55-59 år,2025,Personer,3168
3107 Fredrikstad,2 Kvinner,F60-64 60-64 år,2025,Personer,2715
3107 Fredrikstad,2 Kvinner,F65-69 65-69 år,2025,Personer,2619
3107 Fredrikstad,2 Kvinner,F70-74 70-74 år,2025,Personer,2293
3107 Fredrikstad,2 Kvinner,F75-79 75-79 år,2025,Personer,2094
3107 Fredrikstad,2 Kvinner,F80-84 80-84 år,2025,Personer,1308
3107 Fredrikstad,2 Kvinner,F85-89 85-89 år,2025,Personer,782
3107 Fredrikstad,2 Kvinner,F90-94 90-94 år,2025,Personer,361
3107 Fredrikstad,2 Kvinner,F95-99 95-99 år,2025,Personer,88
3107 Fredrikstad,2 Kvinner,F100G5+ 100 år eller eldre,2025,Personer,8
3107 Fredrikstad,1 Menn,F00-04 0-4 år,2025,Personer,1882
3107 Fredrikstad,1 Menn,F05-09 5-9 år,2025,Personer,2294
3107 Fredrikstad,1 Menn,F10-14 10-14 år,2025,Personer,2519
3107 Fredrikstad,1 Menn,F15-19 15-19 år,2025,Personer,2811
3107 Fredrikstad,1 Menn,F20-24 20-24 år,2025,Personer,2617
3107 Fredrikstad,1 Menn,F25-29 25-29 år,2025,Personer,2475
3107 Fredrikstad,1 Menn,F30-34 30-34 år,2025,Personer,2834
3107 Fredrikstad,1 Menn,F35-39 35-39 år,2025,Personer,2804
3107 Fredrikstad,1 Menn,F40-44 40-44 år,2025,Personer,2530
3107 Fredrikstad,1 Menn,F45-49 45-49 år,2025,Personer,2713
3107 Fredrikstad,1 Menn,F50-54 50-54 år,2025,Personer,3030
3107 Fredrikstad,1 Menn,F55-59 55-59 år,2025,Personer,3167
3107 Fredrikstad,1 Menn,F60-64 60-64 år,2025,Personer,2833
3107 Fredrikstad,1 Menn,F65-69 65-69 år,2025,Personer,2540
3107 Fredrikstad,1 Menn,F70-74 70-74 år,2025,Personer,2122
3107 Fredrikstad,1 Menn,F75-79 75-79 år,2025,Personer,1887
3107 Fredrikstad,1 Menn,F80-84 80-84 år,2025,Personer,1087
3107 Fredrikstad,1 Menn,F85-89 85-89 år,2025,Personer,535
3107 Fredrikstad,1 Menn,F90-94 90-94 år,2025,Personer,178
3107 Fredrikstad,1 Menn,F95-99 95-99 år,2025,Personer,32
3107 Fredrikstad,1 Menn,F100G5+ 100 år eller eldre,2025,Personer,3
3110 Hvaler,2 Kvinner,F00-04 0-4 år,2025,Personer,72
3110 Hvaler,2 Kvinner,F05-09 5-9 år,2025,Personer,71
3110 Hvaler,2 Kvinner,F10-14 10-14 år,2025,Personer,112
3110 Hvaler,2 Kvinner,F15-19 15-19 år,2025,Personer,127
3110 Hvaler,2 Kvinner,F20-24 20-24 år,2025,Personer,80
3110 Hvaler,2 Kvinner,F25-29 25-29 år,2025,Personer,72
3110 Hvaler,2 Kvinner,F30-34 30-34 år,2025,Personer,82
3110 Hvaler,2 Kvinner,F35-39 35-39 år,2025,Personer,96
3110 Hvaler,2 Kvinner,F40-44 40-44 år,2025,Personer,135
3110 Hvaler,2 Kvinner,F45-49 45-49 år,2025,Personer,146
3110 Hvaler,2 Kvinner,F50-54 50-54 år,2025,Personer,176
3110 Hvaler,2 Kvinner,F55-59 55-59 år,2025,Personer,187
3110 Hvaler,2 Kvinner,F60-64 60-64 år,2025,Personer,224
3110 Hvaler,2 Kvinner,F65-69 65-69 år,2025,Personer,251
3110 Hvaler,2 Kvinner,F70-74 70-74 år,2025,Personer,222
3110 Hvaler,2 Kvinner,F75-79 75-79 år,2025,Personer,173
3110 Hvaler,2 Kvinner,F80-84 80-84 år,2025,Personer,82
3110 Hvaler,2 Kvinner,F85-89 85-89 år,2025,Personer,36
3110 Hvaler,2 Kvinner,F90-94 90-94 år,2025,Personer,8
3110 Hvaler,2 Kvinner,F95-99 95-99 år,2025,Personer,9
3110 Hvaler,2 Kvinner,F100G5+ 100 år eller eldre,2025,Personer,0
3110 Hvaler,1 Menn,F00-04 0-4 år,2025,Personer,88
3110 Hvaler,1 Menn,F05-09 5-9 år,2025,Personer,86
3110 Hvaler,1 Menn,F10-14 10-14 år,2025,Personer,115
3110 Hvaler,1 Menn,F15-19 15-19 år,2025,Personer,139
3110 Hvaler,1 Menn,F20-24 20-24 år,2025,Personer,99
3110 Hvaler,1 Menn,F25-29 25-29 år,2025,Personer,74
3110 Hvaler,1 Menn,F30-34 30-34 år,2025,Personer,100
3110 Hvaler,1 Menn,F35-39 35-39 år,2025,Personer,88
3110 Hvaler,1 Menn,F40-44 40-44 år,2025,Personer,98
3110 Hvaler,1 Menn,F45-49 45-49 år,2025,Personer,148
3110 Hvaler,1 Menn,F50-54 50-54 år,2025,Personer,169
3110 Hvaler,1 Menn,F55-59 55-59 år,2025,Personer,196
3110 Hvaler,1 Menn,F60-64 60-64 år,2025,Personer,211
3110 Hvaler,1 Menn,F65-69 65-69 år,2025,Personer,243
3110 Hvaler,1 Menn,F70-74 70-74 år,2025,Personer,217
3110 Hvaler,1 Menn,F75-79 75-79 år,2025,Personer,195
3110 Hvaler,1 Menn,F80-84 80-84 år,2025,Personer,91
3110 Hvaler,1 Menn,F85-89 85-89 år,2025,Personer,46
3110 Hvaler,1 Menn,F90-94 90-94 år,2025,Personer,10
3110 Hvaler,1 Menn,F95-99 95-99 år,2025,Personer,2
3110 Hvaler,1 Menn,F100G5+ 100 år eller eldre,2025,Personer,1
3112 Råde,2 Kvinner,F00-04 0-4 år,2025,Personer,162
3112 Råde,2 Kvinner,F05-09 5-9 år,2025,Personer,192
3112 Råde,2 Kvinner,F10-14 10-14 år,2025,Personer,201
3112 Råde,2 Kvinner,F15-19 15-19 år,2025,Personer,196
3112 Råde,2 Kvinner,F20-24 20-24 år,2025,Personer,206
3112 Råde,2 Kvinner,F25-29 25-29 år,2025,Personer,176
3112 Råde,2 Kvinner,F30-34 30-34 år,2025,Personer,224
3112 Råde,2 Kvinner,F35-39 35-39 år,2025,Personer,247
3112 Råde,2 Kvinner,F40-44 40-44 år,2025,Personer,223
3112 Råde,2 Kvinner,F45-49 45-49 år,2025,Personer,238
3112 Råde,2 Kvinner,F50-54 50-54 år,2025,Personer,300
3112 Råde,2 Kvinner,F55-59 55-59 år,2025,Personer,260
3112 Råde,2 Kvinner,F60-64 60-64 år,2025,Personer,232
3112 Råde,2 Kvinner,F65-69 65-69 år,2025,Personer,249
3112 Råde,2 Kvinner,F70-74 70-74 år,2025,Personer,205
3112 Råde,2 Kvinner,F75-79 75-79 år,2025,Personer,216
3112 Råde,2 Kvinner,F80-84 80-84 år,2025,Personer,124
3112 Råde,2 Kvinner,F85-89 85-89 år,2025,Personer,78
3112 Råde,2 Kvinner,F90-94 90-94 år,2025,Personer,31
3112 Råde,2 Kvinner,F95-99 95-99 år,2025,Personer,18
3112 Råde,2 Kvinner,F100G5+ 100 år eller eldre,2025,Personer,3
3112 Råde,1 Menn,F00-04 0-4 år,2025,Personer,188
3112 Råde,1 Menn,F05-09 5-9 år,2025,Personer,234
3112 Råde,1 Menn,F10-14 10-14 år,2025,Personer,246
3112 Råde,1 Menn,F15-19 15-19 år,2025,Personer,257
3112 Råde,1 Menn,F20-24 20-24 år,2025,Personer,216
3112 Råde,1 Menn,F25-29 25-29 år,2025,Personer,224
3112 Råde,1 Menn,F30-34 30-34 år,2025,Personer,246
3112 Råde,1 Menn,F35-39 35-39 år,2025,Personer,264
3112 Råde,1 Menn,F40-44 40-44 år,2025,Personer,249
3112 Råde,1 Menn,F45-49 45-49 år,2025,Personer,280
3112 Råde,1 Menn,F50-54 50-54 år,2025,Personer,299
3112 Råde,1 Menn,F55-59 55-59 år,2025,Personer,272
3112 Råde,1 Menn,F60-64 60-64 år,2025,Personer,254
3112 Råde,1 Menn,F65-69 65-69 år,2025,Personer,243
3112 Råde,1 Menn,F70-74 70-74 år,2025,Personer,208
3112 Råde,1 Menn,F75-79 75-79 år,2025,Personer,191
3112 Råde,1 Menn,F80-84 80-84 år,2025,Personer,106
3112 Råde,1 Menn,F85-89 85-89 år,2025,Personer,62
3112 Råde,1 Menn,F90-94 90-94 år,2025,Personer,24
3112 Råde,1 Menn,F95-99 95-99 år,2025,Personer,6
3112 Råde,1 Menn,F100G5+ 100 år eller eldre,2025,Personer,0
3114 Våler (Østfold),2 Kvinner,F00-04 0-4 år,2025,Personer,181
3114 Våler (Østfold),2 Kvinner,F05-09 5-9 år,2025,Personer,200
3114 Våler (Østfold),2 Kvinner,F10-14 10-14 år,2025,Personer,207
3114 Våler (Østfold),2 Kvinner,F15-19 15-19 år,2025,Personer,192
3114 Våler (Østfold),2 Kvinner,F20-24 20-24 år,2025,Personer,115
3114 Våler (Østfold),2 Kvinner,F25-29 25-29 år,2025,Personer,143
3114 Våler (Østfold),2 Kvinner,F30-34 30-34 år,2025,Personer,202
3114 Våler (Østfold),2 Kvinner,F35-39 35-39 år,2025,Personer,278
3114 Våler (Østfold),2 Kvinner,F40-44 40-44 år,2025,Personer,240
3114 Våler (Østfold),2 Kvinner,F45-49 45-49 år,2025,Personer,194
3114 Våler (Østfold),2 Kvinner,F50-54 50-54 år,2025,Personer,211
3114 Våler (Østfold),2 Kvinner,F55-59 55-59 år,2025,Personer,199
3114 Våler (Østfold),2 Kvinner,F60-64 60-64 år,2025,Personer,165
3114 Våler (Østfold),2 Kvinner,F65-69 65-69 år,2025,Personer,141
3114 Våler (Østfold),2 Kvinner,F70-74 70-74 år,2025,Personer,119
3114 Våler (Østfold),2 Kvinner,F75-79 75-79 år,2025,Personer,108
3114 Våler (Østfold),2 Kvinner,F80-84 80-84 år,2025,Personer,70
3114 Våler (Østfold),2 Kvinner,F85-89 85-89 år,2025,Personer,30
3114 Våler (Østfold),2 Kvinner,F90-94 90-94 år,2025,Personer,11
3114 Våler (Østfold),2 Kvinner,F95-99 95-99 år,2025,Personer,3
3114 Våler (Østfold),2 Kvinner,F100G5+ 100 år eller eldre,2025,Personer,0
3114 Våler (Østfold),1 Menn,F00-04 0-4 år,2025,Personer,182
3114 Våler (Østfold),1 Menn,F05-09 5-9 år,2025,Personer,229
3114 Våler (Østfold),1 Menn,F10-14 10-14 år,2025,Personer,239
3114 Våler (Østfold),1 Menn,F15-19 15-19 år,2025,Personer,194
3114 Våler (Østfold),1 Menn,F20-24 20-24 år,2025,Personer,127
3114 Våler (Østfold),1 Menn,F25-29 25-29 år,2025,Personer,154
3114 Våler (Østfold),1 Menn,F30-34 30-34 år,2025,Personer,185
3114 Våler (Østfold),1 Menn,F35-39 35-39 år,2025,Personer,247
3114 Våler (Østfold),1 Menn,F40-44 40-44 år,2025,Personer,249
3114 Våler (Østfold),1 Menn,F45-49 45-49 år,2025,Personer,232
3114 Våler (Østfold),1 Menn,F50-54 50-54 år,2025,Personer,220
3114 Våler (Østfold),1 Menn,F55-59 55-59 år,2025,Personer,230
3114 Våler (Østfold),1 Menn,F60-64 60-64 år,2025,Personer,156
3114 Våler (Østfold),1 Menn,F65-69 65-69 år,2025,Personer,173
3114 Våler (Østfold),1 Menn,F70-74 70-74 år,2025,Personer,134
3114 Våler (Østfold),1 Menn,F75-79 75-79 år,2025,Personer,99
3114 Våler (Østfold),1 Menn,F80-84 80-84 år,2025,Personer,69
3114 Våler (Østfold),1 Menn,F85-89 85-89 år,2025,Personer,26
3114 Våler (Østfold),1 Menn,F90-94 90-94 år,2025,Personer,8
3114 Våler (Østfold),1 Menn,F95-99 95-99 år,2025,Personer,0
3114 Våler (Østfold),1 Menn,F100G5+ 100 år eller eldre,2025,Personer,0
3116 Skiptvet,2 Kvinner,F00-04 0-4 år,2025,Personer,68
3116 Skiptvet,2 Kvinner,F05-09 5-9 år,2025,Personer,107
3116 Skiptvet,2 Kvinner,F10-14 10-14 år,2025,Personer,128
3116 Skiptvet,2 Kvinner,F15-19 15-19 år,2025,Personer,134
3116 Skiptvet,2 Kvinner,F20-24 20-24 år,2025,Personer,107
3116 Skiptvet,2 Kvinner,F25-29 25-29 år,2025,Personer,107
3116 Skiptvet,2 Kvinner,F30-34 30-34 år,2025,Personer,118
3116 Skiptvet,2 Kvinner,F35-39 35-39 år,2025,Personer,122
3116 Skiptvet,2 Kvinner,F40-44 40-44 år,2025,Personer,142
3116 Skiptvet,2 Kvinner,F45-49 45-49 år,2025,Personer,123
3116 Skiptvet,2 Kvinner,F50-54 50-54 år,2025,Personer,127
3116 Skiptvet,2 Kvinner,F55-59 55-59 år,2025,Personer,129
3116 Skiptvet,2 Kvinner,F60-64 60-64 år,2025,Personer,119
3116 Skiptvet,2 Kvinner,F65-69 65-69 år,2025,Personer,116
3116 Skiptvet,2 Kvinner,F70-74 70-74 år,2025,Personer,105
3116 Skiptvet,2 Kvinner,F75-79 75-79 år,2025,Personer,94
3116 Skiptvet,2 Kvinner,F80-84 80-84 år,2025,Personer,53
3116 Skiptvet,2 Kvinner,F85-89 85-89 år,2025,Personer,32
3116 Skiptvet,2 Kvinner,F90-94 90-94 år,2025,Personer,14
3116 Skiptvet,2 Kvinner,F95-99 95-99 år,2025,Personer,4
3116 Skiptvet,2 Kvinner,F100G5+ 100 år eller eldre,2025,Personer,0
3116 Skiptvet,1 Menn,F00-04 0-4 år,2025,Personer,94
3116 Skiptvet,1 Menn,F05-09 5-9 år,2025,Personer,102
3116 Skiptvet,1 Menn,F10-14 10-14 år,2025,Personer,136
3116 Skiptvet,1 Menn,F15-19 15-19 år,2025,Personer,135
3116 Skiptvet,1 Menn,F20-24 20-24 år,2025,Personer,119
3116 Skiptvet,1 Menn,F25-29 25-29 år,2025,Personer,91
3116 Skiptvet,1 Menn,F30-34 30-34 år,2025,Personer,123
3116 Skiptvet,1 Menn,F35-39 35-39 år,2025,Personer,125
3116 Skiptvet,1 Menn,F40-44 40-44 år,2025,Personer,135
3116 Skiptvet,1 Menn,F45-49 45-49 år,2025,Personer,147
3116 Skiptvet,1 Menn,F50-54 50-54 år,2025,Personer,144
3116 Skiptvet,1 Menn,F55-59 55-59 år,2025,Personer,138
3116 Skiptvet,1 Menn,F60-64 60-64 år,2025,Personer,151
3116 Skiptvet,1 Menn,F65-69 65-69 år,2025,Personer,105
3116 Skiptvet,1 Menn,F70-74 70-74 år,2025,Personer,92
3116 Skiptvet,1 Menn,F75-79 75-79 år,2025,Personer,101
3116 Skiptvet,1 Menn,F80-84 80-84 år,2025,Personer,43
3116 Skiptvet,1 Menn,F85-89 85-89 år,2025,Personer,15
3116 Skiptvet,1 Menn,F90-94 90-94 år,2025,Personer,5
3116 Skiptvet,1 Menn,F95-99 95-99 år,2025,Personer,5
3116 Skiptvet,1 Menn,F100G5+ 100 år eller eldre,2025,Personer,1
3118 Indre Østfold,2 Kvinner,F00-04 0-4 år,2025,Personer,1075
3118 Indre Østfold,2 Kvinner,F05-09 5-9 år,2025,Personer,1247
3118 Indre Østfold,2 Kvinner,F10-14 10-14 år,2025,Personer,1372
3118 Indre Østfold,2 Kvinner,F15-19 15-19 år,2025,Personer,1396
3118 Indre Østfold,2 Kvinner,F20-24 20-24 år,2025,Personer,1100
3118 Indre Østfold,2 Kvinner,F25-29 25-29 år,2025,Personer,1221
3118 Indre Østfold,2 Kvinner,F30-34 30-34 år,2025,Personer,1511
3118 Indre Østfold,2 Kvinner,F35-39 35-39 år,2025,Personer,1520
3118 Indre Østfold,2 Kvinner,F40-44 40-44 år,2025,Personer,1574
3118 Indre Østfold,2 Kvinner,F45-49 45-49 år,2025,Personer,1497
3118 Indre Østfold,2 Kvinner,F50-54 50-54 år,2025,Personer,1643
3118 Indre Østfold,2 Kvinner,F55-59 55-59 år,2025,Personer,1746
3118 Indre Østfold,2 Kvinner,F60-64 60-64 år,2025,Personer,1429
3118 Indre Østfold,2 Kvinner,F65-69 65-69 år,2025,Personer,1376
3118 Indre Østfold,2 Kvinner,F70-74 70-74 år,2025,Personer,1232
3118 Indre Østfold,2 Kvinner,F75-79 75-79 år,2025,Personer,1124
3118 Indre Østfold,2 Kvinner,F80-84 80-84 år,2025,Personer,752
3118 Indre Østfold,2 Kvinner,F85-89 85-89 år,2025,Personer,358
3118 Indre Østfold,2 Kvinner,F90-94 90-94 år,2025,Personer,191
3118 Indre Østfold,2 Kvinner,F95-99 95-99 år,2025,Personer,64
3118 Indre Østfold,2 Kvinner,F100G5+ 100 år eller eldre,2025,Personer,5
3118 Indre Østfold,1 Menn,F00-04 0-4 år,2025,Personer,1128
3118 Indre Østfold,1 Menn,F05-09 5-9 år,2025,Personer,1305
3118 Indre Østfold,1 Menn,F10-14 10-14 år,2025,Personer,1458
3118 Indre Østfold,1 Menn,F15-19 15-19 år,2025,Personer,1494
3118 Indre Østfold,1 Menn,F20-24 20-24 år,2025,Personer,1328
3118 Indre Østfold,1 Menn,F25-29 25-29 år,2025,Personer,1420
3118 Indre Østfold,1 Menn,F30-34 30-34 år,2025,Personer,1504
3118 Indre Østfold,1 Menn,F35-39 35-39 år,2025,Personer,1638
3118 Indre Østfold,1 Menn,F40-44 40-44 år,2025,Personer,1569
3118 Indre Østfold,1 Menn,F45-49 45-49 år,2025,Personer,1613
3118 Indre Østfold,1 Menn,F50-54 50-54 år,2025,Personer,1823
3118 Indre Østfold,1 Menn,F55-59 55-59 år,2025,Personer,1782
3118 Indre Østfold,1 Menn,F60-64 60-64 år,2025,Personer,1510
3118 Indre Østfold,1 Menn,F65-69 65-69 år,2025,Personer,1321
3118 Indre Østfold,1 Menn,F70-74 70-74 år,2025,Personer,1114
3118 Indre Østfold,1 Menn,F75-79 75-79 år,2025,Personer,999
3118 Indre Østfold,1 Menn,F80-84 80-84 år,2025,Personer,607
3118 Indre Østfold,1 Menn,F85-89 85-89 år,2025,Personer,272
3118 Indre Østfold,1 Menn,F90-94 90-94 år,2025,Personer,103
3118 Indre Østfold,1 Menn,F95-99 95-99 år,2025,Personer,27
3118 Indre Østfold,1 Menn,F100G5+ 100 år eller eldre,2025,Personer,1
3120 Rakkestad,2 Kvinner,F00-04 0-4 år,2025,Personer,193
3120 Rakkestad,2 Kvinner,F05-09 5-9 år,2025,Personer,214
3120 Rakkestad,2 Kvinner,F10-14 10-14 år,2025,Personer,253
3120 Rakkestad,2 Kvinner,F15-19 15-19 år,2025,Personer,208
3120 Rakkestad,2 Kvinner,F20-24 20-24 år,2025,Personer,210
3120 Rakkestad,2 Kvinner,F25-29 25-29 år,2025,Personer,218
3120 Rakkestad,2 Kvinner,F30-34 30-34 år,2025,Personer,285
3120 Rakkestad,2 Kvinner,F35-39 35-39 år,2025,Personer,238
3120 Rakkestad,2 Kvinner,F40-44 40-44 år,2025,Personer,270
3120 Rakkestad,2 Kvinner,F45-49 45-49 år,2025,Personer,257
3120 Rakkestad,2 Kvinner,F50-54 50-54 år,2025,Personer,291
3120 Rakkestad,2 Kvinner,F55-59 55-59 år,2025,Personer,286
3120 Rakkestad,2 Kvinner,F60-64 60-64 år,2025,Personer,280
3120 Rakkestad,2 Kvinner,F65-69 65-69 år,2025,Personer,264
3120 Rakkestad,2 Kvinner,F70-74 70-74 år,2025,Personer,260
3120 Rakkestad,2 Kvinner,F75-79 75-79 år,2025,Personer,213
3120 Rakkestad,2 Kvinner,F80-84 80-84 år,2025,Personer,121
3120 Rakkestad,2 Kvinner,F85-89 85-89 år,2025,Personer,78
3120 Rakkestad,2 Kvinner,F90-94 90-94 år,2025,Personer,46
3120 Rakkestad,2 Kvinner,F95-99 95-99 år,2025,Personer,14
3120 Rakkestad,2 Kvinner,F100G5+ 100 år eller eldre,2025,Personer,1
3120 Rakkestad,1 Menn,F00-04 0-4 år,2025,Personer,194
3120 Rakkestad,1 Menn,F05-09 5-9 år,2025,Personer,241
3120 Rakkestad,1 Menn,F10-14 10-14 år,2025,Personer,254
3120 Rakkestad,1 Menn,F15-19 15-19 år,2025,Personer,245
3120 Rakkestad,1 Menn,F20-24 20-24 år,2025,Personer,251
3120 Rakkestad,1 Menn,F25-29 25-29 år,2025,Personer,239
3120 Rakkestad,1 Menn,F30-34 30-34 år,2025,Personer,263
3120 Rakkestad,1 Menn,F35-39 35-39 år,2025,Personer,259
3120 Rakkestad,1 Menn,F40-44 40-44 år,2025,Personer,277
3120 Rakkestad,1 Menn,F45-49 45-49 år,2025,Personer,306
3120 Rakkestad,1 Menn,F50-54 50-54 år,2025,Personer,312
3120 Rakkestad,1 Menn,F55-59 55-59 år,2025,Personer,315
3120 Rakkestad,1 Menn,F60-64 60-64 år,2025,Personer,267
3120 Rakkestad,1 Menn,F65-69 65-69 år,2025,Personer,284
3120 Rakkestad,1 Menn,F70-74 70-74 år,2025,Personer,238
3120 Rakkestad,1 Menn,F75-79 75-79 år,2025,Personer,210
3120 Rakkestad,1 Menn,F80-84 80-84 år,2025,Personer,102
3120 Rakkestad,1 Menn,F85-89 85-89 år,2025,Personer,45
3120 Rakkestad,1 Menn,F90-94 90-94 år,2025,Personer,19
3120 Rakkestad,1 Menn,F95-99 95-99 år,2025,Personer,4
3120 Rakkestad,1 Menn,F100G5+ 100 år eller eldre,2025,Personer,2
3122 Marker,2 Kvinner,F00-04 0-4 år,2025,Personer,78
3122 Marker,2 Kvinner,F05-09 5-9 år,2025,Personer,76
3122 Marker,2 Kvinner,F10-14 10-14 år,2025,Personer,90
3122 Marker,2 Kvinner,F15-19 15-19 år,2025,Personer,82
3122 Marker,2 Kvinner,F20-24 20-24 år,2025,Personer,84
3122 Marker,2 Kvinner,F25-29 25-29 år,2025,Personer,87
3122 Marker,2 Kvinner,F30-34 30-34 år,2025,Personer,96
3122 Marker,2 Kvinner,F35-39 35-39 år,2025,Personer,106
3122 Marker,2 Kvinner,F40-44 40-44 år,2025,Personer,92
3122 Marker,2 Kvinner,F45-49 45-49 år,2025,Personer,95
3122 Marker,2 Kvinner,F50-54 50-54 år,2025,Personer,131
3122 Marker,2 Kvinner,F55-59 55-59 år,2025,Personer,138
3122 Marker,2 Kvinner,F60-64 60-64 år,2025,Personer,130
3122 Marker,2 Kvinner,F65-69 65-69 år,2025,Personer,116
3122 Marker,2 Kvinner,F70-74 70-74 år,2025,Personer,106
3122 Marker,2 Kvinner,F75-79 75-79 år,2025,Personer,114
3122 Marker,2 Kvinner,F80-84 80-84 år,2025,Personer,81
3122 Marker,2 Kvinner,F85-89 85-89 år,2025,Personer,60
3122 Marker,2 Kvinner,F90-94 90-94 år,2025,Personer,16
3122 Marker,2 Kvinner,F95-99 95-99 år,2025,Personer,2
3122 Marker,2 Kvinner,F100G5+ 100 år eller eldre,2025,Personer,0
3122 Marker,1 Menn,F00-04 0-4 år,2025,Personer,71
3122 Marker,1 Menn,F05-09 5-9 år,2025,Personer,97
3122 Marker,1 Menn,F10-14 10-14 år,2025,Personer,100
3122 Marker,1 Menn,F15-19 15-19 år,2025,Personer,99
3122 Marker,1 Menn,F20-24 20-24 år,2025,Personer,107
3122 Marker,1 Menn,F25-29 25-29 år,2025,Personer,85
3122 Marker,1 Menn,F30-34 30-34 år,2025,Personer,102
3122 Marker,1 Menn,F35-39 35-39 år,2025,Personer,107
3122 Marker,1 Menn,F40-44 40-44 år,2025,Personer,95
3122 Marker,1 Menn,F45-49 45-49 år,2025,Personer,101
3122 Marker,1 Menn,F50-54 50-54 år,2025,Personer,128
3122 Marker,1 Menn,F55-59 55-59 år,2025,Personer,152
3122 Marker,1 Menn,F60-64 60-64 år,2025,Personer,153
3122 Marker,1 Menn,F65-69 65-69 år,2025,Personer,126
3122 Marker,1 Menn,F70-74 70-74 år,2025,Personer,114
3122 Marker,1 Menn,F75-79 75-79 år,2025,Personer,115
3122 Marker,1 Menn,F80-84 80-84 år,2025,Personer,71
3122 Marker,1 Menn,F85-89 85-89 år,2025,Personer,31
3122 Marker,1 Menn,F90-94 90-94 år,2025,Personer,18
3122 Marker,1 Menn,F95-99 95-99 år,2025,Personer,3
3122 Marker,1 Menn,F100G5+ 100 år eller eldre,2025,Personer,0
3124 Aremark,2 Kvinner,F00-04 0-4 år,2025,Personer,35
3124 Aremark,2 Kvinner,F05-09 5-9 år,2025,Personer,30
3124 Aremark,2 Kvinner,F10-14 10-14 år,2025,Personer,29
3124 Aremark,2 Kvinner,F15-19 15-19 år,2025,Personer,33
3124 Aremark,2 Kvinner,F20-24 20-24 år,2025,Personer,26
3124 Aremark,2 Kvinner,F25-29 25-29 år,2025,Personer,34
3124 Aremark,2 Kvinner,F30-34 30-34 år,2025,Personer,37
3124 Aremark,2 Kvinner,F35-39 35-39 år,2025,Personer,34
3124 Aremark,2 Kvinner,F40-44 40-44 år,2025,Personer,29
3124 Aremark,2 Kvinner,F45-49 45-49 år,2025,Personer,33
3124 Aremark,2 Kvinner,F50-54 50-54 år,2025,Personer,50
3124 Aremark,2 Kvinner,F55-59 55-59 år,2025,Personer,58
3124 Aremark,2 Kvinner,F60-64 60-64 år,2025,Personer,54
3124 Aremark,2 Kvinner,F65-69 65-69 år,2025,Personer,53
3124 Aremark,2 Kvinner,F70-74 70-74 år,2025,Personer,31
3124 Aremark,2 Kvinner,F75-79 75-79 år,2025,Personer,37
3124 Aremark,2 Kvinner,F80-84 80-84 år,2025,Personer,25
3124 Aremark,2 Kvinner,F85-89 85-89 år,2025,Personer,19
3124 Aremark,2 Kvinner,F90-94 90-94 år,2025,Personer,3
3124 Aremark,2 Kvinner,F95-99 95-99 år,2025,Personer,1
3124 Aremark,2 Kvinner,F100G5+ 100 år eller eldre,2025,Personer,1
3124 Aremark,1 Menn,F00-04 0-4 år,2025,Personer,28
3124 Aremark,1 Menn,F05-09 5-9 år,2025,Personer,27
3124 Aremark,1 Menn,F10-14 10-14 år,2025,Personer,36
3124 Aremark,1 Menn,F15-19 15-19 år,2025,Personer,43
3124 Aremark,1 Menn,F20-24 20-24 år,2025,Personer,40
3124 Aremark,1 Menn,F25-29 25-29 år,2025,Personer,32
3124 Aremark,1 Menn,F30-34 30-34 år,2025,Personer,40
3124 Aremark,1 Menn,F35-39 35-39 år,2025,Personer,29
3124 Aremark,1 Menn,F40-44 40-44 år,2025,Personer,38
3124 Aremark,1 Menn,F45-49 45-49 år,2025,Personer,29
3124 Aremark,1 Menn,F50-54 50-54 år,2025,Personer,47
3124 Aremark,1 Menn,F55-59 55-59 år,2025,Personer,67
3124 Aremark,1 Menn,F60-64 60-64 år,2025,Personer,55
3124 Aremark,1 Menn,F65-69 65-69 år,2025,Personer,54
3124 Aremark,1 Menn,F70-74 70-74 år,2025,Personer,48
3124 Aremark,1 Menn,F75-79 75-79 år,2025,Personer,37
3124 Aremark,1 Menn,F80-84 80-84 år,2025,Personer,24
3124 Aremark,1 Menn,F85-89 85-89 år,2025,Personer,12
3124 Aremark,1 Menn,F90-94 90-94 år,2025,Personer,8
3124 Aremark,1 Menn,F95-99 95-99 år,2025,Personer,0
3124 Aremark,1 Menn,F100G5+ 100 år eller eldre,2025,Personer,0
3201 Bærum,2 Kvinner,F00-04 0-4 år,2025,Personer,3495
3201 Bærum,2 Kvinner,F05-09 5-9 år,2025,Personer,3934
3201 Bærum,2 Kvinner,F10-14 10-14 år,2025,Personer,4187
3201 Bærum,2 Kvinner,F15-19 15-19 år,2025,Personer,4274
3201 Bærum,2 Kvinner,F20-24 20-24 år,2025,Personer,3302
3201 Bærum,2 Kvinner,F25-29 25-29 år,2025,Personer,2900
3201 Bærum,2 Kvinner,F30-34 30-34 år,2025,Personer,3789
3201 Bærum,2 Kvinner,F35-39 35-39 år,2025,Personer,4693
3201 Bærum,2 Kvinner,F40-44 40-44 år,2025,Personer,4803
3201 Bærum,2 Kvinner,F45-49 45-49 år,2025,Personer,4551
3201 Bærum,2 Kvinner,F50-54 50-54 år,2025,Personer,4688
3201 Bærum,2 Kvinner,F55-59 55-59 år,2025,Personer,4324
3201 Bærum,2 Kvinner,F60-64 60-64 år,2025,Personer,4146
3201 Bærum,2 Kvinner,F65-69 65-69 år,2025,Personer,3499
3201 Bærum,2 Kvinner,F70-74 70-74 år,2025,Personer,2830
3201 Bærum,2 Kvinner,F75-79 75-79 år,2025,Personer,2771
3201 Bærum,2 Kvinner,F80-84 80-84 år,2025,Personer,1886
3201 Bærum,2 Kvinner,F85-89 85-89 år,2025,Personer,1283
3201 Bærum,2 Kvinner,F90-94 90-94 år,2025,Personer,674
3201 Bærum,2 Kvinner,F95-99 95-99 år,2025,Personer,224
3201 Bærum,2 Kvinner,F100G5+ 100 år eller eldre,2025,Personer,34
3201 Bærum,1 Menn,F00-04 0-4 år,2025,Personer,3657
3201 Bærum,1 Menn,F05-09 5-9 år,2025,Personer,4357
3201 Bærum,1 Menn,F10-14 10-14 år,2025,Personer,4455
3201 Bærum,1 Menn,F15-19 15-19 år,2025,Personer,4539
3201 Bærum,1 Menn,F20-24 20-24 år,2025,Personer,3533
3201 Bærum,1 Menn,F25-29 25-29 år,2025,Personer,3031
3201 Bærum,1 Menn,F30-34 30-34 år,2025,Personer,3616
3201 Bærum,1 Menn,F35-39 35-39 år,2025,Personer,4649
3201 Bærum,1 Menn,F40-44 40-44 år,2025,Personer,4880
3201 Bærum,1 Menn,F45-49 45-49 år,2025,Personer,4752
3201 Bærum,1 Menn,F50-54 50-54 år,2025,Personer,4850
3201 Bærum,1 Menn,F55-59 55-59 år,2025,Personer,4358
3201 Bærum,1 Menn,F60-64 60-64 år,2025,Personer,4036
3201 Bærum,1 Menn,F65-69 65-69 år,2025,Personer,3532
3201 Bærum,1 Menn,F70-74 70-74 år,2025,Personer,2676
3201 Bærum,1 Menn,F75-79 75-79 år,2025,Personer,2435
3201 Bærum,1 Menn,F80-84 80-84 år,2025,Personer,1471
3201 Bærum,1 Menn,F85-89 85-89 år,2025,Personer,794
3201 Bærum,1 Menn,F90-94 90-94 år,2025,Personer,333
3201 Bærum,1 Menn,F95-99 95-99 år,2025,Personer,104
3201 Bærum,1 Menn,F100G5+ 100 år eller eldre,2025,Personer,13
3203 Asker,2 Kvinner,F00-04 0-4 år,2025,Personer,2551
3203 Asker,2 Kvinner,F05-09 5-9 år,2025,Personer,3003
3203 Asker,2 Kvinner,F10-14 10-14 år,2025,Personer,3210
3203 Asker,2 Kvinner,F15-19 15-19 år,2025,Personer,3195
3203 Asker,2 Kvinner,F20-24 20-24 år,2025,Personer,2521
3203 Asker,2 Kvinner,F25-29 25-29 år,2025,Personer,2151
3203 Asker,2 Kvinner,F30-34 30-34 år,2025,Personer,2759
3203 Asker,2 Kvinner,F35-39 35-39 år,2025,Personer,3594
3203 Asker,2 Kvinner,F40-44 40-44 år,2025,Personer,3544
3203 Asker,2 Kvinner,F45-49 45-49 år,2025,Personer,3496
3203 Asker,2 Kvinner,F50-54 50-54 år,2025,Personer,3693
3203 Asker,2 Kvinner,F55-59 55-59 år,2025,Personer,3625
3203 Asker,2 Kvinner,F60-64 60-64 år,2025,Personer,3147
3203 Asker,2 Kvinner,F65-69 65-69 år,2025,Personer,2530
3203 Asker,2 Kvinner,F70-74 70-74 år,2025,Personer,2255
3203 Asker,2 Kvinner,F75-79 75-79 år,2025,Personer,2072
3203 Asker,2 Kvinner,F80-84 80-84 år,2025,Personer,1426
3203 Asker,2 Kvinner,F85-89 85-89 år,2025,Personer,877
3203 Asker,2 Kvinner,F90-94 90-94 år,2025,Personer,362
3203 Asker,2 Kvinner,F95-99 95-99 år,2025,Personer,104
3203 Asker,2 Kvinner,F100G5+ 100 år eller eldre,2025,Personer,13
3203 Asker,1 Menn,F00-04 0-4 år,2025,Personer,2622
3203 Asker,1 Menn,F05-09 5-9 år,2025,Personer,3137
3203 Asker,1 Menn,F10-14 10-14 år,2025,Personer,3418
3203 Asker,1 Menn,F15-19 15-19 år,2025,Personer,3485
3203 Asker,1 Menn,F20-24 20-24 år,2025,Personer,2649
3203 Asker,1 Menn,F25-29 25-29 år,2025,Personer,2307
3203 Asker,1 Menn,F30-34 30-34 år,2025,Personer,2724
3203 Asker,1 Menn,F35-39 35-39 år,2025,Personer,3477
3203 Asker,1 Menn,F40-44 40-44 år,2025,Personer,3685
3203 Asker,1 Menn,F45-49 45-49 år,2025,Personer,3580
3203 Asker,1 Menn,F50-54 50-54 år,2025,Personer,3698
3203 Asker,1 Menn,F55-59 55-59 år,2025,Personer,3663
3203 Asker,1 Menn,F60-64 60-64 år,2025,Personer,3226
3203 Asker,1 Menn,F65-69 65-69 år,2025,Personer,2620
3203 Asker,1 Menn,F70-74 70-74 år,2025,Personer,2064
3203 Asker,1 Menn,F75-79 75-79 år,2025,Personer,1936
3203 Asker,1 Menn,F80-84 80-84 år,2025,Personer,1229
3203 Asker,1 Menn,F85-89 85-89 år,2025,Personer,574
3203 Asker,1 Menn,F90-94 90-94 år,2025,Personer,214
3203 Asker,1 Menn,F95-99 95-99 år,2025,Personer,54
3203 Asker,1 Menn,F100G5+ 100 år eller eldre,2025,Personer,2
3205 Lillestrøm,2 Kvinner,F00-04 0-4 år,2025,Personer,2419
3205 Lillestrøm,2 Kvinner,F05-09 5-9 år,2025,Personer,2686
3205 Lillestrøm,2 Kvinner,F10-14 10-14 år,2025,Personer,2923
3205 Lillestrøm,2 Kvinner,F15-19 15-19 år,2025,Personer,2975
3205 Lillestrøm,2 Kvinner,F20-24 20-24 år,2025,Personer,2685
3205 Lillestrøm,2 Kvinner,F25-29 25-29 år,2025,Personer,3016
3205 Lillestrøm,2 Kvinner,F30-34 30-34 år,2025,Personer,3305
3205 Lillestrøm,2 Kvinner,F35-39 35-39 år,2025,Personer,3384
3205 Lillestrøm,2 Kvinner,F40-44 40-44 år,2025,Personer,3359
3205 Lillestrøm,2 Kvinner,F45-49 45-49 år,2025,Personer,3213
3205 Lillestrøm,2 Kvinner,F50-54 50-54 år,2025,Personer,3319
3205 Lillestrøm,2 Kvinner,F55-59 55-59 år,2025,Personer,3204
3205 Lillestrøm,2 Kvinner,F60-64 60-64 år,2025,Personer,2516
3205 Lillestrøm,2 Kvinner,F65-69 65-69 år,2025,Personer,2087
3205 Lillestrøm,2 Kvinner,F70-74 70-74 år,2025,Personer,1768
3205 Lillestrøm,2 Kvinner,F75-79 75-79 år,2025,Personer,1728
3205 Lillestrøm,2 Kvinner,F80-84 80-84 år,2025,Personer,1273
3205 Lillestrøm,2 Kvinner,F85-89 85-89 år,2025,Personer,716
3205 Lillestrøm,2 Kvinner,F90-94 90-94 år,2025,Personer,312
3205 Lillestrøm,2 Kvinner,F95-99 95-99 år,2025,Personer,89
3205 Lillestrøm,2 Kvinner,F100G5+ 100 år eller eldre,2025,Personer,15
3205 Lillestrøm,1 Menn,F00-04 0-4 år,2025,Personer,2475
3205 Lillestrøm,1 Menn,F05-09 5-9 år,2025,Personer,2747
3205 Lillestrøm,1 Menn,F10-14 10-14 år,2025,Personer,2969
3205 Lillestrøm,1 Menn,F15-19 15-19 år,2025,Personer,3231
3205 Lillestrøm,1 Menn,F20-24 20-24 år,2025,Personer,2939
3205 Lillestrøm,1 Menn,F25-29 25-29 år,2025,Personer,3166
3205 Lillestrøm,1 Menn,F30-34 30-34 år,2025,Personer,3582
3205 Lillestrøm,1 Menn,F35-39 35-39 år,2025,Personer,3702
3205 Lillestrøm,1 Menn,F40-44 40-44 år,2025,Personer,3560
3205 Lillestrøm,1 Menn,F45-49 45-49 år,2025,Personer,3482
3205 Lillestrøm,1 Menn,F50-54 50-54 år,2025,Personer,3753
3205 Lillestrøm,1 Menn,F55-59 55-59 år,2025,Personer,3462
3205 Lillestrøm,1 Menn,F60-64 60-64 år,2025,Personer,2814
3205 Lillestrøm,1 Menn,F65-69 65-69 år,2025,Personer,2095
3205 Lillestrøm,1 Menn,F70-74 70-74 år,2025,Personer,1642
3205 Lillestrøm,1 Menn,F75-79 75-79 år,2025,Personer,1514
3205 Lillestrøm,1 Menn,F80-84 80-84 år,2025,Personer,953
3205 Lillestrøm,1 Menn,F85-89 85-89 år,2025,Personer,489
3205 Lillestrøm,1 Menn,F90-94 90-94 år,2025,Personer,170
3205 Lillestrøm,1 Menn,F95-99 95-99 år,2025,Personer,25
3205 Lillestrøm,1 Menn,F100G5+ 100 år eller eldre,2025,Personer,0
3207 Nordre Follo,2 Kvinner,F00-04 0-4 år,2025,Personer,1724
3207 Nordre Follo,2 Kvinner,F05-09 5-9 år,2025,Personer,1965
3207 Nordre Follo,2 Kvinner,F10-14 10-14 år,2025,Personer,2077
3207 Nordre Follo,2 Kvinner,F15-19 15-19 år,2025,Personer,2205
3207 Nordre Follo,2 Kvinner,F20-24 20-24 år,2025,Personer,1702
3207 Nordre Follo,2 Kvinner,F25-29 25-29 år,2025,Personer,1506
3207 Nordre Follo,2 Kvinner,F30-34 30-34 år,2025,Personer,1962
3207 Nordre Follo,2 Kvinner,F35-39 35-39 år,2025,Personer,2298
3207 Nordre Follo,2 Kvinner,F40-44 40-44 år,2025,Personer,2201
3207 Nordre Follo,2 Kvinner,F45-49 45-49 år,2025,Personer,2271
3207 Nordre Follo,2 Kvinner,F50-54 50-54 år,2025,Personer,2319
3207 Nordre Follo,2 Kvinner,F55-59 55-59 år,2025,Personer,2137
3207 Nordre Follo,2 Kvinner,F60-64 60-64 år,2025,Personer,1839
3207 Nordre Follo,2 Kvinner,F65-69 65-69 år,2025,Personer,1632
3207 Nordre Follo,2 Kvinner,F70-74 70-74 år,2025,Personer,1308
3207 Nordre Follo,2 Kvinner,F75-79 75-79 år,2025,Personer,1395
3207 Nordre Follo,2 Kvinner,F80-84 80-84 år,2025,Personer,955
3207 Nordre Follo,2 Kvinner,F85-89 85-89 år,2025,Personer,554
3207 Nordre Follo,2 Kvinner,F90-94 90-94 år,2025,Personer,268
3207 Nordre Follo,2 Kvinner,F95-99 95-99 år,2025,Personer,70
3207 Nordre Follo,2 Kvinner,F100G5+ 100 år eller eldre,2025,Personer,6
3207 Nordre Follo,1 Menn,F00-04 0-4 år,2025,Personer,1752
3207 Nordre Follo,1 Menn,F05-09 5-9 år,2025,Personer,2024
3207 Nordre Follo,1 Menn,F10-14 10-14 år,2025,Personer,2164
3207 Nordre Follo,1 Menn,F15-19 15-19 år,2025,Personer,2327
3207 Nordre Follo,1 Menn,F20-24 20-24 år,2025,Personer,1869
3207 Nordre Follo,1 Menn,F25-29 25-29 år,2025,Personer,1626
3207 Nordre Follo,1 Menn,F30-34 30-34 år,2025,Personer,1932
3207 Nordre Follo,1 Menn,F35-39 35-39 år,2025,Personer,2297
3207 Nordre Follo,1 Menn,F40-44 40-44 år,2025,Personer,2256
3207 Nordre Follo,1 Menn,F45-49 45-49 år,2025,Personer,2244
3207 Nordre Follo,1 Menn,F50-54 50-54 år,2025,Personer,2306
3207 Nordre Follo,1 Menn,F55-59 55-59 år,2025,Personer,2196
3207 Nordre Follo,1 Menn,F60-64 60-64 år,2025,Personer,1846
3207 Nordre Follo,1 Menn,F65-69 65-69 år,2025,Personer,1654
3207 Nordre Follo,1 Menn,F70-74 70-74 år,2025,Personer,1262
3207 Nordre Follo,1 Menn,F75-79 75-79 år,2025,Personer,1188
3207 Nordre Follo,1 Menn,F80-84 80-84 år,2025,Personer,807
3207 Nordre Follo,1 Menn,F85-89 85-89 år,2025,Personer,371
3207 Nordre Follo,1 Menn,F90-94 90-94 år,2025,Personer,124
3207 Nordre Follo,1 Menn,F95-99 95-99 år,2025,Personer,26
3207 Nordre Follo,1 Menn,F100G5+ 100 år eller eldre,2025,Personer,3
3209 Ullensaker,2 Kvinner,F00-04 0-4 år,2025,Personer,1155
3209 Ullensaker,2 Kvinner,F05-09 5-9 år,2025,Personer,1357
3209 Ullensaker,2 Kvinner,F10-14 10-14 år,2025,Personer,1495
3209 Ullensaker,2 Kvinner,F15-19 15-19 år,2025,Personer,1475
3209 Ullensaker,2 Kvinner,F20-24 20-24 år,2025,Personer,1349
3209 Ullensaker,2 Kvinner,F25-29 25-29 år,2025,Personer,1365
3209 Ullensaker,2 Kvinner,F30-34 30-34 år,2025,Personer,1604
3209 Ullensaker,2 Kvinner,F35-39 35-39 år,2025,Personer,1778
3209 Ullensaker,2 Kvinner,F40-44 40-44 år,2025,Personer,1634
3209 Ullensaker,2 Kvinner,F45-49 45-49 år,2025,Personer,1497
3209 Ullensaker,2 Kvinner,F50-54 50-54 år,2025,Personer,1662
3209 Ullensaker,2 Kvinner,F55-59 55-59 år,2025,Personer,1350
3209 Ullensaker,2 Kvinner,F60-64 60-64 år,2025,Personer,1080
3209 Ullensaker,2 Kvinner,F65-69 65-69 år,2025,Personer,839
3209 Ullensaker,2 Kvinner,F70-74 70-74 år,2025,Personer,797
3209 Ullensaker,2 Kvinner,F75-79 75-79 år,2025,Personer,724
3209 Ullensaker,2 Kvinner,F80-84 80-84 år,2025,Personer,497
3209 Ullensaker,2 Kvinner,F85-89 85-89 år,2025,Personer,254
3209 Ullensaker,2 Kvinner,F90-94 90-94 år,2025,Personer,97
3209 Ullensaker,2 Kvinner,F95-99 95-99 år,2025,Personer,18
3209 Ullensaker,2 Kvinner,F100G5+ 100 år eller eldre,2025,Personer,4
3209 Ullensaker,1 Menn,F00-04 0-4 år,2025,Personer,1229
3209 Ullensaker,1 Menn,F05-09 5-9 år,2025,Personer,1383
3209 Ullensaker,1 Menn,F10-14 10-14 år,2025,Personer,1544
3209 Ullensaker,1 Menn,F15-19 15-19 år,2025,Personer,1532
3209 Ullensaker,1 Menn,F20-24 20-24 år,2025,Personer,1397
3209 Ullensaker,1 Menn,F25-29 25-29 år,2025,Personer,1502
3209 Ullensaker,1 Menn,F30-34 30-34 år,2025,Personer,1800
3209 Ullensaker,1 Menn,F35-39 35-39 år,2025,Personer,1854
3209 Ullensaker,1 Menn,F40-44 40-44 år,2025,Personer,1756
3209 Ullensaker,1 Menn,F45-49 45-49 år,2025,Personer,1668
3209 Ullensaker,1 Menn,F50-54 50-54 år,2025,Personer,1743
3209 Ullensaker,1 Menn,F55-59 55-59 år,2025,Personer,1600
3209 Ullensaker,1 Menn,F60-64 60-64 år,2025,Personer,1197
3209 Ullensaker,1 Menn,F65-69 65-69 år,2025,Personer,890
3209 Ullensaker,1 Menn,F70-74 70-74 år,2025,Personer,681
3209 Ullensaker,1 Menn,F75-79 75-79 år,2025,Personer,630
3209 Ullensaker,1 Menn,F80-84 80-84 år,2025,Personer,369
3209 Ullensaker,1 Menn,F85-89 85-89 år,2025,Personer,188
3209 Ullensaker,1 Menn,F90-94 90-94 år,2025,Personer,59
3209 Ullensaker,1 Menn,F95-99 95-99 år,2025,Personer,9
3209 Ullensaker,1 Menn,F100G5+ 100 år eller eldre,2025,Personer,4
3212 Nesodden,2 Kvinner,F00-04 0-4 år,2025,Personer,533
3212 Nesodden,2 Kvinner,F05-09 5-9 år,2025,Personer,653
3212 Nesodden,2 Kvinner,F10-14 10-14 år,2025,Personer,670
3212 Nesodden,2 Kvinner,F15-19 15-19 år,2025,Personer,658
3212 Nesodden,2 Kvinner,F20-24 20-24 år,2025,Personer,457
3212 Nesodden,2 Kvinner,F25-29 25-29 år,2025,Personer,359
3212 Nesodden,2 Kvinner,F30-34 30-34 år,2025,Personer,536
3212 Nesodden,2 Kvinner,F35-39 35-39 år,2025,Personer,709
3212 Nesodden,2 Kvinner,F40-44 40-44 år,2025,Personer,813
3212 Nesodden,2 Kvinner,F45-49 45-49 år,2025,Personer,818
3212 Nesodden,2 Kvinner,F50-54 50-54 år,2025,Personer,796
3212 Nesodden,2 Kvinner,F55-59 55-59 år,2025,Personer,752
3212 Nesodden,2 Kvinner,F60-64 60-64 år,2025,Personer,707
3212 Nesodden,2 Kvinner,F65-69 65-69 år,2025,Personer,625
3212 Nesodden,2 Kvinner,F70-74 70-74 år,2025,Personer,522
3212 Nesodden,2 Kvinner,F75-79 75-79 år,2025,Personer,433
3212 Nesodden,2 Kvinner,F80-84 80-84 år,2025,Personer,278
3212 Nesodden,2 Kvinner,F85-89 85-89 år,2025,Personer,151
3212 Nesodden,2 Kvinner,F90-94 90-94 år,2025,Personer,82
3212 Nesodden,2 Kvinner,F95-99 95-99 år,2025,Personer,21
3212 Nesodden,2 Kvinner,F100G5+ 100 år eller eldre,2025,Personer,2
3212 Nesodden,1 Menn,F00-04 0-4 år,2025,Personer,498
3212 Nesodden,1 Menn,F05-09 5-9 år,2025,Personer,722
3212 Nesodden,1 Menn,F10-14 10-14 år,2025,Personer,796
3212 Nesodden,1 Menn,F15-19 15-19 år,2025,Personer,662
3212 Nesodden,1 Menn,F20-24 20-24 år,2025,Personer,530
3212 Nesodden,1 Menn,F25-29 25-29 år,2025,Personer,380
3212 Nesodden,1 Menn,F30-34 30-34 år,2025,Personer,489
3212 Nesodden,1 Menn,F35-39 35-39 år,2025,Personer,628
3212 Nesodden,1 Menn,F40-44 40-44 år,2025,Personer,731
3212 Nesodden,1 Menn,F45-49 45-49 år,2025,Personer,734
3212 Nesodden,1 Menn,F50-54 50-54 år,2025,Personer,754
3212 Nesodden,1 Menn,F55-59 55-59 år,2025,Personer,739
3212 Nesodden,1 Menn,F60-64 60-64 år,2025,Personer,628
3212 Nesodden,1 Menn,F65-69 65-69 år,2025,Personer,579
3212 Nesodden,1 Menn,F70-74 70-74 år,2025,Personer,474
3212 Nesodden,1 Menn,F75-79 75-79 år,2025,Personer,420
3212 Nesodden,1 Menn,F80-84 80-84 år,2025,Personer,212
3212 Nesodden,1 Menn,F85-89 85-89 år,2025,Personer,107
3212 Nesodden,1 Menn,F90-94 90-94 år,2025,Personer,31
3212 Nesodden,1 Menn,F95-99 95-99 år,2025,Personer,7
3212 Nesodden,1 Menn,F100G5+ 100 år eller eldre,2025,Personer,2
3214 Frogn,2 Kvinner,F00-04 0-4 år,2025,Personer,288
3214 Frogn,2 Kvinner,F05-09 5-9 år,2025,Personer,362
3214 Frogn,2 Kvinner,F10-14 10-14 år,2025,Personer,447
3214 Frogn,2 Kvinner,F15-19 15-19 år,2025,Personer,544
3214 Frogn,2 Kvinner,F20-24 20-24 år,2025,Personer,387
3214 Frogn,2 Kvinner,F25-29 25-29 år,2025,Personer,350
3214 Frogn,2 Kvinner,F30-34 30-34 år,2025,Personer,407
3214 Frogn,2 Kvinner,F35-39 35-39 år,2025,Personer,411
3214 Frogn,2 Kvinner,F40-44 40-44 år,2025,Personer,494
3214 Frogn,2 Kvinner,F45-49 45-49 år,2025,Personer,523
3214 Frogn,2 Kvinner,F50-54 50-54 år,2025,Personer,658
3214 Frogn,2 Kvinner,F55-59 55-59 år,2025,Personer,747
3214 Frogn,2 Kvinner,F60-64 60-64 år,2025,Personer,636
3214 Frogn,2 Kvinner,F65-69 65-69 år,2025,Personer,557
3214 Frogn,2 Kvinner,F70-74 70-74 år,2025,Personer,443
3214 Frogn,2 Kvinner,F75-79 75-79 år,2025,Personer,440
3214 Frogn,2 Kvinner,F80-84 80-84 år,2025,Personer,323
3214 Frogn,2 Kvinner,F85-89 85-89 år,2025,Personer,155
3214 Frogn,2 Kvinner,F90-94 90-94 år,2025,Personer,64
3214 Frogn,2 Kvinner,F95-99 95-99 år,2025,Personer,17
3214 Frogn,2 Kvinner,F100G5+ 100 år eller eldre,2025,Personer,2
3214 Frogn,1 Menn,F00-04 0-4 år,2025,Personer,344
3214 Frogn,1 Menn,F05-09 5-9 år,2025,Personer,401
3214 Frogn,1 Menn,F10-14 10-14 år,2025,Personer,489
3214 Frogn,1 Menn,F15-19 15-19 år,2025,Personer,574
3214 Frogn,1 Menn,F20-24 20-24 år,2025,Personer,403
3214 Frogn,1 Menn,F25-29 25-29 år,2025,Personer,388
3214 Frogn,1 Menn,F30-34 30-34 år,2025,Personer,387
3214 Frogn,1 Menn,F35-39 35-39 år,2025,Personer,444
3214 Frogn,1 Menn,F40-44 40-44 år,2025,Personer,443
3214 Frogn,1 Menn,F45-49 45-49 år,2025,Personer,498
3214 Frogn,1 Menn,F50-54 50-54 år,2025,Personer,660
3214 Frogn,1 Menn,F55-59 55-59 år,2025,Personer,646
3214 Frogn,1 Menn,F60-64 60-64 år,2025,Personer,625
3214 Frogn,1 Menn,F65-69 65-69 år,2025,Personer,539
3214 Frogn,1 Menn,F70-74 70-74 år,2025,Personer,408
3214 Frogn,1 Menn,F75-79 75-79 år,2025,Personer,407
3214 Frogn,1 Menn,F80-84 80-84 år,2025,Personer,277
3214 Frogn,1 Menn,F85-89 85-89 år,2025,Personer,107
3214 Frogn,1 Menn,F90-94 90-94 år,2025,Personer,36
3214 Frogn,1 Menn,F95-99 95-99 år,2025,Personer,6
3214 Frogn,1 Menn,F100G5+ 100 år eller eldre,2025,Personer,0
3216 Vestby,2 Kvinner,F00-04 0-4 år,2025,Personer,506
3216 Vestby,2 Kvinner,F05-09 5-9 år,2025,Personer,625
3216 Vestby,2 Kvinner,F10-14 10-14 år,2025,Personer,683
3216 Vestby,2 Kvinner,F15-19 15-19 år,2025,Personer,622
3216 Vestby,2 Kvinner,F20-24 20-24 år,2025,Personer,470
3216 Vestby,2 Kvinner,F25-29 25-29 år,2025,Personer,429
3216 Vestby,2 Kvinner,F30-34 30-34 år,2025,Personer,591
3216 Vestby,2 Kvinner,F35-39 35-39 år,2025,Personer,707
3216 Vestby,2 Kvinner,F40-44 40-44 år,2025,Personer,697
3216 Vestby,2 Kvinner,F45-49 45-49 år,2025,Personer,717
3216 Vestby,2 Kvinner,F50-54 50-54 år,2025,Personer,765
3216 Vestby,2 Kvinner,F55-59 55-59 år,2025,Personer,655
3216 Vestby,2 Kvinner,F60-64 60-64 år,2025,Personer,545
3216 Vestby,2 Kvinner,F65-69 65-69 år,2025,Personer,492
3216 Vestby,2 Kvinner,F70-74 70-74 år,2025,Personer,477
3216 Vestby,2 Kvinner,F75-79 75-79 år,2025,Personer,489
3216 Vestby,2 Kvinner,F80-84 80-84 år,2025,Personer,300
3216 Vestby,2 Kvinner,F85-89 85-89 år,2025,Personer,110
3216 Vestby,2 Kvinner,F90-94 90-94 år,2025,Personer,63
3216 Vestby,2 Kvinner,F95-99 95-99 år,2025,Personer,11
3216 Vestby,2 Kvinner,F100G5+ 100 år eller eldre,2025,Personer,4
3216 Vestby,1 Menn,F00-04 0-4 år,2025,Personer,517
3216 Vestby,1 Menn,F05-09 5-9 år,2025,Personer,648
3216 Vestby,1 Menn,F10-14 10-14 år,2025,Personer,687
3216 Vestby,1 Menn,F15-19 15-19 år,2025,Personer,679
3216 Vestby,1 Menn,F20-24 20-24 år,2025,Personer,508
3216 Vestby,1 Menn,F25-29 25-29 år,2025,Personer,449
3216 Vestby,1 Menn,F30-34 30-34 år,2025,Personer,580
3216 Vestby,1 Menn,F35-39 35-39 år,2025,Personer,686
3216 Vestby,1 Menn,F40-44 40-44 år,2025,Personer,709
3216 Vestby,1 Menn,F45-49 45-49 år,2025,Personer,655
3216 Vestby,1 Menn,F50-54 50-54 år,2025,Personer,813
3216 Vestby,1 Menn,F55-59 55-59 år,2025,Personer,731
3216 Vestby,1 Menn,F60-64 60-64 år,2025,Personer,575
3216 Vestby,1 Menn,F65-69 65-69 år,2025,Personer,445
3216 Vestby,1 Menn,F70-74 70-74 år,2025,Personer,422
3216 Vestby,1 Menn,F75-79 75-79 år,2025,Personer,426
3216 Vestby,1 Menn,F80-84 80-84 år,2025,Personer,249
3216 Vestby,1 Menn,F85-89 85-89 år,2025,Personer,93
3216 Vestby,1 Menn,F90-94 90-94 år,2025,Personer,21
3216 Vestby,1 Menn,F95-99 95-99 år,2025,Personer,3
3216 Vestby,1 Menn,F100G5+ 100 år eller eldre,2025,Personer,1
3218 Ås,2 Kvinner,F00-04 0-4 år,2025,Personer,593
3218 Ås,2 Kvinner,F05-09 5-9 år,2025,Personer,632
3218 Ås,2 Kvinner,F10-14 10-14 år,2025,Personer,634
3218 Ås,2 Kvinner,F15-19 15-19 år,2025,Personer,651
3218 Ås,2 Kvinner,F20-24 20-24 år,2025,Personer,1003
3218 Ås,2 Kvinner,F25-29 25-29 år,2025,Personer,909
3218 Ås,2 Kvinner,F30-34 30-34 år,2025,Personer,784
3218 Ås,2 Kvinner,F35-39 35-39 år,2025,Personer,797
3218 Ås,2 Kvinner,F40-44 40-44 år,2025,Personer,750
3218 Ås,2 Kvinner,F45-49 45-49 år,2025,Personer,676
3218 Ås,2 Kvinner,F50-54 50-54 år,2025,Personer,670
3218 Ås,2 Kvinner,F55-59 55-59 år,2025,Personer,693
3218 Ås,2 Kvinner,F60-64 60-64 år,2025,Personer,569
3218 Ås,2 Kvinner,F65-69 65-69 år,2025,Personer,472
3218 Ås,2 Kvinner,F70-74 70-74 år,2025,Personer,378
3218 Ås,2 Kvinner,F75-79 75-79 år,2025,Personer,389
3218 Ås,2 Kvinner,F80-84 80-84 år,2025,Personer,266
3218 Ås,2 Kvinner,F85-89 85-89 år,2025,Personer,164
3218 Ås,2 Kvinner,F90-94 90-94 år,2025,Personer,79
3218 Ås,2 Kvinner,F95-99 95-99 år,2025,Personer,20
3218 Ås,2 Kvinner,F100G5+ 100 år eller eldre,2025,Personer,4
3218 Ås,1 Menn,F00-04 0-4 år,2025,Personer,597
3218 Ås,1 Menn,F05-09 5-9 år,2025,Personer,625
3218 Ås,1 Menn,F10-14 10-14 år,2025,Personer,697
3218 Ås,1 Menn,F15-19 15-19 år,2025,Personer,691
3218 Ås,1 Menn,F20-24 20-24 år,2025,Personer,875
3218 Ås,1 Menn,F25-29 25-29 år,2025,Personer,861
3218 Ås,1 Menn,F30-34 30-34 år,2025,Personer,801
3218 Ås,1 Menn,F35-39 35-39 år,2025,Personer,908
3218 Ås,1 Menn,F40-44 40-44 år,2025,Personer,784
3218 Ås,1 Menn,F45-49 45-49 år,2025,Personer,752
3218 Ås,1 Menn,F50-54 50-54 år,2025,Personer,738
3218 Ås,1 Menn,F55-59 55-59 år,2025,Personer,653
3218 Ås,1 Menn,F60-64 60-64 år,2025,Personer,614
3218 Ås,1 Menn,F65-69 65-69 år,2025,Personer,467
3218 Ås,1 Menn,F70-74 70-74 år,2025,Personer,383
3218 Ås,1 Menn,F75-79 75-79 år,2025,Personer,362
3218 Ås,1 Menn,F80-84 80-84 år,2025,Personer,229
3218 Ås,1 Menn,F85-89 85-89 år,2025,Personer,112
3218 Ås,1 Menn,F90-94 90-94 år,2025,Personer,49
3218 Ås,1 Menn,F95-99 95-99 år,2025,Personer,13
3218 Ås,1 Menn,F100G5+ 100 år eller eldre,2025,Personer,0
3220 Enebakk,2 Kvinner,F00-04 0-4 år,2025,Personer,269
3220 Enebakk,2 Kvinner,F05-09 5-9 år,2025,Personer,295
3220 Enebakk,2 Kvinner,F10-14 10-14 år,2025,Personer,390
3220 Enebakk,2 Kvinner,F15-19 15-19 år,2025,Personer,397
3220 Enebakk,2 Kvinner,F20-24 20-24 år,2025,Personer,266
3220 Enebakk,2 Kvinner,F25-29 25-29 år,2025,Personer,251
3220 Enebakk,2 Kvinner,F30-34 30-34 år,2025,Personer,332
3220 Enebakk,2 Kvinner,F35-39 35-39 år,2025,Personer,408
3220 Enebakk,2 Kvinner,F40-44 40-44 år,2025,Personer,400
3220 Enebakk,2 Kvinner,F45-49 45-49 år,2025,Personer,429
3220 Enebakk,2 Kvinner,F50-54 50-54 år,2025,Personer,444
3220 Enebakk,2 Kvinner,F55-59 55-59 år,2025,Personer,397
3220 Enebakk,2 Kvinner,F60-64 60-64 år,2025,Personer,336
3220 Enebakk,2 Kvinner,F65-69 65-69 år,2025,Personer,294
3220 Enebakk,2 Kvinner,F70-74 70-74 år,2025,Personer,214
3220 Enebakk,2 Kvinner,F75-79 75-79 år,2025,Personer,248
3220 Enebakk,2 Kvinner,F80-84 80-84 år,2025,Personer,140
3220 Enebakk,2 Kvinner,F85-89 85-89 år,2025,Personer,55
3220 Enebakk,2 Kvinner,F90-94 90-94 år,2025,Personer,31
3220 Enebakk,2 Kvinner,F95-99 95-99 år,2025,Personer,8
3220 Enebakk,2 Kvinner,F100G5+ 100 år eller eldre,2025,Personer,0
3220 Enebakk,1 Menn,F00-04 0-4 år,2025,Personer,261
3220 Enebakk,1 Menn,F05-09 5-9 år,2025,Personer,319
3220 Enebakk,1 Menn,F10-14 10-14 år,2025,Personer,406
3220 Enebakk,1 Menn,F15-19 15-19 år,2025,Personer,441
3220 Enebakk,1 Menn,F20-24 20-24 år,2025,Personer,298
3220 Enebakk,1 Menn,F25-29 25-29 år,2025,Personer,312
3220 Enebakk,1 Menn,F30-34 30-34 år,2025,Personer,312
3220 Enebakk,1 Menn,F35-39 35-39 år,2025,Personer,407
3220 Enebakk,1 Menn,F40-44 40-44 år,2025,Personer,465
3220 Enebakk,1 Menn,F45-49 45-49 år,2025,Personer,481
3220 Enebakk,1 Menn,F50-54 50-54 år,2025,Personer,493
3220 Enebakk,1 Menn,F55-59 55-59 år,2025,Personer,440
3220 Enebakk,1 Menn,F60-64 60-64 år,2025,Personer,371
3220 Enebakk,1 Menn,F65-69 65-69 år,2025,Personer,289
3220 Enebakk,1 Menn,F70-74 70-74 år,2025,Personer,242
3220 Enebakk,1 Menn,F75-79 75-79 år,2025,Personer,221
3220 Enebakk,1 Menn,F80-84 80-84 år,2025,Personer,132
3220 Enebakk,1 Menn,F85-89 85-89 år,2025,Personer,40
3220 Enebakk,1 Menn,F90-94 90-94 år,2025,Personer,13
3220 Enebakk,1 Menn,F95-99 95-99 år,2025,Personer,2
3220 Enebakk,1 Menn,F100G5+ 100 år eller eldre,2025,Personer,0
3222 Lørenskog,2 Kvinner,F00-04 0-4 år,2025,Personer,1452
3222 Lørenskog,2 Kvinner,F05-09 5-9 år,2025,Personer,1446
3222 Lørenskog,2 Kvinner,F10-14 10-14 år,2025,Personer,1356
3222 Lørenskog,2 Kvinner,F15-19 15-19 år,2025,Personer,1385
3222 Lørenskog,2 Kvinner,F20-24 20-24 år,2025,Personer,1468
3222 Lørenskog,2 Kvinner,F25-29 25-29 år,2025,Personer,1877
3222 Lørenskog,2 Kvinner,F30-34 30-34 år,2025,Personer,2003
3222 Lørenskog,2 Kvinner,F35-39 35-39 år,2025,Personer,1927
3222 Lørenskog,2 Kvinner,F40-44 40-44 år,2025,Personer,1631
3222 Lørenskog,2 Kvinner,F45-49 45-49 år,2025,Personer,1617
3222 Lørenskog,2 Kvinner,F50-54 50-54 år,2025,Personer,1577
3222 Lørenskog,2 Kvinner,F55-59 55-59 år,2025,Personer,1582
3222 Lørenskog,2 Kvinner,F60-64 60-64 år,2025,Personer,1346
3222 Lørenskog,2 Kvinner,F65-69 65-69 år,2025,Personer,1089
3222 Lørenskog,2 Kvinner,F70-74 70-74 år,2025,Personer,991
3222 Lørenskog,2 Kvinner,F75-79 75-79 år,2025,Personer,1031
3222 Lørenskog,2 Kvinner,F80-84 80-84 år,2025,Personer,537
3222 Lørenskog,2 Kvinner,F85-89 85-89 år,2025,Personer,304
3222 Lørenskog,2 Kvinner,F90-94 90-94 år,2025,Personer,135
3222 Lørenskog,2 Kvinner,F95-99 95-99 år,2025,Personer,30
3222 Lørenskog,2 Kvinner,F100G5+ 100 år eller eldre,2025,Personer,2
3222 Lørenskog,1 Menn,F00-04 0-4 år,2025,Personer,1478
3222 Lørenskog,1 Menn,F05-09 5-9 år,2025,Personer,1505
3222 Lørenskog,1 Menn,F10-14 10-14 år,2025,Personer,1419
3222 Lørenskog,1 Menn,F15-19 15-19 år,2025,Personer,1505
3222 Lørenskog,1 Menn,F20-24 20-24 år,2025,Personer,1561
3222 Lørenskog,1 Menn,F25-29 25-29 år,2025,Personer,1805
3222 Lørenskog,1 Menn,F30-34 30-34 år,2025,Personer,2089
3222 Lørenskog,1 Menn,F35-39 35-39 år,2025,Personer,2084
3222 Lørenskog,1 Menn,F40-44 40-44 år,2025,Personer,1868
3222 Lørenskog,1 Menn,F45-49 45-49 år,2025,Personer,1726
3222 Lørenskog,1 Menn,F50-54 50-54 år,2025,Personer,1664
3222 Lørenskog,1 Menn,F55-59 55-59 år,2025,Personer,1574
3222 Lørenskog,1 Menn,F60-64 60-64 år,2025,Personer,1339
3222 Lørenskog,1 Menn,F65-69 65-69 år,2025,Personer,1118
3222 Lørenskog,1 Menn,F70-74 70-74 år,2025,Personer,836
3222 Lørenskog,1 Menn,F75-79 75-79 år,2025,Personer,835
3222 Lørenskog,1 Menn,F80-84 80-84 år,2025,Personer,487
3222 Lørenskog,1 Menn,F85-89 85-89 år,2025,Personer,246
3222 Lørenskog,1 Menn,F90-94 90-94 år,2025,Personer,77
3222 Lørenskog,1 Menn,F95-99 95-99 år,2025,Personer,10
3222 Lørenskog,1 Menn,F100G5+ 100 år eller eldre,2025,Personer,1
3224 Rælingen,2 Kvinner,F00-04 0-4 år,2025,Personer,594
3224 Rælingen,2 Kvinner,F05-09 5-9 år,2025,Personer,633
3224 Rælingen,2 Kvinner,F10-14 10-14 år,2025,Personer,647
3224 Rælingen,2 Kvinner,F15-19 15-19 år,2025,Personer,619
3224 Rælingen,2 Kvinner,F20-24 20-24 år,2025,Personer,515
3224 Rælingen,2 Kvinner,F25-29 25-29 år,2025,Personer,560
3224 Rælingen,2 Kvinner,F30-34 30-34 år,2025,Personer,733
3224 Rælingen,2 Kvinner,F35-39 35-39 år,2025,Personer,789
3224 Rælingen,2 Kvinner,F40-44 40-44 år,2025,Personer,819
3224 Rælingen,2 Kvinner,F45-49 45-49 år,2025,Personer,713
3224 Rælingen,2 Kvinner,F50-54 50-54 år,2025,Personer,688
3224 Rælingen,2 Kvinner,F55-59 55-59 år,2025,Personer,637
3224 Rælingen,2 Kvinner,F60-64 60-64 år,2025,Personer,543
3224 Rælingen,2 Kvinner,F65-69 65-69 år,2025,Personer,413
3224 Rælingen,2 Kvinner,F70-74 70-74 år,2025,Personer,357
3224 Rælingen,2 Kvinner,F75-79 75-79 år,2025,Personer,369
3224 Rælingen,2 Kvinner,F80-84 80-84 år,2025,Personer,213
3224 Rælingen,2 Kvinner,F85-89 85-89 år,2025,Personer,129
3224 Rælingen,2 Kvinner,F90-94 90-94 år,2025,Personer,40
3224 Rælingen,2 Kvinner,F95-99 95-99 år,2025,Personer,12
3224 Rælingen,2 Kvinner,F100G5+ 100 år eller eldre,2025,Personer,1
3224 Rælingen,1 Menn,F00-04 0-4 år,2025,Personer,611
3224 Rælingen,1 Menn,F05-09 5-9 år,2025,Personer,703
3224 Rælingen,1 Menn,F10-14 10-14 år,2025,Personer,705
3224 Rælingen,1 Menn,F15-19 15-19 år,2025,Personer,687
3224 Rælingen,1 Menn,F20-24 20-24 år,2025,Personer,608
3224 Rælingen,1 Menn,F25-29 25-29 år,2025,Personer,623
3224 Rælingen,1 Menn,F30-34 30-34 år,2025,Personer,732
3224 Rælingen,1 Menn,F35-39 35-39 år,2025,Personer,874
3224 Rælingen,1 Menn,F40-44 40-44 år,2025,Personer,843
3224 Rælingen,1 Menn,F45-49 45-49 år,2025,Personer,774
3224 Rælingen,1 Menn,F50-54 50-54 år,2025,Personer,723
3224 Rælingen,1 Menn,F55-59 55-59 år,2025,Personer,711
3224 Rælingen,1 Menn,F60-64 60-64 år,2025,Personer,526
3224 Rælingen,1 Menn,F65-69 65-69 år,2025,Personer,430
3224 Rælingen,1 Menn,F70-74 70-74 år,2025,Personer,340
3224 Rælingen,1 Menn,F75-79 75-79 år,2025,Personer,301
3224 Rælingen,1 Menn,F80-84 80-84 år,2025,Personer,190
3224 Rælingen,1 Menn,F85-89 85-89 år,2025,Personer,79
3224 Rælingen,1 Menn,F90-94 90-94 år,2025,Personer,21
3224 Rælingen,1 Menn,F95-99 95-99 år,2025,Personer,3
3224 Rælingen,1 Menn,F100G5+ 100 år eller eldre,2025,Personer,1
3226 Aurskog-Høland,2 Kvinner,F00-04 0-4 år,2025,Personer,399
3226 Aurskog-Høland,2 Kvinner,F05-09 5-9 år,2025,Personer,499
3226 Aurskog-Høland,2 Kvinner,F10-14 10-14 år,2025,Personer,573
3226 Aurskog-Høland,2 Kvinner,F15-19 15-19 år,2025,Personer,547
3226 Aurskog-Høland,2 Kvinner,F20-24 20-24 år,2025,Personer,402
3226 Aurskog-Høland,2 Kvinner,F25-29 25-29 år,2025,Personer,406
3226 Aurskog-Høland,2 Kvinner,F30-34 30-34 år,2025,Personer,542
3226 Aurskog-Høland,2 Kvinner,F35-39 35-39 år,2025,Personer,610
3226 Aurskog-Høland,2 Kvinner,F40-44 40-44 år,2025,Personer,605
3226 Aurskog-Høland,2 Kvinner,F45-49 45-49 år,2025,Personer,617
3226 Aurskog-Høland,2 Kvinner,F50-54 50-54 år,2025,Personer,689
3226 Aurskog-Høland,2 Kvinner,F55-59 55-59 år,2025,Personer,653
3226 Aurskog-Høland,2 Kvinner,F60-64 60-64 år,2025,Personer,557
3226 Aurskog-Høland,2 Kvinner,F65-69 65-69 år,2025,Personer,499
3226 Aurskog-Høland,2 Kvinner,F70-74 70-74 år,2025,Personer,469
3226 Aurskog-Høland,2 Kvinner,F75-79 75-79 år,2025,Personer,477
3226 Aurskog-Høland,2 Kvinner,F80-84 80-84 år,2025,Personer,308
3226 Aurskog-Høland,2 Kvinner,F85-89 85-89 år,2025,Personer,176
3226 Aurskog-Høland,2 Kvinner,F90-94 90-94 år,2025,Personer,74
3226 Aurskog-Høland,2 Kvinner,F95-99 95-99 år,2025,Personer,25
3226 Aurskog-Høland,2 Kvinner,F100G5+ 100 år eller eldre,2025,Personer,2
3226 Aurskog-Høland,1 Menn,F00-04 0-4 år,2025,Personer,446
3226 Aurskog-Høland,1 Menn,F05-09 5-9 år,2025,Personer,488
3226 Aurskog-Høland,1 Menn,F10-14 10-14 år,2025,Personer,543
3226 Aurskog-Høland,1 Menn,F15-19 15-19 år,2025,Personer,555
3226 Aurskog-Høland,1 Menn,F20-24 20-24 år,2025,Personer,437
3226 Aurskog-Høland,1 Menn,F25-29 25-29 år,2025,Personer,468
3226 Aurskog-Høland,1 Menn,F30-34 30-34 år,2025,Personer,537
3226 Aurskog-Høland,1 Menn,F35-39 35-39 år,2025,Personer,579
3226 Aurskog-Høland,1 Menn,F40-44 40-44 år,2025,Personer,628
3226 Aurskog-Høland,1 Menn,F45-49 45-49 år,2025,Personer,608
3226 Aurskog-Høland,1 Menn,F50-54 50-54 år,2025,Personer,716
3226 Aurskog-Høland,1 Menn,F55-59 55-59 år,2025,Personer,741
3226 Aurskog-Høland,1 Menn,F60-64 60-64 år,2025,Personer,618
3226 Aurskog-Høland,1 Menn,F65-69 65-69 år,2025,Personer,539
3226 Aurskog-Høland,1 Menn,F70-74 70-74 år,2025,Personer,459
3226 Aurskog-Høland,1 Menn,F75-79 75-79 år,2025,Personer,418
3226 Aurskog-Høland,1 Menn,F80-84 80-84 år,2025,Personer,242
3226 Aurskog-Høland,1 Menn,F85-89 85-89 år,2025,Personer,114
3226 Aurskog-Høland,1 Menn,F90-94 90-94 år,2025,Personer,39
3226 Aurskog-Høland,1 Menn,F95-99 95-99 år,2025,Personer,8
3226 Aurskog-Høland,1 Menn,F100G5+ 100 år eller eldre,2025,Personer,2
3228 Nes,2 Kvinner,F00-04 0-4 år,2025,Personer,600
3228 Nes,2 Kvinner,F05-09 5-9 år,2025,Personer,755
3228 Nes,2 Kvinner,F10-14 10-14 år,2025,Personer,753
3228 Nes,2 Kvinner,F15-19 15-19 år,2025,Personer,706
3228 Nes,2 Kvinner,F20-24 20-24 år,2025,Personer,554
3228 Nes,2 Kvinner,F25-29 25-29 år,2025,Personer,626
3228 Nes,2 Kvinner,F30-34 30-34 år,2025,Personer,836
3228 Nes,2 Kvinner,F35-39 35-39 år,2025,Personer,987
3228 Nes,2 Kvinner,F40-44 40-44 år,2025,Personer,807
3228 Nes,2 Kvinner,F45-49 45-49 år,2025,Personer,823
3228 Nes,2 Kvinner,F50-54 50-54 år,2025,Personer,890
3228 Nes,2 Kvinner,F55-59 55-59 år,2025,Personer,890
3228 Nes,2 Kvinner,F60-64 60-64 år,2025,Personer,729
3228 Nes,2 Kvinner,F65-69 65-69 år,2025,Personer,683
3228 Nes,2 Kvinner,F70-74 70-74 år,2025,Personer,591
3228 Nes,2 Kvinner,F75-79 75-79 år,2025,Personer,523
3228 Nes,2 Kvinner,F80-84 80-84 år,2025,Personer,264
3228 Nes,2 Kvinner,F85-89 85-89 år,2025,Personer,166
3228 Nes,2 Kvinner,F90-94 90-94 år,2025,Personer,80
3228 Nes,2 Kvinner,F95-99 95-99 år,2025,Personer,21
3228 Nes,2 Kvinner,F100G5+ 100 år eller eldre,2025,Personer,5
3228 Nes,1 Menn,F00-04 0-4 år,2025,Personer,675
3228 Nes,1 Menn,F05-09 5-9 år,2025,Personer,804
3228 Nes,1 Menn,F10-14 10-14 år,2025,Personer,777
3228 Nes,1 Menn,F15-19 15-19 år,2025,Personer,707
3228 Nes,1 Menn,F20-24 20-24 år,2025,Personer,663
3228 Nes,1 Menn,F25-29 25-29 år,2025,Personer,663
3228 Nes,1 Menn,F30-34 30-34 år,2025,Personer,859
3228 Nes,1 Menn,F35-39 35-39 år,2025,Personer,907
3228 Nes,1 Menn,F40-44 40-44 år,2025,Personer,898
3228 Nes,1 Menn,F45-49 45-49 år,2025,Personer,868
3228 Nes,1 Menn,F50-54 50-54 år,2025,Personer,866
3228 Nes,1 Menn,F55-59 55-59 år,2025,Personer,938
3228 Nes,1 Menn,F60-64 60-64 år,2025,Personer,786
3228 Nes,1 Menn,F65-69 65-69 år,2025,Personer,704
3228 Nes,1 Menn,F70-74 70-74 år,2025,Personer,570
3228 Nes,1 Menn,F75-79 75-79 år,2025,Personer,523
3228 Nes,1 Menn,F80-84 80-84 år,2025,Personer,260
3228 Nes,1 Menn,F85-89 85-89 år,2025,Personer,106
3228 Nes,1 Menn,F90-94 90-94 år,2025,Personer,29
3228 Nes,1 Menn,F95-99 95-99 år,2025,Personer,5
3228 Nes,1 Menn,F100G5+ 100 år eller eldre,2025,Personer,0
3230 Gjerdrum,2 Kvinner,F00-04 0-4 år,2025,Personer,169
3230 Gjerdrum,2 Kvinner,F05-09 5-9 år,2025,Personer,178
3230 Gjerdrum,2 Kvinner,F10-14 10-14 år,2025,Personer,196
3230 Gjerdrum,2 Kvinner,F15-19 15-19 år,2025,Personer,240
3230 Gjerdrum,2 Kvinner,F20-24 20-24 år,2025,Personer,197
3230 Gjerdrum,2 Kvinner,F25-29 25-29 år,2025,Personer,159
3230 Gjerdrum,2 Kvinner,F30-34 30-34 år,2025,Personer,210
3230 Gjerdrum,2 Kvinner,F35-39 35-39 år,2025,Personer,222
3230 Gjerdrum,2 Kvinner,F40-44 40-44 år,2025,Personer,260
3230 Gjerdrum,2 Kvinner,F45-49 45-49 år,2025,Personer,255
3230 Gjerdrum,2 Kvinner,F50-54 50-54 år,2025,Personer,308
3230 Gjerdrum,2 Kvinner,F55-59 55-59 år,2025,Personer,271
3230 Gjerdrum,2 Kvinner,F60-64 60-64 år,2025,Personer,234
3230 Gjerdrum,2 Kvinner,F65-69 65-69 år,2025,Personer,172
3230 Gjerdrum,2 Kvinner,F70-74 70-74 år,2025,Personer,164
3230 Gjerdrum,2 Kvinner,F75-79 75-79 år,2025,Personer,156
3230 Gjerdrum,2 Kvinner,F80-84 80-84 år,2025,Personer,102
3230 Gjerdrum,2 Kvinner,F85-89 85-89 år,2025,Personer,48
3230 Gjerdrum,2 Kvinner,F90-94 90-94 år,2025,Personer,26
3230 Gjerdrum,2 Kvinner,F95-99 95-99 år,2025,Personer,4
3230 Gjerdrum,2 Kvinner,F100G5+ 100 år eller eldre,2025,Personer,1
3230 Gjerdrum,1 Menn,F00-04 0-4 år,2025,Personer,186
3230 Gjerdrum,1 Menn,F05-09 5-9 år,2025,Personer,216
3230 Gjerdrum,1 Menn,F10-14 10-14 år,2025,Personer,275
3230 Gjerdrum,1 Menn,F15-19 15-19 år,2025,Personer,272
3230 Gjerdrum,1 Menn,F20-24 20-24 år,2025,Personer,240
3230 Gjerdrum,1 Menn,F25-29 25-29 år,2025,Personer,160
3230 Gjerdrum,1 Menn,F30-34 30-34 år,2025,Personer,222
3230 Gjerdrum,1 Menn,F35-39 35-39 år,2025,Personer,272
3230 Gjerdrum,1 Menn,F40-44 40-44 år,2025,Personer,268
3230 Gjerdrum,1 Menn,F45-49 45-49 år,2025,Personer,258
3230 Gjerdrum,1 Menn,F50-54 50-54 år,2025,Personer,320
3230 Gjerdrum,1 Menn,F55-59 55-59 år,2025,Personer,328
3230 Gjerdrum,1 Menn,F60-64 60-64 år,2025,Personer,257
3230 Gjerdrum,1 Menn,F65-69 65-69 år,2025,Personer,183
3230 Gjerdrum,1 Menn,F70-74 70-74 år,2025,Personer,147
3230 Gjerdrum,1 Menn,F75-79 75-79 år,2025,Personer,147
3230 Gjerdrum,1 Menn,F80-84 80-84 år,2025,Personer,78
3230 Gjerdrum,1 Menn,F85-89 85-89 år,2025,Personer,37
3230 Gjerdrum,1 Menn,F90-94 90-94 år,2025,Personer,15
3230 Gjerdrum,1 Menn,F95-99 95-99 år,2025,Personer,0
3230 Gjerdrum,1 Menn,F100G5+ 100 år eller eldre,2025,Personer,0
3232 Nittedal,2 Kvinner,F00-04 0-4 år,2025,Personer,673
3232 Nittedal,2 Kvinner,F05-09 5-9 år,2025,Personer,798
3232 Nittedal,2 Kvinner,F10-14 10-14 år,2025,Personer,897
3232 Nittedal,2 Kvinner,F15-19 15-19 år,2025,Personer,893
3232 Nittedal,2 Kvinner,F20-24 20-24 år,2025,Personer,665
3232 Nittedal,2 Kvinner,F25-29 25-29 år,2025,Personer,566
3232 Nittedal,2 Kvinner,F30-34 30-34 år,2025,Personer,726
3232 Nittedal,2 Kvinner,F35-39 35-39 år,2025,Personer,946
3232 Nittedal,2 Kvinner,F40-44 40-44 år,2025,Personer,1019
3232 Nittedal,2 Kvinner,F45-49 45-49 år,2025,Personer,958
3232 Nittedal,2 Kvinner,F50-54 50-54 år,2025,Personer,1054
3232 Nittedal,2 Kvinner,F55-59 55-59 år,2025,Personer,920
3232 Nittedal,2 Kvinner,F60-64 60-64 år,2025,Personer,738
3232 Nittedal,2 Kvinner,F65-69 65-69 år,2025,Personer,522
3232 Nittedal,2 Kvinner,F70-74 70-74 år,2025,Personer,496
3232 Nittedal,2 Kvinner,F75-79 75-79 år,2025,Personer,457
3232 Nittedal,2 Kvinner,F80-84 80-84 år,2025,Personer,352
3232 Nittedal,2 Kvinner,F85-89 85-89 år,2025,Personer,162
3232 Nittedal,2 Kvinner,F90-94 90-94 år,2025,Personer,73
3232 Nittedal,2 Kvinner,F95-99 95-99 år,2025,Personer,11
3232 Nittedal,2 Kvinner,F100G5+ 100 år eller eldre,2025,Personer,3
3232 Nittedal,1 Menn,F00-04 0-4 år,2025,Personer,704
3232 Nittedal,1 Menn,F05-09 5-9 år,2025,Personer,866
3232 Nittedal,1 Menn,F10-14 10-14 år,2025,Personer,921
3232 Nittedal,1 Menn,F15-19 15-19 år,2025,Personer,948
3232 Nittedal,1 Menn,F20-24 20-24 år,2025,Personer,692
3232 Nittedal,1 Menn,F25-29 25-29 år,2025,Personer,621
3232 Nittedal,1 Menn,F30-34 30-34 år,2025,Personer,774
3232 Nittedal,1 Menn,F35-39 35-39 år,2025,Personer,852
3232 Nittedal,1 Menn,F40-44 40-44 år,2025,Personer,955
3232 Nittedal,1 Menn,F45-49 45-49 år,2025,Personer,981
3232 Nittedal,1 Menn,F50-54 50-54 år,2025,Personer,1096
3232 Nittedal,1 Menn,F55-59 55-59 år,2025,Personer,995
3232 Nittedal,1 Menn,F60-64 60-64 år,2025,Personer,779
3232 Nittedal,1 Menn,F65-69 65-69 år,2025,Personer,594
3232 Nittedal,1 Menn,F70-74 70-74 år,2025,Personer,420
3232 Nittedal,1 Menn,F75-79 75-79 år,2025,Personer,437
3232 Nittedal,1 Menn,F80-84 80-84 år,2025,Personer,278
3232 Nittedal,1 Menn,F85-89 85-89 år,2025,Personer,127
3232 Nittedal,1 Menn,F90-94 90-94 år,2025,Personer,48
3232 Nittedal,1 Menn,F95-99 95-99 år,2025,Personer,5
3232 Nittedal,1 Menn,F100G5+ 100 år eller eldre,2025,Personer,1
3234 Lunner,2 Kvinner,F00-04 0-4 år,2025,Personer,208
3234 Lunner,2 Kvinner,F05-09 5-9 år,2025,Personer,258
3234 Lunner,2 Kvinner,F10-14 10-14 år,2025,Personer,270
3234 Lunner,2 Kvinner,F15-19 15-19 år,2025,Personer,292
3234 Lunner,2 Kvinner,F20-24 20-24 år,2025,Personer,214
3234 Lunner,2 Kvinner,F25-29 25-29 år,2025,Personer,203
3234 Lunner,2 Kvinner,F30-34 30-34 år,2025,Personer,289
3234 Lunner,2 Kvinner,F35-39 35-39 år,2025,Personer,292
3234 Lunner,2 Kvinner,F40-44 40-44 år,2025,Personer,305
3234 Lunner,2 Kvinner,F45-49 45-49 år,2025,Personer,337
3234 Lunner,2 Kvinner,F50-54 50-54 år,2025,Personer,338
3234 Lunner,2 Kvinner,F55-59 55-59 år,2025,Personer,354
3234 Lunner,2 Kvinner,F60-64 60-64 år,2025,Personer,281
3234 Lunner,2 Kvinner,F65-69 65-69 år,2025,Personer,313
3234 Lunner,2 Kvinner,F70-74 70-74 år,2025,Personer,246
3234 Lunner,2 Kvinner,F75-79 75-79 år,2025,Personer,212
3234 Lunner,2 Kvinner,F80-84 80-84 år,2025,Personer,152
3234 Lunner,2 Kvinner,F85-89 85-89 år,2025,Personer,77
3234 Lunner,2 Kvinner,F90-94 90-94 år,2025,Personer,32
3234 Lunner,2 Kvinner,F95-99 95-99 år,2025,Personer,10
3234 Lunner,2 Kvinner,F100G5+ 100 år eller eldre,2025,Personer,2
3234 Lunner,1 Menn,F00-04 0-4 år,2025,Personer,239
3234 Lunner,1 Menn,F05-09 5-9 år,2025,Personer,234
3234 Lunner,1 Menn,F10-14 10-14 år,2025,Personer,290
3234 Lunner,1 Menn,F15-19 15-19 år,2025,Personer,294
3234 Lunner,1 Menn,F20-24 20-24 år,2025,Personer,238
3234 Lunner,1 Menn,F25-29 25-29 år,2025,Personer,218
3234 Lunner,1 Menn,F30-34 30-34 år,2025,Personer,271
3234 Lunner,1 Menn,F35-39 35-39 år,2025,Personer,298
3234 Lunner,1 Menn,F40-44 40-44 år,2025,Personer,335
3234 Lunner,1 Menn,F45-49 45-49 år,2025,Personer,303
3234 Lunner,1 Menn,F50-54 50-54 år,2025,Personer,366
3234 Lunner,1 Menn,F55-59 55-59 år,2025,Personer,389
3234 Lunner,1 Menn,F60-64 60-64 år,2025,Personer,294
3234 Lunner,1 Menn,F65-69 65-69 år,2025,Personer,309
3234 Lunner,1 Menn,F70-74 70-74 år,2025,Personer,268
3234 Lunner,1 Menn,F75-79 75-79 år,2025,Personer,211
3234 Lunner,1 Menn,F80-84 80-84 år,2025,Personer,110
3234 Lunner,1 Menn,F85-89 85-89 år,2025,Personer,47
3234 Lunner,1 Menn,F90-94 90-94 år,2025,Personer,19
3234 Lunner,1 Menn,F95-99 95-99 år,2025,Personer,2
3234 Lunner,1 Menn,F100G5+ 100 år eller eldre,2025,Personer,0
3236 Jevnaker,2 Kvinner,F00-04 0-4 år,2025,Personer,166
3236 Jevnaker,2 Kvinner,F05-09 5-9 år,2025,Personer,178
3236 Jevnaker,2 Kvinner,F10-14 10-14 år,2025,Personer,198
3236 Jevnaker,2 Kvinner,F15-19 15-19 år,2025,Personer,207
3236 Jevnaker,2 Kvinner,F20-24 20-24 år,2025,Personer,154
3236 Jevnaker,2 Kvinner,F25-29 25-29 år,2025,Personer,176
3236 Jevnaker,2 Kvinner,F30-34 30-34 år,2025,Personer,214
3236 Jevnaker,2 Kvinner,F35-39 35-39 år,2025,Personer,233
3236 Jevnaker,2 Kvinner,F40-44 40-44 år,2025,Personer,221
3236 Jevnaker,2 Kvinner,F45-49 45-49 år,2025,Personer,210
3236 Jevnaker,2 Kvinner,F50-54 50-54 år,2025,Personer,251
3236 Jevnaker,2 Kvinner,F55-59 55-59 år,2025,Personer,276
3236 Jevnaker,2 Kvinner,F60-64 60-64 år,2025,Personer,245
3236 Jevnaker,2 Kvinner,F65-69 65-69 år,2025,Personer,217
3236 Jevnaker,2 Kvinner,F70-74 70-74 år,2025,Personer,187
3236 Jevnaker,2 Kvinner,F75-79 75-79 år,2025,Personer,194
3236 Jevnaker,2 Kvinner,F80-84 80-84 år,2025,Personer,120
3236 Jevnaker,2 Kvinner,F85-89 85-89 år,2025,Personer,63
3236 Jevnaker,2 Kvinner,F90-94 90-94 år,2025,Personer,30
3236 Jevnaker,2 Kvinner,F95-99 95-99 år,2025,Personer,16
3236 Jevnaker,2 Kvinner,F100G5+ 100 år eller eldre,2025,Personer,1
3236 Jevnaker,1 Menn,F00-04 0-4 år,2025,Personer,157
3236 Jevnaker,1 Menn,F05-09 5-9 år,2025,Personer,211
3236 Jevnaker,1 Menn,F10-14 10-14 år,2025,Personer,215
3236 Jevnaker,1 Menn,F15-19 15-19 år,2025,Personer,200
3236 Jevnaker,1 Menn,F20-24 20-24 år,2025,Personer,161
3236 Jevnaker,1 Menn,F25-29 25-29 år,2025,Personer,190
3236 Jevnaker,1 Menn,F30-34 30-34 år,2025,Personer,217
3236 Jevnaker,1 Menn,F35-39 35-39 år,2025,Personer,240
3236 Jevnaker,1 Menn,F40-44 40-44 år,2025,Personer,219
3236 Jevnaker,1 Menn,F45-49 45-49 år,2025,Personer,209
3236 Jevnaker,1 Menn,F50-54 50-54 år,2025,Personer,253
3236 Jevnaker,1 Menn,F55-59 55-59 år,2025,Personer,257
3236 Jevnaker,1 Menn,F60-64 60-64 år,2025,Personer,245
3236 Jevnaker,1 Menn,F65-69 65-69 år,2025,Personer,209
3236 Jevnaker,1 Menn,F70-74 70-74 år,2025,Personer,178
3236 Jevnaker,1 Menn,F75-79 75-79 år,2025,Personer,175
3236 Jevnaker,1 Menn,F80-84 80-84 år,2025,Personer,88
3236 Jevnaker,1 Menn,F85-89 85-89 år,2025,Personer,51
3236 Jevnaker,1 Menn,F90-94 90-94 år,2025,Personer,9
3236 Jevnaker,1 Menn,F95-99 95-99 år,2025,Personer,2
3236 Jevnaker,1 Menn,F100G5+ 100 år eller eldre,2025,Personer,0
3238 Nannestad,2 Kvinner,F00-04 0-4 år,2025,Personer,487
3238 Nannestad,2 Kvinner,F05-09 5-9 år,2025,Personer,493
3238 Nannestad,2 Kvinner,F10-14 10-14 år,2025,Personer,519
3238 Nannestad,2 Kvinner,F15-19 15-19 år,2025,Personer,494
3238 Nannestad,2 Kvinner,F20-24 20-24 år,2025,Personer,417
3238 Nannestad,2 Kvinner,F25-29 25-29 år,2025,Personer,503
3238 Nannestad,2 Kvinner,F30-34 30-34 år,2025,Personer,633
3238 Nannestad,2 Kvinner,F35-39 35-39 år,2025,Personer,604
3238 Nannestad,2 Kvinner,F40-44 40-44 år,2025,Personer,589
3238 Nannestad,2 Kvinner,F45-49 45-49 år,2025,Personer,532
3238 Nannestad,2 Kvinner,F50-54 50-54 år,2025,Personer,579
3238 Nannestad,2 Kvinner,F55-59 55-59 år,2025,Personer,497
3238 Nannestad,2 Kvinner,F60-64 60-64 år,2025,Personer,382
3238 Nannestad,2 Kvinner,F65-69 65-69 år,2025,Personer,345
3238 Nannestad,2 Kvinner,F70-74 70-74 år,2025,Personer,271
3238 Nannestad,2 Kvinner,F75-79 75-79 år,2025,Personer,261
3238 Nannestad,2 Kvinner,F80-84 80-84 år,2025,Personer,181
3238 Nannestad,2 Kvinner,F85-89 85-89 år,2025,Personer,77
3238 Nannestad,2 Kvinner,F90-94 90-94 år,2025,Personer,42
3238 Nannestad,2 Kvinner,F95-99 95-99 år,2025,Personer,9
3238 Nannestad,2 Kvinner,F100G5+ 100 år eller eldre,2025,Personer,2
3238 Nannestad,1 Menn,F00-04 0-4 år,2025,Personer,488
3238 Nannestad,1 Menn,F05-09 5-9 år,2025,Personer,526
3238 Nannestad,1 Menn,F10-14 10-14 år,2025,Personer,502
3238 Nannestad,1 Menn,F15-19 15-19 år,2025,Personer,538
3238 Nannestad,1 Menn,F20-24 20-24 år,2025,Personer,491
3238 Nannestad,1 Menn,F25-29 25-29 år,2025,Personer,527
3238 Nannestad,1 Menn,F30-34 30-34 år,2025,Personer,689
3238 Nannestad,1 Menn,F35-39 35-39 år,2025,Personer,747
3238 Nannestad,1 Menn,F40-44 40-44 år,2025,Personer,630
3238 Nannestad,1 Menn,F45-49 45-49 år,2025,Personer,667
3238 Nannestad,1 Menn,F50-54 50-54 år,2025,Personer,620
3238 Nannestad,1 Menn,F55-59 55-59 år,2025,Personer,621
3238 Nannestad,1 Menn,F60-64 60-64 år,2025,Personer,425
3238 Nannestad,1 Menn,F65-69 65-69 år,2025,Personer,362
3238 Nannestad,1 Menn,F70-74 70-74 år,2025,Personer,281
3238 Nannestad,1 Menn,F75-79 75-79 år,2025,Personer,261
3238 Nannestad,1 Menn,F80-84 80-84 år,2025,Personer,134
3238 Nannestad,1 Menn,F85-89 85-89 år,2025,Personer,49
3238 Nannestad,1 Menn,F90-94 90-94 år,2025,Personer,24
3238 Nannestad,1 Menn,F95-99 95-99 år,2025,Personer,6
3238 Nannestad,1 Menn,F100G5+ 100 år eller eldre,2025,Personer,0
3240 Eidsvoll,2 Kvinner,F00-04 0-4 år,2025,Personer,749
3240 Eidsvoll,2 Kvinner,F05-09 5-9 år,2025,Personer,845
3240 Eidsvoll,2 Kvinner,F10-14 10-14 år,2025,Personer,882
3240 Eidsvoll,2 Kvinner,F15-19 15-19 år,2025,Personer,846
3240 Eidsvoll,2 Kvinner,F20-24 20-24 år,2025,Personer,666
3240 Eidsvoll,2 Kvinner,F25-29 25-29 år,2025,Personer,744
3240 Eidsvoll,2 Kvinner,F30-34 30-34 år,2025,Personer,996
3240 Eidsvoll,2 Kvinner,F35-39 35-39 år,2025,Personer,1081
3240 Eidsvoll,2 Kvinner,F40-44 40-44 år,2025,Personer,1097
3240 Eidsvoll,2 Kvinner,F45-49 45-49 år,2025,Personer,926
3240 Eidsvoll,2 Kvinner,F50-54 50-54 år,2025,Personer,982
3240 Eidsvoll,2 Kvinner,F55-59 55-59 år,2025,Personer,869
3240 Eidsvoll,2 Kvinner,F60-64 60-64 år,2025,Personer,806
3240 Eidsvoll,2 Kvinner,F65-69 65-69 år,2025,Personer,716
3240 Eidsvoll,2 Kvinner,F70-74 70-74 år,2025,Personer,591
3240 Eidsvoll,2 Kvinner,F75-79 75-79 år,2025,Personer,598
3240 Eidsvoll,2 Kvinner,F80-84 80-84 år,2025,Personer,343
3240 Eidsvoll,2 Kvinner,F85-89 85-89 år,2025,Personer,174
3240 Eidsvoll,2 Kvinner,F90-94 90-94 år,2025,Personer,78
3240 Eidsvoll,2 Kvinner,F95-99 95-99 år,2025,Personer,19
3240 Eidsvoll,2 Kvinner,F100G5+ 100 år eller eldre,2025,Personer,1
3240 Eidsvoll,1 Menn,F00-04 0-4 år,2025,Personer,770
3240 Eidsvoll,1 Menn,F05-09 5-9 år,2025,Personer,879
3240 Eidsvoll,1 Menn,F10-14 10-14 år,2025,Personer,896
3240 Eidsvoll,1 Menn,F15-19 15-19 år,2025,Personer,955
3240 Eidsvoll,1 Menn,F20-24 20-24 år,2025,Personer,807
3240 Eidsvoll,1 Menn,F25-29 25-29 år,2025,Personer,760
3240 Eidsvoll,1 Menn,F30-34 30-34 år,2025,Personer,1040
3240 Eidsvoll,1 Menn,F35-39 35-39 år,2025,Personer,1117
3240 Eidsvoll,1 Menn,F40-44 40-44 år,2025,Personer,1075
3240 Eidsvoll,1 Menn,F45-49 45-49 år,2025,Personer,1027
3240 Eidsvoll,1 Menn,F50-54 50-54 år,2025,Personer,953
3240 Eidsvoll,1 Menn,F55-59 55-59 år,2025,Personer,964
3240 Eidsvoll,1 Menn,F60-64 60-64 år,2025,Personer,801
3240 Eidsvoll,1 Menn,F65-69 65-69 år,2025,Personer,729
3240 Eidsvoll,1 Menn,F70-74 70-74 år,2025,Personer,588
3240 Eidsvoll,1 Menn,F75-79 75-79 år,2025,Personer,530
3240 Eidsvoll,1 Menn,F80-84 80-84 år,2025,Personer,303
3240 Eidsvoll,1 Menn,F85-89 85-89 år,2025,Personer,109
3240 Eidsvoll,1 Menn,F90-94 90-94 år,2025,Personer,31
3240 Eidsvoll,1 Menn,F95-99 95-99 år,2025,Personer,9
3240 Eidsvoll,1 Menn,F100G5+ 100 år eller eldre,2025,Personer,0
3242 Hurdal,2 Kvinner,F00-04 0-4 år,2025,Personer,70
3242 Hurdal,2 Kvinner,F05-09 5-9 år,2025,Personer,71
3242 Hurdal,2 Kvinner,F10-14 10-14 år,2025,Personer,81
3242 Hurdal,2 Kvinner,F15-19 15-19 år,2025,Personer,73
3242 Hurdal,2 Kvinner,F20-24 20-24 år,2025,Personer,64
3242 Hurdal,2 Kvinner,F25-29 25-29 år,2025,Personer,72
3242 Hurdal,2 Kvinner,F30-34 30-34 år,2025,Personer,86
3242 Hurdal,2 Kvinner,F35-39 35-39 år,2025,Personer,98
3242 Hurdal,2 Kvinner,F40-44 40-44 år,2025,Personer,99
3242 Hurdal,2 Kvinner,F45-49 45-49 år,2025,Personer,97
3242 Hurdal,2 Kvinner,F50-54 50-54 år,2025,Personer,119
3242 Hurdal,2 Kvinner,F55-59 55-59 år,2025,Personer,104
3242 Hurdal,2 Kvinner,F60-64 60-64 år,2025,Personer,111
3242 Hurdal,2 Kvinner,F65-69 65-69 år,2025,Personer,92
3242 Hurdal,2 Kvinner,F70-74 70-74 år,2025,Personer,90
3242 Hurdal,2 Kvinner,F75-79 75-79 år,2025,Personer,65
3242 Hurdal,2 Kvinner,F80-84 80-84 år,2025,Personer,41
3242 Hurdal,2 Kvinner,F85-89 85-89 år,2025,Personer,34
3242 Hurdal,2 Kvinner,F90-94 90-94 år,2025,Personer,16
3242 Hurdal,2 Kvinner,F95-99 95-99 år,2025,Personer,6
3242 Hurdal,2 Kvinner,F100G5+ 100 år eller eldre,2025,Personer,1
3242 Hurdal,1 Menn,F00-04 0-4 år,2025,Personer,80
3242 Hurdal,1 Menn,F05-09 5-9 år,2025,Personer,104
3242 Hurdal,1 Menn,F10-14 10-14 år,2025,Personer,95
3242 Hurdal,1 Menn,F15-19 15-19 år,2025,Personer,84
3242 Hurdal,1 Menn,F20-24 20-24 år,2025,Personer,71
3242 Hurdal,1 Menn,F25-29 25-29 år,2025,Personer,76
3242 Hurdal,1 Menn,F30-34 30-34 år,2025,Personer,92
3242 Hurdal,1 Menn,F35-39 35-39 år,2025,Personer,99
3242 Hurdal,1 Menn,F40-44 40-44 år,2025,Personer,103
3242 Hurdal,1 Menn,F45-49 45-49 år,2025,Personer,95
3242 Hurdal,1 Menn,F50-54 50-54 år,2025,Personer,100
3242 Hurdal,1 Menn,F55-59 55-59 år,2025,Personer,104
3242 Hurdal,1 Menn,F60-64 60-64 år,2025,Personer,103
3242 Hurdal,1 Menn,F65-69 65-69 år,2025,Personer,98
3242 Hurdal,1 Menn,F70-74 70-74 år,2025,Personer,83
3242 Hurdal,1 Menn,F75-79 75-79 år,2025,Personer,71
3242 Hurdal,1 Menn,F80-84 80-84 år,2025,Personer,37
3242 Hurdal,1 Menn,F85-89 85-89 år,2025,Personer,26
3242 Hurdal,1 Menn,F90-94 90-94 år,2025,Personer,11
3242 Hurdal,1 Menn,F95-99 95-99 år,2025,Personer,0
3242 Hurdal,1 Menn,F100G5+ 100 år eller eldre,2025,Personer,0
0301 Oslo,2 Kvinner,F00-04 0-4 år,2025,Personer,19075
0301 Oslo,2 Kvinner,F05-09 5-9 år,2025,Personer,17118
0301 Oslo,2 Kvinner,F10-14 10-14 år,2025,Personer,17551
0301 Oslo,2 Kvinner,F15-19 15-19 år,2025,Personer,17956
0301 Oslo,2 Kvinner,F20-24 20-24 år,2025,Personer,24957
0301 Oslo,2 Kvinner,F25-29 25-29 år,2025,Personer,39097
0301 Oslo,2 Kvinner,F30-34 30-34 år,2025,Personer,37983
0301 Oslo,2 Kvinner,F35-39 35-39 år,2025,Personer,30755
0301 Oslo,2 Kvinner,F40-44 40-44 år,2025,Personer,25387
0301 Oslo,2 Kvinner,F45-49 45-49 år,2025,Personer,22626
0301 Oslo,2 Kvinner,F50-54 50-54 år,2025,Personer,21748
0301 Oslo,2 Kvinner,F55-59 55-59 år,2025,Personer,19531
0301 Oslo,2 Kvinner,F60-64 60-64 år,2025,Personer,16819
0301 Oslo,2 Kvinner,F65-69 65-69 år,2025,Personer,14532
0301 Oslo,2 Kvinner,F70-74 70-74 år,2025,Personer,12347
0301 Oslo,2 Kvinner,F75-79 75-79 år,2025,Personer,11173
0301 Oslo,2 Kvinner,F80-84 80-84 år,2025,Personer,7162
0301 Oslo,2 Kvinner,F85-89 85-89 år,2025,Personer,4297
0301 Oslo,2 Kvinner,F90-94 90-94 år,2025,Personer,2335
0301 Oslo,2 Kvinner,F95-99 95-99 år,2025,Personer,773
0301 Oslo,2 Kvinner,F100G5+ 100 år eller eldre,2025,Personer,171
0301 Oslo,1 Menn,F00-04 0-4 år,2025,Personer,19705
0301 Oslo,1 Menn,F05-09 5-9 år,2025,Personer,18071
0301 Oslo,1 Menn,F10-14 10-14 år,2025,Personer,18556
0301 Oslo,1 Menn,F15-19 15-19 år,2025,Personer,18579
0301 Oslo,1 Menn,F20-24 20-24 år,2025,Personer,21920
0301 Oslo,1 Menn,F25-29 25-29 år,2025,Personer,35882
0301 Oslo,1 Menn,F30-34 30-34 år,2025,Personer,38438
0301 Oslo,1 Menn,F35-39 35-39 år,2025,Personer,32975
0301 Oslo,1 Menn,F40-44 40-44 år,2025,Personer,27299
0301 Oslo,1 Menn,F45-49 45-49 år,2025,Personer,24459
0301 Oslo,1 Menn,F50-54 50-54 år,2025,Personer,23160
0301 Oslo,1 Menn,F55-59 55-59 år,2025,Personer,20371
0301 Oslo,1 Menn,F60-64 60-64 år,2025,Personer,17304
0301 Oslo,1 Menn,F65-69 65-69 år,2025,Personer,13802
0301 Oslo,1 Menn,F70-74 70-74 år,2025,Personer,10927
0301 Oslo,1 Menn,F75-79 75-79 år,2025,Personer,9776
0301 Oslo,1 Menn,F80-84 80-84 år,2025,Personer,5749
0301 Oslo,1 Menn,F85-89 85-89 år,2025,Personer,2630
0301 Oslo,1 Menn,F90-94 90-94 år,2025,Personer,986
0301 Oslo,1 Menn,F95-99 95-99 år,2025,Personer,253
0301 Oslo,1 Menn,F100G5+ 100 år eller eldre,2025,Personer,55
3301 Drammen,2 Kvinner,F00-04 0-4 år,2025,Personer,2438
3301 Drammen,2 Kvinner,F05-09 5-9 år,2025,Personer,2711
3301 Drammen,2 Kvinner,F10-14 10-14 år,2025,Personer,2949
3301 Drammen,2 Kvinner,F15-19 15-19 år,2025,Personer,3231
3301 Drammen,2 Kvinner,F20-24 20-24 år,2025,Personer,2929
3301 Drammen,2 Kvinner,F25-29 25-29 år,2025,Personer,3154
3301 Drammen,2 Kvinner,F30-34 30-34 år,2025,Personer,3551
3301 Drammen,2 Kvinner,F35-39 35-39 år,2025,Personer,3706
3301 Drammen,2 Kvinner,F40-44 40-44 år,2025,Personer,3583
3301 Drammen,2 Kvinner,F45-49 45-49 år,2025,Personer,3572
3301 Drammen,2 Kvinner,F50-54 50-54 år,2025,Personer,3751
3301 Drammen,2 Kvinner,F55-59 55-59 år,2025,Personer,3419
3301 Drammen,2 Kvinner,F60-64 60-64 år,2025,Personer,2962
3301 Drammen,2 Kvinner,F65-69 65-69 år,2025,Personer,2773
3301 Drammen,2 Kvinner,F70-74 70-74 år,2025,Personer,2417
3301 Drammen,2 Kvinner,F75-79 75-79 år,2025,Personer,2534
3301 Drammen,2 Kvinner,F80-84 80-84 år,2025,Personer,1554
3301 Drammen,2 Kvinner,F85-89 85-89 år,2025,Personer,959
3301 Drammen,2 Kvinner,F90-94 90-94 år,2025,Personer,419
3301 Drammen,2 Kvinner,F95-99 95-99 år,2025,Personer,120
3301 Drammen,2 Kvinner,F100G5+ 100 år eller eldre,2025,Personer,15
3301 Drammen,1 Menn,F00-04 0-4 år,2025,Personer,2536
3301 Drammen,1 Menn,F05-09 5-9 år,2025,Personer,2944
3301 Drammen,1 Menn,F10-14 10-14 år,2025,Personer,3064
3301 Drammen,1 Menn,F15-19 15-19 år,2025,Personer,3428
3301 Drammen,1 Menn,F20-24 20-24 år,2025,Personer,3123
3301 Drammen,1 Menn,F25-29 25-29 år,2025,Personer,3277
3301 Drammen,1 Menn,F30-34 30-34 år,2025,Personer,3786
3301 Drammen,1 Menn,F35-39 35-39 år,2025,Personer,3893
3301 Drammen,1 Menn,F40-44 40-44 år,2025,Personer,3693
3301 Drammen,1 Menn,F45-49 45-49 år,2025,Personer,3592
3301 Drammen,1 Menn,F50-54 50-54 år,2025,Personer,3892
3301 Drammen,1 Menn,F55-59 55-59 år,2025,Personer,3631
3301 Drammen,1 Menn,F60-64 60-64 år,2025,Personer,3031
3301 Drammen,1 Menn,F65-69 65-69 år,2025,Personer,2511
3301 Drammen,1 Menn,F70-74 70-74 år,2025,Personer,2174
3301 Drammen,1 Menn,F75-79 75-79 år,2025,Personer,2017
3301 Drammen,1 Menn,F80-84 80-84 år,2025,Personer,1237
3301 Drammen,1 Menn,F85-89 85-89 år,2025,Personer,626
3301 Drammen,1 Menn,F90-94 90-94 år,2025,Personer,212
3301 Drammen,1 Menn,F95-99 95-99 år,2025,Personer,36
3301 Drammen,1 Menn,F100G5+ 100 år eller eldre,2025,Personer,2
3303 Kongsberg,2 Kvinner,F00-04 0-4 år,2025,Personer,566
3303 Kongsberg,2 Kvinner,F05-09 5-9 år,2025,Personer,708
3303 Kongsberg,2 Kvinner,F10-14 10-14 år,2025,Personer,837
3303 Kongsberg,2 Kvinner,F15-19 15-19 år,2025,Personer,935
3303 Kongsberg,2 Kvinner,F20-24 20-24 år,2025,Personer,809
3303 Kongsberg,2 Kvinner,F25-29 25-29 år,2025,Personer,719
3303 Kongsberg,2 Kvinner,F30-34 30-34 år,2025,Personer,870
3303 Kongsberg,2 Kvinner,F35-39 35-39 år,2025,Personer,912
3303 Kongsberg,2 Kvinner,F40-44 40-44 år,2025,Personer,930
3303 Kongsberg,2 Kvinner,F45-49 45-49 år,2025,Personer,996
3303 Kongsberg,2 Kvinner,F50-54 50-54 år,2025,Personer,981
3303 Kongsberg,2 Kvinner,F55-59 55-59 år,2025,Personer,984
3303 Kongsberg,2 Kvinner,F60-64 60-64 år,2025,Personer,875
3303 Kongsberg,2 Kvinner,F65-69 65-69 år,2025,Personer,780
3303 Kongsberg,2 Kvinner,F70-74 70-74 år,2025,Personer,760
3303 Kongsberg,2 Kvinner,F75-79 75-79 år,2025,Personer,740
3303 Kongsberg,2 Kvinner,F80-84 80-84 år,2025,Personer,442
3303 Kongsberg,2 Kvinner,F85-89 85-89 år,2025,Personer,259
3303 Kongsberg,2 Kvinner,F90-94 90-94 år,2025,Personer,121
3303 Kongsberg,2 Kvinner,F95-99 95-99 år,2025,Personer,37
3303 Kongsberg,2 Kvinner,F100G5+ 100 år eller eldre,2025,Personer,1
3303 Kongsberg,1 Menn,F00-04 0-4 år,2025,Personer,644
3303 Kongsberg,1 Menn,F05-09 5-9 år,2025,Personer,741
3303 Kongsberg,1 Menn,F10-14 10-14 år,2025,Personer,863
3303 Kongsberg,1 Menn,F15-19 15-19 år,2025,Personer,978
3303 Kongsberg,1 Menn,F20-24 20-24 år,2025,Personer,928
3303 Kongsberg,1 Menn,F25-29 25-29 år,2025,Personer,956
3303 Kongsberg,1 Menn,F30-34 30-34 år,2025,Personer,962
3303 Kongsberg,1 Menn,F35-39 35-39 år,2025,Personer,984
3303 Kongsberg,1 Menn,F40-44 40-44 år,2025,Personer,939
3303 Kongsberg,1 Menn,F45-49 45-49 år,2025,Personer,1004
3303 Kongsberg,1 Menn,F50-54 50-54 år,2025,Personer,1086
3303 Kongsberg,1 Menn,F55-59 55-59 år,2025,Personer,947
3303 Kongsberg,1 Menn,F60-64 60-64 år,2025,Personer,889
3303 Kongsberg,1 Menn,F65-69 65-69 år,2025,Personer,764
3303 Kongsberg,1 Menn,F70-74 70-74 år,2025,Personer,718
3303 Kongsberg,1 Menn,F75-79 75-79 år,2025,Personer,663
3303 Kongsberg,1 Menn,F80-84 80-84 år,2025,Personer,390
3303 Kongsberg,1 Menn,F85-89 85-89 år,2025,Personer,208
3303 Kongsberg,1 Menn,F90-94 90-94 år,2025,Personer,68
3303 Kongsberg,1 Menn,F95-99 95-99 år,2025,Personer,13
3303 Kongsberg,1 Menn,F100G5+ 100 år eller eldre,2025,Personer,4
3305 Ringerike,2 Kvinner,F00-04 0-4 år,2025,Personer,694
3305 Ringerike,2 Kvinner,F05-09 5-9 år,2025,Personer,720
3305 Ringerike,2 Kvinner,F10-14 10-14 år,2025,Personer,881
3305 Ringerike,2 Kvinner,F15-19 15-19 år,2025,Personer,893
3305 Ringerike,2 Kvinner,F20-24 20-24 år,2025,Personer,808
3305 Ringerike,2 Kvinner,F25-29 25-29 år,2025,Personer,806
3305 Ringerike,2 Kvinner,F30-34 30-34 år,2025,Personer,988
3305 Ringerike,2 Kvinner,F35-39 35-39 år,2025,Personer,949
3305 Ringerike,2 Kvinner,F40-44 40-44 år,2025,Personer,1022
3305 Ringerike,2 Kvinner,F45-49 45-49 år,2025,Personer,1040
3305 Ringerike,2 Kvinner,F50-54 50-54 år,2025,Personer,1106
3305 Ringerike,2 Kvinner,F55-59 55-59 år,2025,Personer,1175
3305 Ringerike,2 Kvinner,F60-64 60-64 år,2025,Personer,1004
3305 Ringerike,2 Kvinner,F65-69 65-69 år,2025,Personer,1020
3305 Ringerike,2 Kvinner,F70-74 70-74 år,2025,Personer,944
3305 Ringerike,2 Kvinner,F75-79 75-79 år,2025,Personer,828
3305 Ringerike,2 Kvinner,F80-84 80-84 år,2025,Personer,527
3305 Ringerike,2 Kvinner,F85-89 85-89 år,2025,Personer,292
3305 Ringerike,2 Kvinner,F90-94 90-94 år,2025,Personer,129
3305 Ringerike,2 Kvinner,F95-99 95-99 år,2025,Personer,37
3305 Ringerike,2 Kvinner,F100G5+ 100 år eller eldre,2025,Personer,7
3305 Ringerike,1 Menn,F00-04 0-4 år,2025,Personer,686
3305 Ringerike,1 Menn,F05-09 5-9 år,2025,Personer,743
3305 Ringerike,1 Menn,F10-14 10-14 år,2025,Personer,900
3305 Ringerike,1 Menn,F15-19 15-19 år,2025,Personer,977
3305 Ringerike,1 Menn,F20-24 20-24 år,2025,Personer,929
3305 Ringerike,1 Menn,F25-29 25-29 år,2025,Personer,925
3305 Ringerike,1 Menn,F30-34 30-34 år,2025,Personer,1070
3305 Ringerike,1 Menn,F35-39 35-39 år,2025,Personer,1050
3305 Ringerike,1 Menn,F40-44 40-44 år,2025,Personer,994
3305 Ringerike,1 Menn,F45-49 45-49 år,2025,Personer,1058
3305 Ringerike,1 Menn,F50-54 50-54 år,2025,Personer,1143
3305 Ringerike,1 Menn,F55-59 55-59 år,2025,Personer,1108
3305 Ringerike,1 Menn,F60-64 60-64 år,2025,Personer,989
3305 Ringerike,1 Menn,F65-69 65-69 år,2025,Personer,988
3305 Ringerike,1 Menn,F70-74 70-74 år,2025,Personer,854
3305 Ringerike,1 Menn,F75-79 75-79 år,2025,Personer,750
3305 Ringerike,1 Menn,F80-84 80-84 år,2025,Personer,451
3305 Ringerike,1 Menn,F85-89 85-89 år,2025,Personer,210
3305 Ringerike,1 Menn,F90-94 90-94 år,2025,Personer,78
3305 Ringerike,1 Menn,F95-99 95-99 år,2025,Personer,16
3305 Ringerike,1 Menn,F100G5+ 100 år eller eldre,2025,Personer,4
3310 Hole,2 Kvinner,F00-04 0-4 år,2025,Personer,169
3310 Hole,2 Kvinner,F05-09 5-9 år,2025,Personer,211
3310 Hole,2 Kvinner,F10-14 10-14 år,2025,Personer,249
3310 Hole,2 Kvinner,F15-19 15-19 år,2025,Personer,198
3310 Hole,2 Kvinner,F20-24 20-24 år,2025,Personer,139
3310 Hole,2 Kvinner,F25-29 25-29 år,2025,Personer,143
3310 Hole,2 Kvinner,F30-34 30-34 år,2025,Personer,172
3310 Hole,2 Kvinner,F35-39 35-39 år,2025,Personer,240
3310 Hole,2 Kvinner,F40-44 40-44 år,2025,Personer,277
3310 Hole,2 Kvinner,F45-49 45-49 år,2025,Personer,275
3310 Hole,2 Kvinner,F50-54 50-54 år,2025,Personer,241
3310 Hole,2 Kvinner,F55-59 55-59 år,2025,Personer,240
3310 Hole,2 Kvinner,F60-64 60-64 år,2025,Personer,215
3310 Hole,2 Kvinner,F65-69 65-69 år,2025,Personer,186
3310 Hole,2 Kvinner,F70-74 70-74 år,2025,Personer,189
3310 Hole,2 Kvinner,F75-79 75-79 år,2025,Personer,157
3310 Hole,2 Kvinner,F80-84 80-84 år,2025,Personer,85
3310 Hole,2 Kvinner,F85-89 85-89 år,2025,Personer,61
3310 Hole,2 Kvinner,F90-94 90-94 år,2025,Personer,27
3310 Hole,2 Kvinner,F95-99 95-99 år,2025,Personer,6
3310 Hole,2 Kvinner,F100G5+ 100 år eller eldre,2025,Personer,1
3310 Hole,1 Menn,F00-04 0-4 år,2025,Personer,159
3310 Hole,1 Menn,F05-09 5-9 år,2025,Personer,207
3310 Hole,1 Menn,F10-14 10-14 år,2025,Personer,264
3310 Hole,1 Menn,F15-19 15-19 år,2025,Personer,231
3310 Hole,1 Menn,F20-24 20-24 år,2025,Personer,166
3310 Hole,1 Menn,F25-29 25-29 år,2025,Personer,126
3310 Hole,1 Menn,F30-34 30-34 år,2025,Personer,189
3310 Hole,1 Menn,F35-39 35-39 år,2025,Personer,201
3310 Hole,1 Menn,F40-44 40-44 år,2025,Personer,265
3310 Hole,1 Menn,F45-49 45-49 år,2025,Personer,259
3310 Hole,1 Menn,F50-54 50-54 år,2025,Personer,280
3310 Hole,1 Menn,F55-59 55-59 år,2025,Personer,282
3310 Hole,1 Menn,F60-64 60-64 år,2025,Personer,241
3310 Hole,1 Menn,F65-69 65-69 år,2025,Personer,211
3310 Hole,1 Menn,F70-74 70-74 år,2025,Personer,201
3310 Hole,1 Menn,F75-79 75-79 år,2025,Personer,157
3310 Hole,1 Menn,F80-84 80-84 år,2025,Personer,94
3310 Hole,1 Menn,F85-89 85-89 år,2025,Personer,28
3310 Hole,1 Menn,F90-94 90-94 år,2025,Personer,16
3310 Hole,1 Menn,F95-99 95-99 år,2025,Personer,7
3310 Hole,1 Menn,F100G5+ 100 år eller eldre,2025,Personer,0
3312 Lier,2 Kvinner,F00-04 0-4 år,2025,Personer,709
3312 Lier,2 Kvinner,F05-09 5-9 år,2025,Personer,810
3312 Lier,2 Kvinner,F10-14 10-14 år,2025,Personer,936
3312 Lier,2 Kvinner,F15-19 15-19 år,2025,Personer,859
3312 Lier,2 Kvinner,F20-24 20-24 år,2025,Personer,684
3312 Lier,2 Kvinner,F25-29 25-29 år,2025,Personer,614
3312 Lier,2 Kvinner,F30-34 30-34 år,2025,Personer,877
3312 Lier,2 Kvinner,F35-39 35-39 år,2025,Personer,1038
3312 Lier,2 Kvinner,F40-44 40-44 år,2025,Personer,1005
3312 Lier,2 Kvinner,F45-49 45-49 år,2025,Personer,992
3312 Lier,2 Kvinner,F50-54 50-54 år,2025,Personer,1005
3312 Lier,2 Kvinner,F55-59 55-59 år,2025,Personer,961
3312 Lier,2 Kvinner,F60-64 60-64 år,2025,Personer,878
3312 Lier,2 Kvinner,F65-69 65-69 år,2025,Personer,694
3312 Lier,2 Kvinner,F70-74 70-74 år,2025,Personer,638
3312 Lier,2 Kvinner,F75-79 75-79 år,2025,Personer,595
3312 Lier,2 Kvinner,F80-84 80-84 år,2025,Personer,385
3312 Lier,2 Kvinner,F85-89 85-89 år,2025,Personer,210
3312 Lier,2 Kvinner,F90-94 90-94 år,2025,Personer,74
3312 Lier,2 Kvinner,F95-99 95-99 år,2025,Personer,24
3312 Lier,2 Kvinner,F100G5+ 100 år eller eldre,2025,Personer,8
3312 Lier,1 Menn,F00-04 0-4 år,2025,Personer,811
3312 Lier,1 Menn,F05-09 5-9 år,2025,Personer,893
3312 Lier,1 Menn,F10-14 10-14 år,2025,Personer,959
3312 Lier,1 Menn,F15-19 15-19 år,2025,Personer,952
3312 Lier,1 Menn,F20-24 20-24 år,2025,Personer,739
3312 Lier,1 Menn,F25-29 25-29 år,2025,Personer,724
3312 Lier,1 Menn,F30-34 30-34 år,2025,Personer,858
3312 Lier,1 Menn,F35-39 35-39 år,2025,Personer,1073
3312 Lier,1 Menn,F40-44 40-44 år,2025,Personer,1125
3312 Lier,1 Menn,F45-49 45-49 år,2025,Personer,1049
3312 Lier,1 Menn,F50-54 50-54 år,2025,Personer,1125
3312 Lier,1 Menn,F55-59 55-59 år,2025,Personer,1044
3312 Lier,1 Menn,F60-64 60-64 år,2025,Personer,885
3312 Lier,1 Menn,F65-69 65-69 år,2025,Personer,755
3312 Lier,1 Menn,F70-74 70-74 år,2025,Personer,558
3312 Lier,1 Menn,F75-79 75-79 år,2025,Personer,548
3312 Lier,1 Menn,F80-84 80-84 år,2025,Personer,342
3312 Lier,1 Menn,F85-89 85-89 år,2025,Personer,146
3312 Lier,1 Menn,F90-94 90-94 år,2025,Personer,48
3312 Lier,1 Menn,F95-99 95-99 år,2025,Personer,12
3312 Lier,1 Menn,F100G5+ 100 år eller eldre,2025,Personer,0
3314 Øvre Eiker,2 Kvinner,F00-04 0-4 år,2025,Personer,514
3314 Øvre Eiker,2 Kvinner,F05-09 5-9 år,2025,Personer,577
3314 Øvre Eiker,2 Kvinner,F10-14 10-14 år,2025,Personer,556
3314 Øvre Eiker,2 Kvinner,F15-19 15-19 år,2025,Personer,613
3314 Øvre Eiker,2 Kvinner,F20-24 20-24 år,2025,Personer,513
3314 Øvre Eiker,2 Kvinner,F25-29 25-29 år,2025,Personer,546
3314 Øvre Eiker,2 Kvinner,F30-34 30-34 år,2025,Personer,737
3314 Øvre Eiker,2 Kvinner,F35-39 35-39 år,2025,Personer,709
3314 Øvre Eiker,2 Kvinner,F40-44 40-44 år,2025,Personer,659
3314 Øvre Eiker,2 Kvinner,F45-49 45-49 år,2025,Personer,663
3314 Øvre Eiker,2 Kvinner,F50-54 50-54 år,2025,Personer,746
3314 Øvre Eiker,2 Kvinner,F55-59 55-59 år,2025,Personer,676
3314 Øvre Eiker,2 Kvinner,F60-64 60-64 år,2025,Personer,623
3314 Øvre Eiker,2 Kvinner,F65-69 65-69 år,2025,Personer,599
3314 Øvre Eiker,2 Kvinner,F70-74 70-74 år,2025,Personer,511
3314 Øvre Eiker,2 Kvinner,F75-79 75-79 år,2025,Personer,466
3314 Øvre Eiker,2 Kvinner,F80-84 80-84 år,2025,Personer,282
3314 Øvre Eiker,2 Kvinner,F85-89 85-89 år,2025,Personer,172
3314 Øvre Eiker,2 Kvinner,F90-94 90-94 år,2025,Personer,86
3314 Øvre Eiker,2 Kvinner,F95-99 95-99 år,2025,Personer,24
3314 Øvre Eiker,2 Kvinner,F100G5+ 100 år eller eldre,2025,Personer,6
3314 Øvre Eiker,1 Menn,F00-04 0-4 år,2025,Personer,533
3314 Øvre Eiker,1 Menn,F05-09 5-9 år,2025,Personer,579
3314 Øvre Eiker,1 Menn,F10-14 10-14 år,2025,Personer,661
3314 Øvre Eiker,1 Menn,F15-19 15-19 år,2025,Personer,651
3314 Øvre Eiker,1 Menn,F20-24 20-24 år,2025,Personer,576
3314 Øvre Eiker,1 Menn,F25-29 25-29 år,2025,Personer,624
3314 Øvre Eiker,1 Menn,F30-34 30-34 år,2025,Personer,717
3314 Øvre Eiker,1 Menn,F35-39 35-39 år,2025,Personer,768
3314 Øvre Eiker,1 Menn,F40-44 40-44 år,2025,Personer,708
3314 Øvre Eiker,1 Menn,F45-49 45-49 år,2025,Personer,718
3314 Øvre Eiker,1 Menn,F50-54 50-54 år,2025,Personer,764
3314 Øvre Eiker,1 Menn,F55-59 55-59 år,2025,Personer,729
3314 Øvre Eiker,1 Menn,F60-64 60-64 år,2025,Personer,647
3314 Øvre Eiker,1 Menn,F65-69 65-69 år,2025,Personer,566
3314 Øvre Eiker,1 Menn,F70-74 70-74 år,2025,Personer,494
3314 Øvre Eiker,1 Menn,F75-79 75-79 år,2025,Personer,441
3314 Øvre Eiker,1 Menn,F80-84 80-84 år,2025,Personer,230
3314 Øvre Eiker,1 Menn,F85-89 85-89 år,2025,Personer,120
3314 Øvre Eiker,1 Menn,F90-94 90-94 år,2025,Personer,44
3314 Øvre Eiker,1 Menn,F95-99 95-99 år,2025,Personer,13
3314 Øvre Eiker,1 Menn,F100G5+ 100 år eller eldre,2025,Personer,0
3316 Modum,2 Kvinner,F00-04 0-4 år,2025,Personer,334
3316 Modum,2 Kvinner,F05-09 5-9 år,2025,Personer,374
3316 Modum,2 Kvinner,F10-14 10-14 år,2025,Personer,424
3316 Modum,2 Kvinner,F15-19 15-19 år,2025,Personer,388
3316 Modum,2 Kvinner,F20-24 20-24 år,2025,Personer,334
3316 Modum,2 Kvinner,F25-29 25-29 år,2025,Personer,339
3316 Modum,2 Kvinner,F30-34 30-34 år,2025,Personer,436
3316 Modum,2 Kvinner,F35-39 35-39 år,2025,Personer,501
3316 Modum,2 Kvinner,F40-44 40-44 år,2025,Personer,478
3316 Modum,2 Kvinner,F45-49 45-49 år,2025,Personer,462
3316 Modum,2 Kvinner,F50-54 50-54 år,2025,Personer,467
3316 Modum,2 Kvinner,F55-59 55-59 år,2025,Personer,468
3316 Modum,2 Kvinner,F60-64 60-64 år,2025,Personer,501
3316 Modum,2 Kvinner,F65-69 65-69 år,2025,Personer,487
3316 Modum,2 Kvinner,F70-74 70-74 år,2025,Personer,449
3316 Modum,2 Kvinner,F75-79 75-79 år,2025,Personer,377
3316 Modum,2 Kvinner,F80-84 80-84 år,2025,Personer,243
3316 Modum,2 Kvinner,F85-89 85-89 år,2025,Personer,128
3316 Modum,2 Kvinner,F90-94 90-94 år,2025,Personer,74
3316 Modum,2 Kvinner,F95-99 95-99 år,2025,Personer,26
3316 Modum,2 Kvinner,F100G5+ 100 år eller eldre,2025,Personer,2
3316 Modum,1 Menn,F00-04 0-4 år,2025,Personer,324
3316 Modum,1 Menn,F05-09 5-9 år,2025,Personer,364
3316 Modum,1 Menn,F10-14 10-14 år,2025,Personer,437
3316 Modum,1 Menn,F15-19 15-19 år,2025,Personer,458
3316 Modum,1 Menn,F20-24 20-24 år,2025,Personer,404
3316 Modum,1 Menn,F25-29 25-29 år,2025,Personer,400
3316 Modum,1 Menn,F30-34 30-34 år,2025,Personer,432
3316 Modum,1 Menn,F35-39 35-39 år,2025,Personer,505
3316 Modum,1 Menn,F40-44 40-44 år,2025,Personer,510
3316 Modum,1 Menn,F45-49 45-49 år,2025,Personer,455
3316 Modum,1 Menn,F50-54 50-54 år,2025,Personer,538
3316 Modum,1 Menn,F55-59 55-59 år,2025,Personer,501
3316 Modum,1 Menn,F60-64 60-64 år,2025,Personer,458
3316 Modum,1 Menn,F65-69 65-69 år,2025,Personer,467
3316 Modum,1 Menn,F70-74 70-74 år,2025,Personer,438
3316 Modum,1 Menn,F75-79 75-79 år,2025,Personer,344
3316 Modum,1 Menn,F80-84 80-84 år,2025,Personer,196
3316 Modum,1 Menn,F85-89 85-89 år,2025,Personer,99
3316 Modum,1 Menn,F90-94 90-94 år,2025,Personer,35
3316 Modum,1 Menn,F95-99 95-99 år,2025,Personer,7
3316 Modum,1 Menn,F100G5+ 100 år eller eldre,2025,Personer,0
3318 Krødsherad,2 Kvinner,F00-04 0-4 år,2025,Personer,34
3318 Krødsherad,2 Kvinner,F05-09 5-9 år,2025,Personer,63
3318 Krødsherad,2 Kvinner,F10-14 10-14 år,2025,Personer,72
3318 Krødsherad,2 Kvinner,F15-19 15-19 år,2025,Personer,59
3318 Krødsherad,2 Kvinner,F20-24 20-24 år,2025,Personer,34
3318 Krødsherad,2 Kvinner,F25-29 25-29 år,2025,Personer,36
3318 Krødsherad,2 Kvinner,F30-34 30-34 år,2025,Personer,62
3318 Krødsherad,2 Kvinner,F35-39 35-39 år,2025,Personer,90
3318 Krødsherad,2 Kvinner,F40-44 40-44 år,2025,Personer,71
3318 Krødsherad,2 Kvinner,F45-49 45-49 år,2025,Personer,61
3318 Krødsherad,2 Kvinner,F50-54 50-54 år,2025,Personer,75
3318 Krødsherad,2 Kvinner,F55-59 55-59 år,2025,Personer,66
3318 Krødsherad,2 Kvinner,F60-64 60-64 år,2025,Personer,74
3318 Krødsherad,2 Kvinner,F65-69 65-69 år,2025,Personer,81
3318 Krødsherad,2 Kvinner,F70-74 70-74 år,2025,Personer,76
3318 Krødsherad,2 Kvinner,F75-79 75-79 år,2025,Personer,59
3318 Krødsherad,2 Kvinner,F80-84 80-84 år,2025,Personer,32
3318 Krødsherad,2 Kvinner,F85-89 85-89 år,2025,Personer,22
3318 Krødsherad,2 Kvinner,F90-94 90-94 år,2025,Personer,13
3318 Krødsherad,2 Kvinner,F95-99 95-99 år,2025,Personer,3
3318 Krødsherad,2 Kvinner,F100G5+ 100 år eller eldre,2025,Personer,1
3318 Krødsherad,1 Menn,F00-04 0-4 år,2025,Personer,38
3318 Krødsherad,1 Menn,F05-09 5-9 år,2025,Personer,70
3318 Krødsherad,1 Menn,F10-14 10-14 år,2025,Personer,69
3318 Krødsherad,1 Menn,F15-19 15-19 år,2025,Personer,64
3318 Krødsherad,1 Menn,F20-24 20-24 år,2025,Personer,42
3318 Krødsherad,1 Menn,F25-29 25-29 år,2025,Personer,47
3318 Krødsherad,1 Menn,F30-34 30-34 år,2025,Personer,64
3318 Krødsherad,1 Menn,F35-39 35-39 år,2025,Personer,91
3318 Krødsherad,1 Menn,F40-44 40-44 år,2025,Personer,80
3318 Krødsherad,1 Menn,F45-49 45-49 år,2025,Personer,85
3318 Krødsherad,1 Menn,F50-54 50-54 år,2025,Personer,71
3318 Krødsherad,1 Menn,F55-59 55-59 år,2025,Personer,79
3318 Krødsherad,1 Menn,F60-64 60-64 år,2025,Personer,81
3318 Krødsherad,1 Menn,F65-69 65-69 år,2025,Personer,91
3318 Krødsherad,1 Menn,F70-74 70-74 år,2025,Personer,72
3318 Krødsherad,1 Menn,F75-79 75-79 år,2025,Personer,55
3318 Krødsherad,1 Menn,F80-84 80-84 år,2025,Personer,36
3318 Krødsherad,1 Menn,F85-89 85-89 år,2025,Personer,11
3318 Krødsherad,1 Menn,F90-94 90-94 år,2025,Personer,5
3318 Krødsherad,1 Menn,F95-99 95-99 år,2025,Personer,0
3318 Krødsherad,1 Menn,F100G5+ 100 år eller eldre,2025,Personer,0
3320 Flå,2 Kvinner,F00-04 0-4 år,2025,Personer,25
3320 Flå,2 Kvinner,F05-09 5-9 år,2025,Personer,22
3320 Flå,2 Kvinner,F10-14 10-14 år,2025,Personer,22
3320 Flå,2 Kvinner,F15-19 15-19 år,2025,Personer,21
3320 Flå,2 Kvinner,F20-24 20-24 år,2025,Personer,22
3320 Flå,2 Kvinner,F25-29 25-29 år,2025,Personer,34
3320 Flå,2 Kvinner,F30-34 30-34 år,2025,Personer,41
3320 Flå,2 Kvinner,F35-39 35-39 år,2025,Personer,31
3320 Flå,2 Kvinner,F40-44 40-44 år,2025,Personer,25
3320 Flå,2 Kvinner,F45-49 45-49 år,2025,Personer,28
3320 Flå,2 Kvinner,F50-54 50-54 år,2025,Personer,43
3320 Flå,2 Kvinner,F55-59 55-59 år,2025,Personer,34
3320 Flå,2 Kvinner,F60-64 60-64 år,2025,Personer,42
3320 Flå,2 Kvinner,F65-69 65-69 år,2025,Personer,31
3320 Flå,2 Kvinner,F70-74 70-74 år,2025,Personer,33
3320 Flå,2 Kvinner,F75-79 75-79 år,2025,Personer,30
3320 Flå,2 Kvinner,F80-84 80-84 år,2025,Personer,16
3320 Flå,2 Kvinner,F85-89 85-89 år,2025,Personer,15
3320 Flå,2 Kvinner,F90-94 90-94 år,2025,Personer,5
3320 Flå,2 Kvinner,F95-99 95-99 år,2025,Personer,3
3320 Flå,2 Kvinner,F100G5+ 100 år eller eldre,2025,Personer,0
3320 Flå,1 Menn,F00-04 0-4 år,2025,Personer,33
3320 Flå,1 Menn,F05-09 5-9 år,2025,Personer,22
3320 Flå,1 Menn,F10-14 10-14 år,2025,Personer,38
3320 Flå,1 Menn,F15-19 15-19 år,2025,Personer,27
3320 Flå,1 Menn,F20-24 20-24 år,2025,Personer,35
3320 Flå,1 Menn,F25-29 25-29 år,2025,Personer,42
3320 Flå,1 Menn,F30-34 30-34 år,2025,Personer,39
3320 Flå,1 Menn,F35-39 35-39 år,2025,Personer,31
3320 Flå,1 Menn,F40-44 40-44 år,2025,Personer,42
3320 Flå,1 Menn,F45-49 45-49 år,2025,Personer,33
3320 Flå,1 Menn,F50-54 50-54 år,2025,Personer,35
3320 Flå,1 Menn,F55-59 55-59 år,2025,Personer,42
3320 Flå,1 Menn,F60-64 60-64 år,2025,Personer,29
3320 Flå,1 Menn,F65-69 65-69 år,2025,Personer,53
3320 Flå,1 Menn,F70-74 70-74 år,2025,Personer,33
3320 Flå,1 Menn,F75-79 75-79 år,2025,Personer,20
3320 Flå,1 Menn,F80-84 80-84 år,2025,Personer,24
3320 Flå,1 Menn,F85-89 85-89 år,2025,Personer,9
3320 Flå,1 Menn,F90-94 90-94 år,2025,Personer,7
3320 Flå,1 Menn,F95-99 95-99 år,2025,Personer,0
3320 Flå,1 Menn,F100G5+ 100 år eller eldre,2025,Personer,0
3322 Nesbyen,2 Kvinner,F00-04 0-4 år,2025,Personer,69
3322 Nesbyen,2 Kvinner,F05-09 5-9 år,2025,Personer,71
3322 Nesbyen,2 Kvinner,F10-14 10-14 år,2025,Personer,76
3322 Nesbyen,2 Kvinner,F15-19 15-19 år,2025,Personer,91
3322 Nesbyen,2 Kvinner,F20-24 20-24 år,2025,Personer,58
3322 Nesbyen,2 Kvinner,F25-29 25-29 år,2025,Personer,69
3322 Nesbyen,2 Kvinner,F30-34 30-34 år,2025,Personer,94
3322 Nesbyen,2 Kvinner,F35-39 35-39 år,2025,Personer,92
3322 Nesbyen,2 Kvinner,F40-44 40-44 år,2025,Personer,79
3322 Nesbyen,2 Kvinner,F45-49 45-49 år,2025,Personer,89
3322 Nesbyen,2 Kvinner,F50-54 50-54 år,2025,Personer,106
3322 Nesbyen,2 Kvinner,F55-59 55-59 år,2025,Personer,130
3322 Nesbyen,2 Kvinner,F60-64 60-64 år,2025,Personer,113
3322 Nesbyen,2 Kvinner,F65-69 65-69 år,2025,Personer,123
3322 Nesbyen,2 Kvinner,F70-74 70-74 år,2025,Personer,120
3322 Nesbyen,2 Kvinner,F75-79 75-79 år,2025,Personer,113
3322 Nesbyen,2 Kvinner,F80-84 80-84 år,2025,Personer,57
3322 Nesbyen,2 Kvinner,F85-89 85-89 år,2025,Personer,34
3322 Nesbyen,2 Kvinner,F90-94 90-94 år,2025,Personer,21
3322 Nesbyen,2 Kvinner,F95-99 95-99 år,2025,Personer,5
3322 Nesbyen,2 Kvinner,F100G5+ 100 år eller eldre,2025,Personer,1
3322 Nesbyen,1 Menn,F00-04 0-4 år,2025,Personer,62
3322 Nesbyen,1 Menn,F05-09 5-9 år,2025,Personer,61
3322 Nesbyen,1 Menn,F10-14 10-14 år,2025,Personer,67
3322 Nesbyen,1 Menn,F15-19 15-19 år,2025,Personer,97
3322 Nesbyen,1 Menn,F20-24 20-24 år,2025,Personer,89
3322 Nesbyen,1 Menn,F25-29 25-29 år,2025,Personer,94
3322 Nesbyen,1 Menn,F30-34 30-34 år,2025,Personer,91
3322 Nesbyen,1 Menn,F35-39 35-39 år,2025,Personer,85
3322 Nesbyen,1 Menn,F40-44 40-44 år,2025,Personer,75
3322 Nesbyen,1 Menn,F45-49 45-49 år,2025,Personer,109
3322 Nesbyen,1 Menn,F50-54 50-54 år,2025,Personer,124
3322 Nesbyen,1 Menn,F55-59 55-59 år,2025,Personer,128
3322 Nesbyen,1 Menn,F60-64 60-64 år,2025,Personer,119
3322 Nesbyen,1 Menn,F65-69 65-69 år,2025,Personer,119
3322 Nesbyen,1 Menn,F70-74 70-74 år,2025,Personer,127
3322 Nesbyen,1 Menn,F75-79 75-79 år,2025,Personer,94
3322 Nesbyen,1 Menn,F80-84 80-84 år,2025,Personer,56
3322 Nesbyen,1 Menn,F85-89 85-89 år,2025,Personer,32
3322 Nesbyen,1 Menn,F90-94 90-94 år,2025,Personer,18
3322 Nesbyen,1 Menn,F95-99 95-99 år,2025,Personer,8
3322 Nesbyen,1 Menn,F100G5+ 100 år eller eldre,2025,Personer,0
3324 Gol,2 Kvinner,F00-04 0-4 år,2025,Personer,99
3324 Gol,2 Kvinner,F05-09 5-9 år,2025,Personer,104
3324 Gol,2 Kvinner,F10-14 10-14 år,2025,Personer,130
3324 Gol,2 Kvinner,F15-19 15-19 år,2025,Personer,133
3324 Gol,2 Kvinner,F20-24 20-24 år,2025,Personer,118
3324 Gol,2 Kvinner,F25-29 25-29 år,2025,Personer,132
3324 Gol,2 Kvinner,F30-34 30-34 år,2025,Personer,129
3324 Gol,2 Kvinner,F35-39 35-39 år,2025,Personer,161
3324 Gol,2 Kvinner,F40-44 40-44 år,2025,Personer,133
3324 Gol,2 Kvinner,F45-49 45-49 år,2025,Personer,153
3324 Gol,2 Kvinner,F50-54 50-54 år,2025,Personer,182
3324 Gol,2 Kvinner,F55-59 55-59 år,2025,Personer,186
3324 Gol,2 Kvinner,F60-64 60-64 år,2025,Personer,158
3324 Gol,2 Kvinner,F65-69 65-69 år,2025,Personer,147
3324 Gol,2 Kvinner,F70-74 70-74 år,2025,Personer,130
3324 Gol,2 Kvinner,F75-79 75-79 år,2025,Personer,133
3324 Gol,2 Kvinner,F80-84 80-84 år,2025,Personer,94
3324 Gol,2 Kvinner,F85-89 85-89 år,2025,Personer,65
3324 Gol,2 Kvinner,F90-94 90-94 år,2025,Personer,31
3324 Gol,2 Kvinner,F95-99 95-99 år,2025,Personer,7
3324 Gol,2 Kvinner,F100G5+ 100 år eller eldre,2025,Personer,0
3324 Gol,1 Menn,F00-04 0-4 år,2025,Personer,114
3324 Gol,1 Menn,F05-09 5-9 år,2025,Personer,117
3324 Gol,1 Menn,F10-14 10-14 år,2025,Personer,129
3324 Gol,1 Menn,F15-19 15-19 år,2025,Personer,148
3324 Gol,1 Menn,F20-24 20-24 år,2025,Personer,138
3324 Gol,1 Menn,F25-29 25-29 år,2025,Personer,146
3324 Gol,1 Menn,F30-34 30-34 år,2025,Personer,140
3324 Gol,1 Menn,F35-39 35-39 år,2025,Personer,166
3324 Gol,1 Menn,F40-44 40-44 år,2025,Personer,145
3324 Gol,1 Menn,F45-49 45-49 år,2025,Personer,165
3324 Gol,1 Menn,F50-54 50-54 år,2025,Personer,200
3324 Gol,1 Menn,F55-59 55-59 år,2025,Personer,179
3324 Gol,1 Menn,F60-64 60-64 år,2025,Personer,161
3324 Gol,1 Menn,F65-69 65-69 år,2025,Personer,142
3324 Gol,1 Menn,F70-74 70-74 år,2025,Personer,109
3324 Gol,1 Menn,F75-79 75-79 år,2025,Personer,120
3324 Gol,1 Menn,F80-84 80-84 år,2025,Personer,69
3324 Gol,1 Menn,F85-89 85-89 år,2025,Personer,46
3324 Gol,1 Menn,F90-94 90-94 år,2025,Personer,19
3324 Gol,1 Menn,F95-99 95-99 år,2025,Personer,8
3324 Gol,1 Menn,F100G5+ 100 år eller eldre,2025,Personer,2
3326 Hemsedal,2 Kvinner,F00-04 0-4 år,2025,Personer,65
3326 Hemsedal,2 Kvinner,F05-09 5-9 år,2025,Personer,77
3326 Hemsedal,2 Kvinner,F10-14 10-14 år,2025,Personer,70
3326 Hemsedal,2 Kvinner,F15-19 15-19 år,2025,Personer,68
3326 Hemsedal,2 Kvinner,F20-24 20-24 år,2025,Personer,59
3326 Hemsedal,2 Kvinner,F25-29 25-29 år,2025,Personer,64
3326 Hemsedal,2 Kvinner,F30-34 30-34 år,2025,Personer,91
3326 Hemsedal,2 Kvinner,F35-39 35-39 år,2025,Personer,110
3326 Hemsedal,2 Kvinner,F40-44 40-44 år,2025,Personer,107
3326 Hemsedal,2 Kvinner,F45-49 45-49 år,2025,Personer,88
3326 Hemsedal,2 Kvinner,F50-54 50-54 år,2025,Personer,97
3326 Hemsedal,2 Kvinner,F55-59 55-59 år,2025,Personer,89
3326 Hemsedal,2 Kvinner,F60-64 60-64 år,2025,Personer,67
3326 Hemsedal,2 Kvinner,F65-69 65-69 år,2025,Personer,59
3326 Hemsedal,2 Kvinner,F70-74 70-74 år,2025,Personer,45
3326 Hemsedal,2 Kvinner,F75-79 75-79 år,2025,Personer,52
3326 Hemsedal,2 Kvinner,F80-84 80-84 år,2025,Personer,32
3326 Hemsedal,2 Kvinner,F85-89 85-89 år,2025,Personer,23
3326 Hemsedal,2 Kvinner,F90-94 90-94 år,2025,Personer,15
3326 Hemsedal,2 Kvinner,F95-99 95-99 år,2025,Personer,2
3326 Hemsedal,2 Kvinner,F100G5+ 100 år eller eldre,2025,Personer,1
3326 Hemsedal,1 Menn,F00-04 0-4 år,2025,Personer,64
3326 Hemsedal,1 Menn,F05-09 5-9 år,2025,Personer,75
3326 Hemsedal,1 Menn,F10-14 10-14 år,2025,Personer,90
3326 Hemsedal,1 Menn,F15-19 15-19 år,2025,Personer,72
3326 Hemsedal,1 Menn,F20-24 20-24 år,2025,Personer,66
3326 Hemsedal,1 Menn,F25-29 25-29 år,2025,Personer,79
3326 Hemsedal,1 Menn,F30-34 30-34 år,2025,Personer,99
3326 Hemsedal,1 Menn,F35-39 35-39 år,2025,Personer,112
3326 Hemsedal,1 Menn,F40-44 40-44 år,2025,Personer,107
3326 Hemsedal,1 Menn,F45-49 45-49 år,2025,Personer,123
3326 Hemsedal,1 Menn,F50-54 50-54 år,2025,Personer,105
3326 Hemsedal,1 Menn,F55-59 55-59 år,2025,Personer,100
3326 Hemsedal,1 Menn,F60-64 60-64 år,2025,Personer,86
3326 Hemsedal,1 Menn,F65-69 65-69 år,2025,Personer,67
3326 Hemsedal,1 Menn,F70-74 70-74 år,2025,Personer,64
3326 Hemsedal,1 Menn,F75-79 75-79 år,2025,Personer,51
3326 Hemsedal,1 Menn,F80-84 80-84 år,2025,Personer,21
3326 Hemsedal,1 Menn,F85-89 85-89 år,2025,Personer,15
3326 Hemsedal,1 Menn,F90-94 90-94 år,2025,Personer,8
3326 Hemsedal,1 Menn,F95-99 95-99 år,2025,Personer,0
3326 Hemsedal,1 Menn,F100G5+ 100 år eller eldre,2025,Personer,0
3328 Ål,2 Kvinner,F00-04 0-4 år,2025,Personer,101
3328 Ål,2 Kvinner,F05-09 5-9 år,2025,Personer,95
3328 Ål,2 Kvinner,F10-14 10-14 år,2025,Personer,130
3328 Ål,2 Kvinner,F15-19 15-19 år,2025,Personer,160
3328 Ål,2 Kvinner,F20-24 20-24 år,2025,Personer,146
3328 Ål,2 Kvinner,F25-29 25-29 år,2025,Personer,136
3328 Ål,2 Kvinner,F30-34 30-34 år,2025,Personer,126
3328 Ål,2 Kvinner,F35-39 35-39 år,2025,Personer,120
3328 Ål,2 Kvinner,F40-44 40-44 år,2025,Personer,143
3328 Ål,2 Kvinner,F45-49 45-49 år,2025,Personer,143
3328 Ål,2 Kvinner,F50-54 50-54 år,2025,Personer,171
3328 Ål,2 Kvinner,F55-59 55-59 år,2025,Personer,171
3328 Ål,2 Kvinner,F60-64 60-64 år,2025,Personer,151
3328 Ål,2 Kvinner,F65-69 65-69 år,2025,Personer,159
3328 Ål,2 Kvinner,F70-74 70-74 år,2025,Personer,163
3328 Ål,2 Kvinner,F75-79 75-79 år,2025,Personer,130
3328 Ål,2 Kvinner,F80-84 80-84 år,2025,Personer,93
3328 Ål,2 Kvinner,F85-89 85-89 år,2025,Personer,50
3328 Ål,2 Kvinner,F90-94 90-94 år,2025,Personer,38
3328 Ål,2 Kvinner,F95-99 95-99 år,2025,Personer,10
3328 Ål,2 Kvinner,F100G5+ 100 år eller eldre,2025,Personer,3
3328 Ål,1 Menn,F00-04 0-4 år,2025,Personer,102
3328 Ål,1 Menn,F05-09 5-9 år,2025,Personer,118
3328 Ål,1 Menn,F10-14 10-14 år,2025,Personer,132
3328 Ål,1 Menn,F15-19 15-19 år,2025,Personer,165
3328 Ål,1 Menn,F20-24 20-24 år,2025,Personer,129
3328 Ål,1 Menn,F25-29 25-29 år,2025,Personer,135
3328 Ål,1 Menn,F30-34 30-34 år,2025,Personer,147
3328 Ål,1 Menn,F35-39 35-39 år,2025,Personer,150
3328 Ål,1 Menn,F40-44 40-44 år,2025,Personer,118
3328 Ål,1 Menn,F45-49 45-49 år,2025,Personer,153
3328 Ål,1 Menn,F50-54 50-54 år,2025,Personer,170
3328 Ål,1 Menn,F55-59 55-59 år,2025,Personer,160
3328 Ål,1 Menn,F60-64 60-64 år,2025,Personer,170
3328 Ål,1 Menn,F65-69 65-69 år,2025,Personer,164
3328 Ål,1 Menn,F70-74 70-74 år,2025,Personer,141
3328 Ål,1 Menn,F75-79 75-79 år,2025,Personer,125
3328 Ål,1 Menn,F80-84 80-84 år,2025,Personer,63
3328 Ål,1 Menn,F85-89 85-89 år,2025,Personer,35
3328 Ål,1 Menn,F90-94 90-94 år,2025,Personer,15
3328 Ål,1 Menn,F95-99 95-99 år,2025,Personer,3
3328 Ål,1 Menn,F100G5+ 100 år eller eldre,2025,Personer,1
3330 Hol,2 Kvinner,F00-04 0-4 år,2025,Personer,86
3330 Hol,2 Kvinner,F05-09 5-9 år,2025,Personer,113
3330 Hol,2 Kvinner,F10-14 10-14 år,2025,Personer,90
3330 Hol,2 Kvinner,F15-19 15-19 år,2025,Personer,108
3330 Hol,2 Kvinner,F20-24 20-24 år,2025,Personer,113
3330 Hol,2 Kvinner,F25-29 25-29 år,2025,Personer,103
3330 Hol,2 Kvinner,F30-34 30-34 år,2025,Personer,138
3330 Hol,2 Kvinner,F35-39 35-39 år,2025,Personer,164
3330 Hol,2 Kvinner,F40-44 40-44 år,2025,Personer,149
3330 Hol,2 Kvinner,F45-49 45-49 år,2025,Personer,126
3330 Hol,2 Kvinner,F50-54 50-54 år,2025,Personer,145
3330 Hol,2 Kvinner,F55-59 55-59 år,2025,Personer,185
3330 Hol,2 Kvinner,F60-64 60-64 år,2025,Personer,151
3330 Hol,2 Kvinner,F65-69 65-69 år,2025,Personer,162
3330 Hol,2 Kvinner,F70-74 70-74 år,2025,Personer,140
3330 Hol,2 Kvinner,F75-79 75-79 år,2025,Personer,127
3330 Hol,2 Kvinner,F80-84 80-84 år,2025,Personer,85
3330 Hol,2 Kvinner,F85-89 85-89 år,2025,Personer,45
3330 Hol,2 Kvinner,F90-94 90-94 år,2025,Personer,18
3330 Hol,2 Kvinner,F95-99 95-99 år,2025,Personer,4
3330 Hol,2 Kvinner,F100G5+ 100 år eller eldre,2025,Personer,4
3330 Hol,1 Menn,F00-04 0-4 år,2025,Personer,100
3330 Hol,1 Menn,F05-09 5-9 år,2025,Personer,120
3330 Hol,1 Menn,F10-14 10-14 år,2025,Personer,95
3330 Hol,1 Menn,F15-19 15-19 år,2025,Personer,116
3330 Hol,1 Menn,F20-24 20-24 år,2025,Personer,142
3330 Hol,1 Menn,F25-29 25-29 år,2025,Personer,95
3330 Hol,1 Menn,F30-34 30-34 år,2025,Personer,151
3330 Hol,1 Menn,F35-39 35-39 år,2025,Personer,169
3330 Hol,1 Menn,F40-44 40-44 år,2025,Personer,127
3330 Hol,1 Menn,F45-49 45-49 år,2025,Personer,138
3330 Hol,1 Menn,F50-54 50-54 år,2025,Personer,155
3330 Hol,1 Menn,F55-59 55-59 år,2025,Personer,158
3330 Hol,1 Menn,F60-64 60-64 år,2025,Personer,174
3330 Hol,1 Menn,F65-69 65-69 år,2025,Personer,145
3330 Hol,1 Menn,F70-74 70-74 år,2025,Personer,141
3330 Hol,1 Menn,F75-79 75-79 år,2025,Personer,122
3330 Hol,1 Menn,F80-84 80-84 år,2025,Personer,72
3330 Hol,1 Menn,F85-89 85-89 år,2025,Personer,33
3330 Hol,1 Menn,F90-94 90-94 år,2025,Personer,13
3330 Hol,1 Menn,F95-99 95-99 år,2025,Personer,4
3330 Hol,1 Menn,F100G5+ 100 år eller eldre,2025,Personer,1
3332 Sigdal,2 Kvinner,F00-04 0-4 år,2025,Personer,59
3332 Sigdal,2 Kvinner,F05-09 5-9 år,2025,Personer,62
3332 Sigdal,2 Kvinner,F10-14 10-14 år,2025,Personer,94
3332 Sigdal,2 Kvinner,F15-19 15-19 år,2025,Personer,96
3332 Sigdal,2 Kvinner,F20-24 20-24 år,2025,Personer,76
3332 Sigdal,2 Kvinner,F25-29 25-29 år,2025,Personer,72
3332 Sigdal,2 Kvinner,F30-34 30-34 år,2025,Personer,86
3332 Sigdal,2 Kvinner,F35-39 35-39 år,2025,Personer,93
3332 Sigdal,2 Kvinner,F40-44 40-44 år,2025,Personer,99
3332 Sigdal,2 Kvinner,F45-49 45-49 år,2025,Personer,96
3332 Sigdal,2 Kvinner,F50-54 50-54 år,2025,Personer,123
3332 Sigdal,2 Kvinner,F55-59 55-59 år,2025,Personer,142
3332 Sigdal,2 Kvinner,F60-64 60-64 år,2025,Personer,115
3332 Sigdal,2 Kvinner,F65-69 65-69 år,2025,Personer,113
3332 Sigdal,2 Kvinner,F70-74 70-74 år,2025,Personer,111
3332 Sigdal,2 Kvinner,F75-79 75-79 år,2025,Personer,103
3332 Sigdal,2 Kvinner,F80-84 80-84 år,2025,Personer,66
3332 Sigdal,2 Kvinner,F85-89 85-89 år,2025,Personer,49
3332 Sigdal,2 Kvinner,F90-94 90-94 år,2025,Personer,21
3332 Sigdal,2 Kvinner,F95-99 95-99 år,2025,Personer,7
3332 Sigdal,2 Kvinner,F100G5+ 100 år eller eldre,2025,Personer,2
3332 Sigdal,1 Menn,F00-04 0-4 år,2025,Personer,66
3332 Sigdal,1 Menn,F05-09 5-9 år,2025,Personer,86
3332 Sigdal,1 Menn,F10-14 10-14 år,2025,Personer,89
3332 Sigdal,1 Menn,F15-19 15-19 år,2025,Personer,117
3332 Sigdal,1 Menn,F20-24 20-24 år,2025,Personer,121
3332 Sigdal,1 Menn,F25-29 25-29 år,2025,Personer,80
3332 Sigdal,1 Menn,F30-34 30-34 år,2025,Personer,88
3332 Sigdal,1 Menn,F35-39 35-39 år,2025,Personer,101
3332 Sigdal,1 Menn,F40-44 40-44 år,2025,Personer,96
3332 Sigdal,1 Menn,F45-49 45-49 år,2025,Personer,100
3332 Sigdal,1 Menn,F50-54 50-54 år,2025,Personer,145
3332 Sigdal,1 Menn,F55-59 55-59 år,2025,Personer,146
3332 Sigdal,1 Menn,F60-64 60-64 år,2025,Personer,125
3332 Sigdal,1 Menn,F65-69 65-69 år,2025,Personer,138
3332 Sigdal,1 Menn,F70-74 70-74 år,2025,Personer,133
3332 Sigdal,1 Menn,F75-79 75-79 år,2025,Personer,104
3332 Sigdal,1 Menn,F80-84 80-84 år,2025,Personer,65
3332 Sigdal,1 Menn,F85-89 85-89 år,2025,Personer,31
3332 Sigdal,1 Menn,F90-94 90-94 år,2025,Personer,12
3332 Sigdal,1 Menn,F95-99 95-99 år,2025,Personer,2
3332 Sigdal,1 Menn,F100G5+ 100 år eller eldre,2025,Personer,0
3334 Flesberg,2 Kvinner,F00-04 0-4 år,2025,Personer,68
3334 Flesberg,2 Kvinner,F05-09 5-9 år,2025,Personer,77
3334 Flesberg,2 Kvinner,F10-14 10-14 år,2025,Personer,89
3334 Flesberg,2 Kvinner,F15-19 15-19 år,2025,Personer,68
3334 Flesberg,2 Kvinner,F20-24 20-24 år,2025,Personer,64
3334 Flesberg,2 Kvinner,F25-29 25-29 år,2025,Personer,60
3334 Flesberg,2 Kvinner,F30-34 30-34 år,2025,Personer,89
3334 Flesberg,2 Kvinner,F35-39 35-39 år,2025,Personer,99
3334 Flesberg,2 Kvinner,F40-44 40-44 år,2025,Personer,81
3334 Flesberg,2 Kvinner,F45-49 45-49 år,2025,Personer,63
3334 Flesberg,2 Kvinner,F50-54 50-54 år,2025,Personer,92
3334 Flesberg,2 Kvinner,F55-59 55-59 år,2025,Personer,101
3334 Flesberg,2 Kvinner,F60-64 60-64 år,2025,Personer,95
3334 Flesberg,2 Kvinner,F65-69 65-69 år,2025,Personer,86
3334 Flesberg,2 Kvinner,F70-74 70-74 år,2025,Personer,74
3334 Flesberg,2 Kvinner,F75-79 75-79 år,2025,Personer,71
3334 Flesberg,2 Kvinner,F80-84 80-84 år,2025,Personer,52
3334 Flesberg,2 Kvinner,F85-89 85-89 år,2025,Personer,24
3334 Flesberg,2 Kvinner,F90-94 90-94 år,2025,Personer,12
3334 Flesberg,2 Kvinner,F95-99 95-99 år,2025,Personer,6
3334 Flesberg,2 Kvinner,F100G5+ 100 år eller eldre,2025,Personer,1
3334 Flesberg,1 Menn,F00-04 0-4 år,2025,Personer,72
3334 Flesberg,1 Menn,F05-09 5-9 år,2025,Personer,72
3334 Flesberg,1 Menn,F10-14 10-14 år,2025,Personer,64
3334 Flesberg,1 Menn,F15-19 15-19 år,2025,Personer,90
3334 Flesberg,1 Menn,F20-24 20-24 år,2025,Personer,75
3334 Flesberg,1 Menn,F25-29 25-29 år,2025,Personer,80
3334 Flesberg,1 Menn,F30-34 30-34 år,2025,Personer,80
3334 Flesberg,1 Menn,F35-39 35-39 år,2025,Personer,94
3334 Flesberg,1 Menn,F40-44 40-44 år,2025,Personer,92
3334 Flesberg,1 Menn,F45-49 45-49 år,2025,Personer,63
3334 Flesberg,1 Menn,F50-54 50-54 år,2025,Personer,112
3334 Flesberg,1 Menn,F55-59 55-59 år,2025,Personer,99
3334 Flesberg,1 Menn,F60-64 60-64 år,2025,Personer,91
3334 Flesberg,1 Menn,F65-69 65-69 år,2025,Personer,99
3334 Flesberg,1 Menn,F70-74 70-74 år,2025,Personer,87
3334 Flesberg,1 Menn,F75-79 75-79 år,2025,Personer,82
3334 Flesberg,1 Menn,F80-84 80-84 år,2025,Personer,37
3334 Flesberg,1 Menn,F85-89 85-89 år,2025,Personer,21
3334 Flesberg,1 Menn,F90-94 90-94 år,2025,Personer,13
3334 Flesberg,1 Menn,F95-99 95-99 år,2025,Personer,2
3334 Flesberg,1 Menn,F100G5+ 100 år eller eldre,2025,Personer,0
3336 Rollag,2 Kvinner,F00-04 0-4 år,2025,Personer,23
3336 Rollag,2 Kvinner,F05-09 5-9 år,2025,Personer,39
3336 Rollag,2 Kvinner,F10-14 10-14 år,2025,Personer,33
3336 Rollag,2 Kvinner,F15-19 15-19 år,2025,Personer,28
3336 Rollag,2 Kvinner,F20-24 20-24 år,2025,Personer,32
3336 Rollag,2 Kvinner,F25-29 25-29 år,2025,Personer,35
3336 Rollag,2 Kvinner,F30-34 30-34 år,2025,Personer,31
3336 Rollag,2 Kvinner,F35-39 35-39 år,2025,Personer,49
3336 Rollag,2 Kvinner,F40-44 40-44 år,2025,Personer,31
3336 Rollag,2 Kvinner,F45-49 45-49 år,2025,Personer,32
3336 Rollag,2 Kvinner,F50-54 50-54 år,2025,Personer,57
3336 Rollag,2 Kvinner,F55-59 55-59 år,2025,Personer,39
3336 Rollag,2 Kvinner,F60-64 60-64 år,2025,Personer,52
3336 Rollag,2 Kvinner,F65-69 65-69 år,2025,Personer,54
3336 Rollag,2 Kvinner,F70-74 70-74 år,2025,Personer,53
3336 Rollag,2 Kvinner,F75-79 75-79 år,2025,Personer,39
3336 Rollag,2 Kvinner,F80-84 80-84 år,2025,Personer,31
3336 Rollag,2 Kvinner,F85-89 85-89 år,2025,Personer,17
3336 Rollag,2 Kvinner,F90-94 90-94 år,2025,Personer,15
3336 Rollag,2 Kvinner,F95-99 95-99 år,2025,Personer,6
3336 Rollag,2 Kvinner,F100G5+ 100 år eller eldre,2025,Personer,0
3336 Rollag,1 Menn,F00-04 0-4 år,2025,Personer,28
3336 Rollag,1 Menn,F05-09 5-9 år,2025,Personer,35
3336 Rollag,1 Menn,F10-14 10-14 år,2025,Personer,32
3336 Rollag,1 Menn,F15-19 15-19 år,2025,Personer,39
3336 Rollag,1 Menn,F20-24 20-24 år,2025,Personer,31
3336 Rollag,1 Menn,F25-29 25-29 år,2025,Personer,43
3336 Rollag,1 Menn,F30-34 30-34 år,2025,Personer,37
3336 Rollag,1 Menn,F35-39 35-39 år,2025,Personer,42
3336 Rollag,1 Menn,F40-44 40-44 år,2025,Personer,52
3336 Rollag,1 Menn,F45-49 45-49 år,2025,Personer,34
3336 Rollag,1 Menn,F50-54 50-54 år,2025,Personer,43
3336 Rollag,1 Menn,F55-59 55-59 år,2025,Personer,51
3336 Rollag,1 Menn,F60-64 60-64 år,2025,Personer,41
3336 Rollag,1 Menn,F65-69 65-69 år,2025,Personer,68
3336 Rollag,1 Menn,F70-74 70-74 år,2025,Personer,48
3336 Rollag,1 Menn,F75-79 75-79 år,2025,Personer,41
3336 Rollag,1 Menn,F80-84 80-84 år,2025,Personer,22
3336 Rollag,1 Menn,F85-89 85-89 år,2025,Personer,18
3336 Rollag,1 Menn,F90-94 90-94 år,2025,Personer,13
3336 Rollag,1 Menn,F95-99 95-99 år,2025,Personer,0
3336 Rollag,1 Menn,F100G5+ 100 år eller eldre,2025,Personer,0
3338 Nore og Uvdal,2 Kvinner,F00-04 0-4 år,2025,Personer,45
3338 Nore og Uvdal,2 Kvinner,F05-09 5-9 år,2025,Personer,48
3338 Nore og Uvdal,2 Kvinner,F10-14 10-14 år,2025,Personer,66
3338 Nore og Uvdal,2 Kvinner,F15-19 15-19 år,2025,Personer,56
3338 Nore og Uvdal,2 Kvinner,F20-24 20-24 år,2025,Personer,57
3338 Nore og Uvdal,2 Kvinner,F25-29 25-29 år,2025,Personer,51
3338 Nore og Uvdal,2 Kvinner,F30-34 30-34 år,2025,Personer,60
3338 Nore og Uvdal,2 Kvinner,F35-39 35-39 år,2025,Personer,71
3338 Nore og Uvdal,2 Kvinner,F40-44 40-44 år,2025,Personer,63
3338 Nore og Uvdal,2 Kvinner,F45-49 45-49 år,2025,Personer,59
3338 Nore og Uvdal,2 Kvinner,F50-54 50-54 år,2025,Personer,96
3338 Nore og Uvdal,2 Kvinner,F55-59 55-59 år,2025,Personer,101
3338 Nore og Uvdal,2 Kvinner,F60-64 60-64 år,2025,Personer,88
3338 Nore og Uvdal,2 Kvinner,F65-69 65-69 år,2025,Personer,84
3338 Nore og Uvdal,2 Kvinner,F70-74 70-74 år,2025,Personer,81
3338 Nore og Uvdal,2 Kvinner,F75-79 75-79 år,2025,Personer,70
3338 Nore og Uvdal,2 Kvinner,F80-84 80-84 år,2025,Personer,48
3338 Nore og Uvdal,2 Kvinner,F85-89 85-89 år,2025,Personer,31
3338 Nore og Uvdal,2 Kvinner,F90-94 90-94 år,2025,Personer,21
3338 Nore og Uvdal,2 Kvinner,F95-99 95-99 år,2025,Personer,6
3338 Nore og Uvdal,2 Kvinner,F100G5+ 100 år eller eldre,2025,Personer,0
3338 Nore og Uvdal,1 Menn,F00-04 0-4 år,2025,Personer,37
3338 Nore og Uvdal,1 Menn,F05-09 5-9 år,2025,Personer,62
3338 Nore og Uvdal,1 Menn,F10-14 10-14 år,2025,Personer,56
3338 Nore og Uvdal,1 Menn,F15-19 15-19 år,2025,Personer,81
3338 Nore og Uvdal,1 Menn,F20-24 20-24 år,2025,Personer,84
3338 Nore og Uvdal,1 Menn,F25-29 25-29 år,2025,Personer,82
3338 Nore og Uvdal,1 Menn,F30-34 30-34 år,2025,Personer,64
3338 Nore og Uvdal,1 Menn,F35-39 35-39 år,2025,Personer,62
3338 Nore og Uvdal,1 Menn,F40-44 40-44 år,2025,Personer,64
3338 Nore og Uvdal,1 Menn,F45-49 45-49 år,2025,Personer,65
3338 Nore og Uvdal,1 Menn,F50-54 50-54 år,2025,Personer,84
3338 Nore og Uvdal,1 Menn,F55-59 55-59 år,2025,Personer,107
3338 Nore og Uvdal,1 Menn,F60-64 60-64 år,2025,Personer,106
3338 Nore og Uvdal,1 Menn,F65-69 65-69 år,2025,Personer,86
3338 Nore og Uvdal,1 Menn,F70-74 70-74 år,2025,Personer,90
3338 Nore og Uvdal,1 Menn,F75-79 75-79 år,2025,Personer,67
3338 Nore og Uvdal,1 Menn,F80-84 80-84 år,2025,Personer,37
3338 Nore og Uvdal,1 Menn,F85-89 85-89 år,2025,Personer,19
3338 Nore og Uvdal,1 Menn,F90-94 90-94 år,2025,Personer,11
3338 Nore og Uvdal,1 Menn,F95-99 95-99 år,2025,Personer,0
3338 Nore og Uvdal,1 Menn,F100G5+ 100 år eller eldre,2025,Personer,0
3401 Kongsvinger,2 Kvinner,F00-04 0-4 år,2025,Personer,346
3401 Kongsvinger,2 Kvinner,F05-09 5-9 år,2025,Personer,392
3401 Kongsvinger,2 Kvinner,F10-14 10-14 år,2025,Personer,485
3401 Kongsvinger,2 Kvinner,F15-19 15-19 år,2025,Personer,512
3401 Kongsvinger,2 Kvinner,F20-24 20-24 år,2025,Personer,447
3401 Kongsvinger,2 Kvinner,F25-29 25-29 år,2025,Personer,444
3401 Kongsvinger,2 Kvinner,F30-34 30-34 år,2025,Personer,528
3401 Kongsvinger,2 Kvinner,F35-39 35-39 år,2025,Personer,529
3401 Kongsvinger,2 Kvinner,F40-44 40-44 år,2025,Personer,488
3401 Kongsvinger,2 Kvinner,F45-49 45-49 år,2025,Personer,538
3401 Kongsvinger,2 Kvinner,F50-54 50-54 år,2025,Personer,666
3401 Kongsvinger,2 Kvinner,F55-59 55-59 år,2025,Personer,703
3401 Kongsvinger,2 Kvinner,F60-64 60-64 år,2025,Personer,624
3401 Kongsvinger,2 Kvinner,F65-69 65-69 år,2025,Personer,626
3401 Kongsvinger,2 Kvinner,F70-74 70-74 år,2025,Personer,607
3401 Kongsvinger,2 Kvinner,F75-79 75-79 år,2025,Personer,588
3401 Kongsvinger,2 Kvinner,F80-84 80-84 år,2025,Personer,389
3401 Kongsvinger,2 Kvinner,F85-89 85-89 år,2025,Personer,186
3401 Kongsvinger,2 Kvinner,F90-94 90-94 år,2025,Personer,95
3401 Kongsvinger,2 Kvinner,F95-99 95-99 år,2025,Personer,20
3401 Kongsvinger,2 Kvinner,F100G5+ 100 år eller eldre,2025,Personer,1
3401 Kongsvinger,1 Menn,F00-04 0-4 år,2025,Personer,352
3401 Kongsvinger,1 Menn,F05-09 5-9 år,2025,Personer,430
3401 Kongsvinger,1 Menn,F10-14 10-14 år,2025,Personer,507
3401 Kongsvinger,1 Menn,F15-19 15-19 år,2025,Personer,558
3401 Kongsvinger,1 Menn,F20-24 20-24 år,2025,Personer,461
3401 Kongsvinger,1 Menn,F25-29 25-29 år,2025,Personer,495
3401 Kongsvinger,1 Menn,F30-34 30-34 år,2025,Personer,556
3401 Kongsvinger,1 Menn,F35-39 35-39 år,2025,Personer,496
3401 Kongsvinger,1 Menn,F40-44 40-44 år,2025,Personer,481
3401 Kongsvinger,1 Menn,F45-49 45-49 år,2025,Personer,542
3401 Kongsvinger,1 Menn,F50-54 50-54 år,2025,Personer,622
3401 Kongsvinger,1 Menn,F55-59 55-59 år,2025,Personer,689
3401 Kongsvinger,1 Menn,F60-64 60-64 år,2025,Personer,617
3401 Kongsvinger,1 Menn,F65-69 65-69 år,2025,Personer,556
3401 Kongsvinger,1 Menn,F70-74 70-74 år,2025,Personer,536
3401 Kongsvinger,1 Menn,F75-79 75-79 år,2025,Personer,539
3401 Kongsvinger,1 Menn,F80-84 80-84 år,2025,Personer,277
3401 Kongsvinger,1 Menn,F85-89 85-89 år,2025,Personer,131
3401 Kongsvinger,1 Menn,F90-94 90-94 år,2025,Personer,41
3401 Kongsvinger,1 Menn,F95-99 95-99 år,2025,Personer,9
3401 Kongsvinger,1 Menn,F100G5+ 100 år eller eldre,2025,Personer,0
3403 Hamar,2 Kvinner,F00-04 0-4 år,2025,Personer,754
3403 Hamar,2 Kvinner,F05-09 5-9 år,2025,Personer,792
3403 Hamar,2 Kvinner,F10-14 10-14 år,2025,Personer,869
3403 Hamar,2 Kvinner,F15-19 15-19 år,2025,Personer,949
3403 Hamar,2 Kvinner,F20-24 20-24 år,2025,Personer,936
3403 Hamar,2 Kvinner,F25-29 25-29 år,2025,Personer,960
3403 Hamar,2 Kvinner,F30-34 30-34 år,2025,Personer,1087
3403 Hamar,2 Kvinner,F35-39 35-39 år,2025,Personer,1051
3403 Hamar,2 Kvinner,F40-44 40-44 år,2025,Personer,1033
3403 Hamar,2 Kvinner,F45-49 45-49 år,2025,Personer,1071
3403 Hamar,2 Kvinner,F50-54 50-54 år,2025,Personer,1086
3403 Hamar,2 Kvinner,F55-59 55-59 år,2025,Personer,1107
3403 Hamar,2 Kvinner,F60-64 60-64 år,2025,Personer,1056
3403 Hamar,2 Kvinner,F65-69 65-69 år,2025,Personer,1067
3403 Hamar,2 Kvinner,F70-74 70-74 år,2025,Personer,1003
3403 Hamar,2 Kvinner,F75-79 75-79 år,2025,Personer,963
3403 Hamar,2 Kvinner,F80-84 80-84 år,2025,Personer,611
3403 Hamar,2 Kvinner,F85-89 85-89 år,2025,Personer,343
3403 Hamar,2 Kvinner,F90-94 90-94 år,2025,Personer,183
3403 Hamar,2 Kvinner,F95-99 95-99 år,2025,Personer,50
3403 Hamar,2 Kvinner,F100G5+ 100 år eller eldre,2025,Personer,11
3403 Hamar,1 Menn,F00-04 0-4 år,2025,Personer,744
3403 Hamar,1 Menn,F05-09 5-9 år,2025,Personer,842
3403 Hamar,1 Menn,F10-14 10-14 år,2025,Personer,943
3403 Hamar,1 Menn,F15-19 15-19 år,2025,Personer,1065
3403 Hamar,1 Menn,F20-24 20-24 år,2025,Personer,970
3403 Hamar,1 Menn,F25-29 25-29 år,2025,Personer,1024
3403 Hamar,1 Menn,F30-34 30-34 år,2025,Personer,1138
3403 Hamar,1 Menn,F35-39 35-39 år,2025,Personer,1102
3403 Hamar,1 Menn,F40-44 40-44 år,2025,Personer,1025
3403 Hamar,1 Menn,F45-49 45-49 år,2025,Personer,1042
3403 Hamar,1 Menn,F50-54 50-54 år,2025,Personer,1061
3403 Hamar,1 Menn,F55-59 55-59 år,2025,Personer,1092
3403 Hamar,1 Menn,F60-64 60-64 år,2025,Personer,956
3403 Hamar,1 Menn,F65-69 65-69 år,2025,Personer,922
3403 Hamar,1 Menn,F70-74 70-74 år,2025,Personer,881
3403 Hamar,1 Menn,F75-79 75-79 år,2025,Personer,840
3403 Hamar,1 Menn,F80-84 80-84 år,2025,Personer,469
3403 Hamar,1 Menn,F85-89 85-89 år,2025,Personer,210
3403 Hamar,1 Menn,F90-94 90-94 år,2025,Personer,104
3403 Hamar,1 Menn,F95-99 95-99 år,2025,Personer,25
3403 Hamar,1 Menn,F100G5+ 100 år eller eldre,2025,Personer,4
3405 Lillehammer,2 Kvinner,F00-04 0-4 år,2025,Personer,651
3405 Lillehammer,2 Kvinner,F05-09 5-9 år,2025,Personer,689
3405 Lillehammer,2 Kvinner,F10-14 10-14 år,2025,Personer,768
3405 Lillehammer,2 Kvinner,F15-19 15-19 år,2025,Personer,853
3405 Lillehammer,2 Kvinner,F20-24 20-24 år,2025,Personer,1099
3405 Lillehammer,2 Kvinner,F25-29 25-29 år,2025,Personer,888
3405 Lillehammer,2 Kvinner,F30-34 30-34 år,2025,Personer,909
3405 Lillehammer,2 Kvinner,F35-39 35-39 år,2025,Personer,905
3405 Lillehammer,2 Kvinner,F40-44 40-44 år,2025,Personer,846
3405 Lillehammer,2 Kvinner,F45-49 45-49 år,2025,Personer,861
3405 Lillehammer,2 Kvinner,F50-54 50-54 år,2025,Personer,956
3405 Lillehammer,2 Kvinner,F55-59 55-59 år,2025,Personer,1001
3405 Lillehammer,2 Kvinner,F60-64 60-64 år,2025,Personer,947
3405 Lillehammer,2 Kvinner,F65-69 65-69 år,2025,Personer,874
3405 Lillehammer,2 Kvinner,F70-74 70-74 år,2025,Personer,831
3405 Lillehammer,2 Kvinner,F75-79 75-79 år,2025,Personer,757
3405 Lillehammer,2 Kvinner,F80-84 80-84 år,2025,Personer,511
3405 Lillehammer,2 Kvinner,F85-89 85-89 år,2025,Personer,317
3405 Lillehammer,2 Kvinner,F90-94 90-94 år,2025,Personer,149
3405 Lillehammer,2 Kvinner,F95-99 95-99 år,2025,Personer,54
3405 Lillehammer,2 Kvinner,F100G5+ 100 år eller eldre,2025,Personer,6
3405 Lillehammer,1 Menn,F00-04 0-4 år,2025,Personer,655
3405 Lillehammer,1 Menn,F05-09 5-9 år,2025,Personer,725
3405 Lillehammer,1 Menn,F10-14 10-14 år,2025,Personer,838
3405 Lillehammer,1 Menn,F15-19 15-19 år,2025,Personer,936
3405 Lillehammer,1 Menn,F20-24 20-24 år,2025,Personer,966
3405 Lillehammer,1 Menn,F25-29 25-29 år,2025,Personer,911
3405 Lillehammer,1 Menn,F30-34 30-34 år,2025,Personer,949
3405 Lillehammer,1 Menn,F35-39 35-39 år,2025,Personer,886
3405 Lillehammer,1 Menn,F40-44 40-44 år,2025,Personer,789
3405 Lillehammer,1 Menn,F45-49 45-49 år,2025,Personer,842
3405 Lillehammer,1 Menn,F50-54 50-54 år,2025,Personer,922
3405 Lillehammer,1 Menn,F55-59 55-59 år,2025,Personer,916
3405 Lillehammer,1 Menn,F60-64 60-64 år,2025,Personer,848
3405 Lillehammer,1 Menn,F65-69 65-69 år,2025,Personer,856
3405 Lillehammer,1 Menn,F70-74 70-74 år,2025,Personer,723
3405 Lillehammer,1 Menn,F75-79 75-79 år,2025,Personer,656
3405 Lillehammer,1 Menn,F80-84 80-84 år,2025,Personer,404
3405 Lillehammer,1 Menn,F85-89 85-89 år,2025,Personer,221
3405 Lillehammer,1 Menn,F90-94 90-94 år,2025,Personer,77
3405 Lillehammer,1 Menn,F95-99 95-99 år,2025,Personer,18
3405 Lillehammer,1 Menn,F100G5+ 100 år eller eldre,2025,Personer,1
3407 Gjøvik,2 Kvinner,F00-04 0-4 år,2025,Personer,634
3407 Gjøvik,2 Kvinner,F05-09 5-9 år,2025,Personer,703
3407 Gjøvik,2 Kvinner,F10-14 10-14 år,2025,Personer,847
3407 Gjøvik,2 Kvinner,F15-19 15-19 år,2025,Personer,873
3407 Gjøvik,2 Kvinner,F20-24 20-24 år,2025,Personer,986
3407 Gjøvik,2 Kvinner,F25-29 25-29 år,2025,Personer,884
3407 Gjøvik,2 Kvinner,F30-34 30-34 år,2025,Personer,938
3407 Gjøvik,2 Kvinner,F35-39 35-39 år,2025,Personer,939
3407 Gjøvik,2 Kvinner,F40-44 40-44 år,2025,Personer,949
3407 Gjøvik,2 Kvinner,F45-49 45-49 år,2025,Personer,983
3407 Gjøvik,2 Kvinner,F50-54 50-54 år,2025,Personer,1061
3407 Gjøvik,2 Kvinner,F55-59 55-59 år,2025,Personer,1041
3407 Gjøvik,2 Kvinner,F60-64 60-64 år,2025,Personer,959
3407 Gjøvik,2 Kvinner,F65-69 65-69 år,2025,Personer,952
3407 Gjøvik,2 Kvinner,F70-74 70-74 år,2025,Personer,867
3407 Gjøvik,2 Kvinner,F75-79 75-79 år,2025,Personer,769
3407 Gjøvik,2 Kvinner,F80-84 80-84 år,2025,Personer,572
3407 Gjøvik,2 Kvinner,F85-89 85-89 år,2025,Personer,311
3407 Gjøvik,2 Kvinner,F90-94 90-94 år,2025,Personer,133
3407 Gjøvik,2 Kvinner,F95-99 95-99 år,2025,Personer,40
3407 Gjøvik,2 Kvinner,F100G5+ 100 år eller eldre,2025,Personer,4
3407 Gjøvik,1 Menn,F00-04 0-4 år,2025,Personer,678
3407 Gjøvik,1 Menn,F05-09 5-9 år,2025,Personer,784
3407 Gjøvik,1 Menn,F10-14 10-14 år,2025,Personer,902
3407 Gjøvik,1 Menn,F15-19 15-19 år,2025,Personer,1020
3407 Gjøvik,1 Menn,F20-24 20-24 år,2025,Personer,1135
3407 Gjøvik,1 Menn,F25-29 25-29 år,2025,Personer,1094
3407 Gjøvik,1 Menn,F30-34 30-34 år,2025,Personer,1016
3407 Gjøvik,1 Menn,F35-39 35-39 år,2025,Personer,1000
3407 Gjøvik,1 Menn,F40-44 40-44 år,2025,Personer,954
3407 Gjøvik,1 Menn,F45-49 45-49 år,2025,Personer,956
3407 Gjøvik,1 Menn,F50-54 50-54 år,2025,Personer,1119
3407 Gjøvik,1 Menn,F55-59 55-59 år,2025,Personer,1019
3407 Gjøvik,1 Menn,F60-64 60-64 år,2025,Personer,999
3407 Gjøvik,1 Menn,F65-69 65-69 år,2025,Personer,872
3407 Gjøvik,1 Menn,F70-74 70-74 år,2025,Personer,775
3407 Gjøvik,1 Menn,F75-79 75-79 år,2025,Personer,702
3407 Gjøvik,1 Menn,F80-84 80-84 år,2025,Personer,443
3407 Gjøvik,1 Menn,F85-89 85-89 år,2025,Personer,173
3407 Gjøvik,1 Menn,F90-94 90-94 år,2025,Personer,71
3407 Gjøvik,1 Menn,F95-99 95-99 år,2025,Personer,16
3407 Gjøvik,1 Menn,F100G5+ 100 år eller eldre,2025,Personer,2
3411 Ringsaker,2 Kvinner,F00-04 0-4 år,2025,Personer,786
3411 Ringsaker,2 Kvinner,F05-09 5-9 år,2025,Personer,841
3411 Ringsaker,2 Kvinner,F10-14 10-14 år,2025,Personer,931
3411 Ringsaker,2 Kvinner,F15-19 15-19 år,2025,Personer,1049
3411 Ringsaker,2 Kvinner,F20-24 20-24 år,2025,Personer,897
3411 Ringsaker,2 Kvinner,F25-29 25-29 år,2025,Personer,957
3411 Ringsaker,2 Kvinner,F30-34 30-34 år,2025,Personer,1165
3411 Ringsaker,2 Kvinner,F35-39 35-39 år,2025,Personer,1091
3411 Ringsaker,2 Kvinner,F40-44 40-44 år,2025,Personer,1086
3411 Ringsaker,2 Kvinner,F45-49 45-49 år,2025,Personer,1079
3411 Ringsaker,2 Kvinner,F50-54 50-54 år,2025,Personer,1287
3411 Ringsaker,2 Kvinner,F55-59 55-59 år,2025,Personer,1268
3411 Ringsaker,2 Kvinner,F60-64 60-64 år,2025,Personer,1220
3411 Ringsaker,2 Kvinner,F65-69 65-69 år,2025,Personer,1050
3411 Ringsaker,2 Kvinner,F70-74 70-74 år,2025,Personer,957
3411 Ringsaker,2 Kvinner,F75-79 75-79 år,2025,Personer,895
3411 Ringsaker,2 Kvinner,F80-84 80-84 år,2025,Personer,575
3411 Ringsaker,2 Kvinner,F85-89 85-89 år,2025,Personer,324
3411 Ringsaker,2 Kvinner,F90-94 90-94 år,2025,Personer,159
3411 Ringsaker,2 Kvinner,F95-99 95-99 år,2025,Personer,36
3411 Ringsaker,2 Kvinner,F100G5+ 100 år eller eldre,2025,Personer,8
3411 Ringsaker,1 Menn,F00-04 0-4 år,2025,Personer,883
3411 Ringsaker,1 Menn,F05-09 5-9 år,2025,Personer,980
3411 Ringsaker,1 Menn,F10-14 10-14 år,2025,Personer,1005
3411 Ringsaker,1 Menn,F15-19 15-19 år,2025,Personer,1116
3411 Ringsaker,1 Menn,F20-24 20-24 år,2025,Personer,1010
3411 Ringsaker,1 Menn,F25-29 25-29 år,2025,Personer,1044
3411 Ringsaker,1 Menn,F30-34 30-34 år,2025,Personer,1223
3411 Ringsaker,1 Menn,F35-39 35-39 år,2025,Personer,1178
3411 Ringsaker,1 Menn,F40-44 40-44 år,2025,Personer,1140
3411 Ringsaker,1 Menn,F45-49 45-49 år,2025,Personer,1114
3411 Ringsaker,1 Menn,F50-54 50-54 år,2025,Personer,1309
3411 Ringsaker,1 Menn,F55-59 55-59 år,2025,Personer,1319
3411 Ringsaker,1 Menn,F60-64 60-64 år,2025,Personer,1263
3411 Ringsaker,1 Menn,F65-69 65-69 år,2025,Personer,1102
3411 Ringsaker,1 Menn,F70-74 70-74 år,2025,Personer,923
3411 Ringsaker,1 Menn,F75-79 75-79 år,2025,Personer,811
3411 Ringsaker,1 Menn,F80-84 80-84 år,2025,Personer,506
3411 Ringsaker,1 Menn,F85-89 85-89 år,2025,Personer,216
3411 Ringsaker,1 Menn,F90-94 90-94 år,2025,Personer,90
3411 Ringsaker,1 Menn,F95-99 95-99 år,2025,Personer,18
3411 Ringsaker,1 Menn,F100G5+ 100 år eller eldre,2025,Personer,0
3412 Løten,2 Kvinner,F00-04 0-4 år,2025,Personer,184
3412 Løten,2 Kvinner,F05-09 5-9 år,2025,Personer,184
3412 Løten,2 Kvinner,F10-14 10-14 år,2025,Personer,218
3412 Løten,2 Kvinner,F15-19 15-19 år,2025,Personer,213
3412 Løten,2 Kvinner,F20-24 20-24 år,2025,Personer,185
3412 Løten,2 Kvinner,F25-29 25-29 år,2025,Personer,200
3412 Løten,2 Kvinner,F30-34 30-34 år,2025,Personer,254
3412 Løten,2 Kvinner,F35-39 35-39 år,2025,Personer,280
3412 Løten,2 Kvinner,F40-44 40-44 år,2025,Personer,257
3412 Løten,2 Kvinner,F45-49 45-49 år,2025,Personer,221
3412 Løten,2 Kvinner,F50-54 50-54 år,2025,Personer,236
3412 Løten,2 Kvinner,F55-59 55-59 år,2025,Personer,292
3412 Løten,2 Kvinner,F60-64 60-64 år,2025,Personer,266
3412 Løten,2 Kvinner,F65-69 65-69 år,2025,Personer,268
3412 Løten,2 Kvinner,F70-74 70-74 år,2025,Personer,214
3412 Løten,2 Kvinner,F75-79 75-79 år,2025,Personer,195
3412 Løten,2 Kvinner,F80-84 80-84 år,2025,Personer,151
3412 Løten,2 Kvinner,F85-89 85-89 år,2025,Personer,75
3412 Løten,2 Kvinner,F90-94 90-94 år,2025,Personer,31
3412 Løten,2 Kvinner,F95-99 95-99 år,2025,Personer,4
3412 Løten,2 Kvinner,F100G5+ 100 år eller eldre,2025,Personer,0
3412 Løten,1 Menn,F00-04 0-4 år,2025,Personer,200
3412 Løten,1 Menn,F05-09 5-9 år,2025,Personer,232
3412 Løten,1 Menn,F10-14 10-14 år,2025,Personer,252
3412 Løten,1 Menn,F15-19 15-19 år,2025,Personer,246
3412 Løten,1 Menn,F20-24 20-24 år,2025,Personer,185
3412 Løten,1 Menn,F25-29 25-29 år,2025,Personer,214
3412 Løten,1 Menn,F30-34 30-34 år,2025,Personer,248
3412 Løten,1 Menn,F35-39 35-39 år,2025,Personer,228
3412 Løten,1 Menn,F40-44 40-44 år,2025,Personer,288
3412 Løten,1 Menn,F45-49 45-49 år,2025,Personer,245
3412 Løten,1 Menn,F50-54 50-54 år,2025,Personer,265
3412 Løten,1 Menn,F55-59 55-59 år,2025,Personer,278
3412 Løten,1 Menn,F60-64 60-64 år,2025,Personer,244
3412 Løten,1 Menn,F65-69 65-69 år,2025,Personer,261
3412 Løten,1 Menn,F70-74 70-74 år,2025,Personer,222
3412 Løten,1 Menn,F75-79 75-79 år,2025,Personer,202
3412 Løten,1 Menn,F80-84 80-84 år,2025,Personer,124
3412 Løten,1 Menn,F85-89 85-89 år,2025,Personer,42
3412 Løten,1 Menn,F90-94 90-94 år,2025,Personer,21
3412 Løten,1 Menn,F95-99 95-99 år,2025,Personer,6
3412 Løten,1 Menn,F100G5+ 100 år eller eldre,2025,Personer,0
3413 Stange,2 Kvinner,F00-04 0-4 år,2025,Personer,519
3413 Stange,2 Kvinner,F05-09 5-9 år,2025,Personer,563
3413 Stange,2 Kvinner,F10-14 10-14 år,2025,Personer,622
3413 Stange,2 Kvinner,F15-19 15-19 år,2025,Personer,591
3413 Stange,2 Kvinner,F20-24 20-24 år,2025,Personer,530
3413 Stange,2 Kvinner,F25-29 25-29 år,2025,Personer,519
3413 Stange,2 Kvinner,F30-34 30-34 år,2025,Personer,664
3413 Stange,2 Kvinner,F35-39 35-39 år,2025,Personer,794
3413 Stange,2 Kvinner,F40-44 40-44 år,2025,Personer,652
3413 Stange,2 Kvinner,F45-49 45-49 år,2025,Personer,682
3413 Stange,2 Kvinner,F50-54 50-54 år,2025,Personer,751
3413 Stange,2 Kvinner,F55-59 55-59 år,2025,Personer,736
3413 Stange,2 Kvinner,F60-64 60-64 år,2025,Personer,675
3413 Stange,2 Kvinner,F65-69 65-69 år,2025,Personer,703
3413 Stange,2 Kvinner,F70-74 70-74 år,2025,Personer,644
3413 Stange,2 Kvinner,F75-79 75-79 år,2025,Personer,568
3413 Stange,2 Kvinner,F80-84 80-84 år,2025,Personer,343
3413 Stange,2 Kvinner,F85-89 85-89 år,2025,Personer,187
3413 Stange,2 Kvinner,F90-94 90-94 år,2025,Personer,108
3413 Stange,2 Kvinner,F95-99 95-99 år,2025,Personer,35
3413 Stange,2 Kvinner,F100G5+ 100 år eller eldre,2025,Personer,4
3413 Stange,1 Menn,F00-04 0-4 år,2025,Personer,555
3413 Stange,1 Menn,F05-09 5-9 år,2025,Personer,653
3413 Stange,1 Menn,F10-14 10-14 år,2025,Personer,712
3413 Stange,1 Menn,F15-19 15-19 år,2025,Personer,610
3413 Stange,1 Menn,F20-24 20-24 år,2025,Personer,546
3413 Stange,1 Menn,F25-29 25-29 år,2025,Personer,572
3413 Stange,1 Menn,F30-34 30-34 år,2025,Personer,646
3413 Stange,1 Menn,F35-39 35-39 år,2025,Personer,732
3413 Stange,1 Menn,F40-44 40-44 år,2025,Personer,716
3413 Stange,1 Menn,F45-49 45-49 år,2025,Personer,688
3413 Stange,1 Menn,F50-54 50-54 år,2025,Personer,761
3413 Stange,1 Menn,F55-59 55-59 år,2025,Personer,766
3413 Stange,1 Menn,F60-64 60-64 år,2025,Personer,680
3413 Stange,1 Menn,F65-69 65-69 år,2025,Personer,618
3413 Stange,1 Menn,F70-74 70-74 år,2025,Personer,568
3413 Stange,1 Menn,F75-79 75-79 år,2025,Personer,490
3413 Stange,1 Menn,F80-84 80-84 år,2025,Personer,294
3413 Stange,1 Menn,F85-89 85-89 år,2025,Personer,130
3413 Stange,1 Menn,F90-94 90-94 år,2025,Personer,53
3413 Stange,1 Menn,F95-99 95-99 år,2025,Personer,11
3413 Stange,1 Menn,F100G5+ 100 år eller eldre,2025,Personer,0
3414 Nord-Odal,2 Kvinner,F00-04 0-4 år,2025,Personer,80
3414 Nord-Odal,2 Kvinner,F05-09 5-9 år,2025,Personer,95
3414 Nord-Odal,2 Kvinner,F10-14 10-14 år,2025,Personer,118
3414 Nord-Odal,2 Kvinner,F15-19 15-19 år,2025,Personer,131
3414 Nord-Odal,2 Kvinner,F20-24 20-24 år,2025,Personer,115
3414 Nord-Odal,2 Kvinner,F25-29 25-29 år,2025,Personer,120
3414 Nord-Odal,2 Kvinner,F30-34 30-34 år,2025,Personer,100
3414 Nord-Odal,2 Kvinner,F35-39 35-39 år,2025,Personer,134
3414 Nord-Odal,2 Kvinner,F40-44 40-44 år,2025,Personer,132
3414 Nord-Odal,2 Kvinner,F45-49 45-49 år,2025,Personer,141
3414 Nord-Odal,2 Kvinner,F50-54 50-54 år,2025,Personer,199
3414 Nord-Odal,2 Kvinner,F55-59 55-59 år,2025,Personer,194
3414 Nord-Odal,2 Kvinner,F60-64 60-64 år,2025,Personer,193
3414 Nord-Odal,2 Kvinner,F65-69 65-69 år,2025,Personer,195
3414 Nord-Odal,2 Kvinner,F70-74 70-74 år,2025,Personer,177
3414 Nord-Odal,2 Kvinner,F75-79 75-79 år,2025,Personer,158
3414 Nord-Odal,2 Kvinner,F80-84 80-84 år,2025,Personer,93
3414 Nord-Odal,2 Kvinner,F85-89 85-89 år,2025,Personer,51
3414 Nord-Odal,2 Kvinner,F90-94 90-94 år,2025,Personer,28
3414 Nord-Odal,2 Kvinner,F95-99 95-99 år,2025,Personer,8
3414 Nord-Odal,2 Kvinner,F100G5+ 100 år eller eldre,2025,Personer,0
3414 Nord-Odal,1 Menn,F00-04 0-4 år,2025,Personer,85
3414 Nord-Odal,1 Menn,F05-09 5-9 år,2025,Personer,98
3414 Nord-Odal,1 Menn,F10-14 10-14 år,2025,Personer,119
3414 Nord-Odal,1 Menn,F15-19 15-19 år,2025,Personer,137
3414 Nord-Odal,1 Menn,F20-24 20-24 år,2025,Personer,139
3414 Nord-Odal,1 Menn,F25-29 25-29 år,2025,Personer,140
3414 Nord-Odal,1 Menn,F30-34 30-34 år,2025,Personer,129
3414 Nord-Odal,1 Menn,F35-39 35-39 år,2025,Personer,143
3414 Nord-Odal,1 Menn,F40-44 40-44 år,2025,Personer,114
3414 Nord-Odal,1 Menn,F45-49 45-49 år,2025,Personer,136
3414 Nord-Odal,1 Menn,F50-54 50-54 år,2025,Personer,186
3414 Nord-Odal,1 Menn,F55-59 55-59 år,2025,Personer,226
3414 Nord-Odal,1 Menn,F60-64 60-64 år,2025,Personer,204
3414 Nord-Odal,1 Menn,F65-69 65-69 år,2025,Personer,197
3414 Nord-Odal,1 Menn,F70-74 70-74 år,2025,Personer,163
3414 Nord-Odal,1 Menn,F75-79 75-79 år,2025,Personer,172
3414 Nord-Odal,1 Menn,F80-84 80-84 år,2025,Personer,85
3414 Nord-Odal,1 Menn,F85-89 85-89 år,2025,Personer,49
3414 Nord-Odal,1 Menn,F90-94 90-94 år,2025,Personer,20
3414 Nord-Odal,1 Menn,F95-99 95-99 år,2025,Personer,2
3414 Nord-Odal,1 Menn,F100G5+ 100 år eller eldre,2025,Personer,0
3415 Sør-Odal,2 Kvinner,F00-04 0-4 år,2025,Personer,166
3415 Sør-Odal,2 Kvinner,F05-09 5-9 år,2025,Personer,174
3415 Sør-Odal,2 Kvinner,F10-14 10-14 år,2025,Personer,192
3415 Sør-Odal,2 Kvinner,F15-19 15-19 år,2025,Personer,231
3415 Sør-Odal,2 Kvinner,F20-24 20-24 år,2025,Personer,177
3415 Sør-Odal,2 Kvinner,F25-29 25-29 år,2025,Personer,178
3415 Sør-Odal,2 Kvinner,F30-34 30-34 år,2025,Personer,235
3415 Sør-Odal,2 Kvinner,F35-39 35-39 år,2025,Personer,224
3415 Sør-Odal,2 Kvinner,F40-44 40-44 år,2025,Personer,248
3415 Sør-Odal,2 Kvinner,F45-49 45-49 år,2025,Personer,275
3415 Sør-Odal,2 Kvinner,F50-54 50-54 år,2025,Personer,332
3415 Sør-Odal,2 Kvinner,F55-59 55-59 år,2025,Personer,319
3415 Sør-Odal,2 Kvinner,F60-64 60-64 år,2025,Personer,299
3415 Sør-Odal,2 Kvinner,F65-69 65-69 år,2025,Personer,280
3415 Sør-Odal,2 Kvinner,F70-74 70-74 år,2025,Personer,258
3415 Sør-Odal,2 Kvinner,F75-79 75-79 år,2025,Personer,202
3415 Sør-Odal,2 Kvinner,F80-84 80-84 år,2025,Personer,112
3415 Sør-Odal,2 Kvinner,F85-89 85-89 år,2025,Personer,81
3415 Sør-Odal,2 Kvinner,F90-94 90-94 år,2025,Personer,46
3415 Sør-Odal,2 Kvinner,F95-99 95-99 år,2025,Personer,11
3415 Sør-Odal,2 Kvinner,F100G5+ 100 år eller eldre,2025,Personer,0
3415 Sør-Odal,1 Menn,F00-04 0-4 år,2025,Personer,149
3415 Sør-Odal,1 Menn,F05-09 5-9 år,2025,Personer,217
3415 Sør-Odal,1 Menn,F10-14 10-14 år,2025,Personer,221
3415 Sør-Odal,1 Menn,F15-19 15-19 år,2025,Personer,229
3415 Sør-Odal,1 Menn,F20-24 20-24 år,2025,Personer,214
3415 Sør-Odal,1 Menn,F25-29 25-29 år,2025,Personer,205
3415 Sør-Odal,1 Menn,F30-34 30-34 år,2025,Personer,242
3415 Sør-Odal,1 Menn,F35-39 35-39 år,2025,Personer,260
3415 Sør-Odal,1 Menn,F40-44 40-44 år,2025,Personer,272
3415 Sør-Odal,1 Menn,F45-49 45-49 år,2025,Personer,238
3415 Sør-Odal,1 Menn,F50-54 50-54 år,2025,Personer,325
3415 Sør-Odal,1 Menn,F55-59 55-59 år,2025,Personer,318
3415 Sør-Odal,1 Menn,F60-64 60-64 år,2025,Personer,284
3415 Sør-Odal,1 Menn,F65-69 65-69 år,2025,Personer,284
3415 Sør-Odal,1 Menn,F70-74 70-74 år,2025,Personer,249
3415 Sør-Odal,1 Menn,F75-79 75-79 år,2025,Personer,231
3415 Sør-Odal,1 Menn,F80-84 80-84 år,2025,Personer,100
3415 Sør-Odal,1 Menn,F85-89 85-89 år,2025,Personer,47
3415 Sør-Odal,1 Menn,F90-94 90-94 år,2025,Personer,20
3415 Sør-Odal,1 Menn,F95-99 95-99 år,2025,Personer,5
3415 Sør-Odal,1 Menn,F100G5+ 100 år eller eldre,2025,Personer,0
3416 Eidskog,2 Kvinner,F00-04 0-4 år,2025,Personer,107
3416 Eidskog,2 Kvinner,F05-09 5-9 år,2025,Personer,126
3416 Eidskog,2 Kvinner,F10-14 10-14 år,2025,Personer,135
3416 Eidskog,2 Kvinner,F15-19 15-19 år,2025,Personer,153
3416 Eidskog,2 Kvinner,F20-24 20-24 år,2025,Personer,134
3416 Eidskog,2 Kvinner,F25-29 25-29 år,2025,Personer,127
3416 Eidskog,2 Kvinner,F30-34 30-34 år,2025,Personer,143
3416 Eidskog,2 Kvinner,F35-39 35-39 år,2025,Personer,158
3416 Eidskog,2 Kvinner,F40-44 40-44 år,2025,Personer,149
3416 Eidskog,2 Kvinner,F45-49 45-49 år,2025,Personer,167
3416 Eidskog,2 Kvinner,F50-54 50-54 år,2025,Personer,243
3416 Eidskog,2 Kvinner,F55-59 55-59 år,2025,Personer,255
3416 Eidskog,2 Kvinner,F60-64 60-64 år,2025,Personer,235
3416 Eidskog,2 Kvinner,F65-69 65-69 år,2025,Personer,242
3416 Eidskog,2 Kvinner,F70-74 70-74 år,2025,Personer,220
3416 Eidskog,2 Kvinner,F75-79 75-79 år,2025,Personer,182
3416 Eidskog,2 Kvinner,F80-84 80-84 år,2025,Personer,122
3416 Eidskog,2 Kvinner,F85-89 85-89 år,2025,Personer,68
3416 Eidskog,2 Kvinner,F90-94 90-94 år,2025,Personer,40
3416 Eidskog,2 Kvinner,F95-99 95-99 år,2025,Personer,12
3416 Eidskog,2 Kvinner,F100G5+ 100 år eller eldre,2025,Personer,3
3416 Eidskog,1 Menn,F00-04 0-4 år,2025,Personer,111
3416 Eidskog,1 Menn,F05-09 5-9 år,2025,Personer,113
3416 Eidskog,1 Menn,F10-14 10-14 år,2025,Personer,149
3416 Eidskog,1 Menn,F15-19 15-19 år,2025,Personer,124
3416 Eidskog,1 Menn,F20-24 20-24 år,2025,Personer,156
3416 Eidskog,1 Menn,F25-29 25-29 år,2025,Personer,145
3416 Eidskog,1 Menn,F30-34 30-34 år,2025,Personer,171
3416 Eidskog,1 Menn,F35-39 35-39 år,2025,Personer,154
3416 Eidskog,1 Menn,F40-44 40-44 år,2025,Personer,148
3416 Eidskog,1 Menn,F45-49 45-49 år,2025,Personer,152
3416 Eidskog,1 Menn,F50-54 50-54 år,2025,Personer,234
3416 Eidskog,1 Menn,F55-59 55-59 år,2025,Personer,289
3416 Eidskog,1 Menn,F60-64 60-64 år,2025,Personer,244
3416 Eidskog,1 Menn,F65-69 65-69 år,2025,Personer,271
3416 Eidskog,1 Menn,F70-74 70-74 år,2025,Personer,198
3416 Eidskog,1 Menn,F75-79 75-79 år,2025,Personer,208
3416 Eidskog,1 Menn,F80-84 80-84 år,2025,Personer,110
3416 Eidskog,1 Menn,F85-89 85-89 år,2025,Personer,38
3416 Eidskog,1 Menn,F90-94 90-94 år,2025,Personer,20
3416 Eidskog,1 Menn,F95-99 95-99 år,2025,Personer,3
3416 Eidskog,1 Menn,F100G5+ 100 år eller eldre,2025,Personer,0
3417 Grue,2 Kvinner,F00-04 0-4 år,2025,Personer,77
3417 Grue,2 Kvinner,F05-09 5-9 år,2025,Personer,71
3417 Grue,2 Kvinner,F10-14 10-14 år,2025,Personer,96
3417 Grue,2 Kvinner,F15-19 15-19 år,2025,Personer,99
3417 Grue,2 Kvinner,F20-24 20-24 år,2025,Personer,102
3417 Grue,2 Kvinner,F25-29 25-29 år,2025,Personer,95
3417 Grue,2 Kvinner,F30-34 30-34 år,2025,Personer,121
3417 Grue,2 Kvinner,F35-39 35-39 år,2025,Personer,112
3417 Grue,2 Kvinner,F40-44 40-44 år,2025,Personer,101
3417 Grue,2 Kvinner,F45-49 45-49 år,2025,Personer,100
3417 Grue,2 Kvinner,F50-54 50-54 år,2025,Personer,172
3417 Grue,2 Kvinner,F55-59 55-59 år,2025,Personer,204
3417 Grue,2 Kvinner,F60-64 60-64 år,2025,Personer,176
3417 Grue,2 Kvinner,F65-69 65-69 år,2025,Personer,183
3417 Grue,2 Kvinner,F70-74 70-74 år,2025,Personer,161
3417 Grue,2 Kvinner,F75-79 75-79 år,2025,Personer,180
3417 Grue,2 Kvinner,F80-84 80-84 år,2025,Personer,101
3417 Grue,2 Kvinner,F85-89 85-89 år,2025,Personer,53
3417 Grue,2 Kvinner,F90-94 90-94 år,2025,Personer,34
3417 Grue,2 Kvinner,F95-99 95-99 år,2025,Personer,10
3417 Grue,2 Kvinner,F100G5+ 100 år eller eldre,2025,Personer,1
3417 Grue,1 Menn,F00-04 0-4 år,2025,Personer,80
3417 Grue,1 Menn,F05-09 5-9 år,2025,Personer,67
3417 Grue,1 Menn,F10-14 10-14 år,2025,Personer,91
3417 Grue,1 Menn,F15-19 15-19 år,2025,Personer,120
3417 Grue,1 Menn,F20-24 20-24 år,2025,Personer,109
3417 Grue,1 Menn,F25-29 25-29 år,2025,Personer,109
3417 Grue,1 Menn,F30-34 30-34 år,2025,Personer,141
3417 Grue,1 Menn,F35-39 35-39 år,2025,Personer,105
3417 Grue,1 Menn,F40-44 40-44 år,2025,Personer,96
3417 Grue,1 Menn,F45-49 45-49 år,2025,Personer,126
3417 Grue,1 Menn,F50-54 50-54 år,2025,Personer,148
3417 Grue,1 Menn,F55-59 55-59 år,2025,Personer,212
3417 Grue,1 Menn,F60-64 60-64 år,2025,Personer,175
3417 Grue,1 Menn,F65-69 65-69 år,2025,Personer,209
3417 Grue,1 Menn,F70-74 70-74 år,2025,Personer,149
3417 Grue,1 Menn,F75-79 75-79 år,2025,Personer,169
3417 Grue,1 Menn,F80-84 80-84 år,2025,Personer,96
3417 Grue,1 Menn,F85-89 85-89 år,2025,Personer,46
3417 Grue,1 Menn,F90-94 90-94 år,2025,Personer,14
3417 Grue,1 Menn,F95-99 95-99 år,2025,Personer,2
3417 Grue,1 Menn,F100G5+ 100 år eller eldre,2025,Personer,0
3418 Åsnes,2 Kvinner,F00-04 0-4 år,2025,Personer,117
3418 Åsnes,2 Kvinner,F05-09 5-9 år,2025,Personer,144
3418 Åsnes,2 Kvinner,F10-14 10-14 år,2025,Personer,187
3418 Åsnes,2 Kvinner,F15-19 15-19 år,2025,Personer,177
3418 Åsnes,2 Kvinner,F20-24 20-24 år,2025,Personer,148
3418 Åsnes,2 Kvinner,F25-29 25-29 år,2025,Personer,169
3418 Åsnes,2 Kvinner,F30-34 30-34 år,2025,Personer,170
3418 Åsnes,2 Kvinner,F35-39 35-39 år,2025,Personer,179
3418 Åsnes,2 Kvinner,F40-44 40-44 år,2025,Personer,160
3418 Åsnes,2 Kvinner,F45-49 45-49 år,2025,Personer,230
3418 Åsnes,2 Kvinner,F50-54 50-54 år,2025,Personer,269
3418 Åsnes,2 Kvinner,F55-59 55-59 år,2025,Personer,297
3418 Åsnes,2 Kvinner,F60-64 60-64 år,2025,Personer,254
3418 Åsnes,2 Kvinner,F65-69 65-69 år,2025,Personer,282
3418 Åsnes,2 Kvinner,F70-74 70-74 år,2025,Personer,278
3418 Åsnes,2 Kvinner,F75-79 75-79 år,2025,Personer,242
3418 Åsnes,2 Kvinner,F80-84 80-84 år,2025,Personer,146
3418 Åsnes,2 Kvinner,F85-89 85-89 år,2025,Personer,110
3418 Åsnes,2 Kvinner,F90-94 90-94 år,2025,Personer,37
3418 Åsnes,2 Kvinner,F95-99 95-99 år,2025,Personer,10
3418 Åsnes,2 Kvinner,F100G5+ 100 år eller eldre,2025,Personer,1
3418 Åsnes,1 Menn,F00-04 0-4 år,2025,Personer,120
3418 Åsnes,1 Menn,F05-09 5-9 år,2025,Personer,141
3418 Åsnes,1 Menn,F10-14 10-14 år,2025,Personer,162
3418 Åsnes,1 Menn,F15-19 15-19 år,2025,Personer,195
3418 Åsnes,1 Menn,F20-24 20-24 år,2025,Personer,197
3418 Åsnes,1 Menn,F25-29 25-29 år,2025,Personer,171
3418 Åsnes,1 Menn,F30-34 30-34 år,2025,Personer,203
3418 Åsnes,1 Menn,F35-39 35-39 år,2025,Personer,192
3418 Åsnes,1 Menn,F40-44 40-44 år,2025,Personer,212
3418 Åsnes,1 Menn,F45-49 45-49 år,2025,Personer,196
3418 Åsnes,1 Menn,F50-54 50-54 år,2025,Personer,286
3418 Åsnes,1 Menn,F55-59 55-59 år,2025,Personer,308
3418 Åsnes,1 Menn,F60-64 60-64 år,2025,Personer,251
3418 Åsnes,1 Menn,F65-69 65-69 år,2025,Personer,288
3418 Åsnes,1 Menn,F70-74 70-74 år,2025,Personer,248
3418 Åsnes,1 Menn,F75-79 75-79 år,2025,Personer,247
3418 Åsnes,1 Menn,F80-84 80-84 år,2025,Personer,142
3418 Åsnes,1 Menn,F85-89 85-89 år,2025,Personer,62
3418 Åsnes,1 Menn,F90-94 90-94 år,2025,Personer,16
3418 Åsnes,1 Menn,F95-99 95-99 år,2025,Personer,2
3418 Åsnes,1 Menn,F100G5+ 100 år eller eldre,2025,Personer,1
3419 Våler (Innlandet),2 Kvinner,F00-04 0-4 år,2025,Personer,64
3419 Våler (Innlandet),2 Kvinner,F05-09 5-9 år,2025,Personer,84
3419 Våler (Innlandet),2 Kvinner,F10-14 10-14 år,2025,Personer,86
3419 Våler (Innlandet),2 Kvinner,F15-19 15-19 år,2025,Personer,87
3419 Våler (Innlandet),2 Kvinner,F20-24 20-24 år,2025,Personer,80
3419 Våler (Innlandet),2 Kvinner,F25-29 25-29 år,2025,Personer,58
3419 Våler (Innlandet),2 Kvinner,F30-34 30-34 år,2025,Personer,83
3419 Våler (Innlandet),2 Kvinner,F35-39 35-39 år,2025,Personer,81
3419 Våler (Innlandet),2 Kvinner,F40-44 40-44 år,2025,Personer,85
3419 Våler (Innlandet),2 Kvinner,F45-49 45-49 år,2025,Personer,105
3419 Våler (Innlandet),2 Kvinner,F50-54 50-54 år,2025,Personer,140
3419 Våler (Innlandet),2 Kvinner,F55-59 55-59 år,2025,Personer,146
3419 Våler (Innlandet),2 Kvinner,F60-64 60-64 år,2025,Personer,137
3419 Våler (Innlandet),2 Kvinner,F65-69 65-69 år,2025,Personer,150
3419 Våler (Innlandet),2 Kvinner,F70-74 70-74 år,2025,Personer,126
3419 Våler (Innlandet),2 Kvinner,F75-79 75-79 år,2025,Personer,124
3419 Våler (Innlandet),2 Kvinner,F80-84 80-84 år,2025,Personer,63
3419 Våler (Innlandet),2 Kvinner,F85-89 85-89 år,2025,Personer,47
3419 Våler (Innlandet),2 Kvinner,F90-94 90-94 år,2025,Personer,20
3419 Våler (Innlandet),2 Kvinner,F95-99 95-99 år,2025,Personer,8
3419 Våler (Innlandet),2 Kvinner,F100G5+ 100 år eller eldre,2025,Personer,1
3419 Våler (Innlandet),1 Menn,F00-04 0-4 år,2025,Personer,43
3419 Våler (Innlandet),1 Menn,F05-09 5-9 år,2025,Personer,81
3419 Våler (Innlandet),1 Menn,F10-14 10-14 år,2025,Personer,78
3419 Våler (Innlandet),1 Menn,F15-19 15-19 år,2025,Personer,81
3419 Våler (Innlandet),1 Menn,F20-24 20-24 år,2025,Personer,98
3419 Våler (Innlandet),1 Menn,F25-29 25-29 år,2025,Personer,95
3419 Våler (Innlandet),1 Menn,F30-34 30-34 år,2025,Personer,90
3419 Våler (Innlandet),1 Menn,F35-39 35-39 år,2025,Personer,101
3419 Våler (Innlandet),1 Menn,F40-44 40-44 år,2025,Personer,78
3419 Våler (Innlandet),1 Menn,F45-49 45-49 år,2025,Personer,93
3419 Våler (Innlandet),1 Menn,F50-54 50-54 år,2025,Personer,133
3419 Våler (Innlandet),1 Menn,F55-59 55-59 år,2025,Personer,159
3419 Våler (Innlandet),1 Menn,F60-64 60-64 år,2025,Personer,157
3419 Våler (Innlandet),1 Menn,F65-69 65-69 år,2025,Personer,139
3419 Våler (Innlandet),1 Menn,F70-74 70-74 år,2025,Personer,125
3419 Våler (Innlandet),1 Menn,F75-79 75-79 år,2025,Personer,125
3419 Våler (Innlandet),1 Menn,F80-84 80-84 år,2025,Personer,62
3419 Våler (Innlandet),1 Menn,F85-89 85-89 år,2025,Personer,35
3419 Våler (Innlandet),1 Menn,F90-94 90-94 år,2025,Personer,11
3419 Våler (Innlandet),1 Menn,F95-99 95-99 år,2025,Personer,0
3419 Våler (Innlandet),1 Menn,F100G5+ 100 år eller eldre,2025,Personer,0
3420 Elverum,2 Kvinner,F00-04 0-4 år,2025,Personer,452
3420 Elverum,2 Kvinner,F05-09 5-9 år,2025,Personer,561
3420 Elverum,2 Kvinner,F10-14 10-14 år,2025,Personer,631
3420 Elverum,2 Kvinner,F15-19 15-19 år,2025,Personer,678
3420 Elverum,2 Kvinner,F20-24 20-24 år,2025,Personer,683
3420 Elverum,2 Kvinner,F25-29 25-29 år,2025,Personer,603
3420 Elverum,2 Kvinner,F30-34 30-34 år,2025,Personer,706
3420 Elverum,2 Kvinner,F35-39 35-39 år,2025,Personer,700
3420 Elverum,2 Kvinner,F40-44 40-44 år,2025,Personer,638
3420 Elverum,2 Kvinner,F45-49 45-49 år,2025,Personer,702
3420 Elverum,2 Kvinner,F50-54 50-54 år,2025,Personer,796
3420 Elverum,2 Kvinner,F55-59 55-59 år,2025,Personer,736
3420 Elverum,2 Kvinner,F60-64 60-64 år,2025,Personer,681
3420 Elverum,2 Kvinner,F65-69 65-69 år,2025,Personer,642
3420 Elverum,2 Kvinner,F70-74 70-74 år,2025,Personer,624
3420 Elverum,2 Kvinner,F75-79 75-79 år,2025,Personer,588
3420 Elverum,2 Kvinner,F80-84 80-84 år,2025,Personer,375
3420 Elverum,2 Kvinner,F85-89 85-89 år,2025,Personer,209
3420 Elverum,2 Kvinner,F90-94 90-94 år,2025,Personer,100
3420 Elverum,2 Kvinner,F95-99 95-99 år,2025,Personer,28
3420 Elverum,2 Kvinner,F100G5+ 100 år eller eldre,2025,Personer,5
3420 Elverum,1 Menn,F00-04 0-4 år,2025,Personer,505
3420 Elverum,1 Menn,F05-09 5-9 år,2025,Personer,584
3420 Elverum,1 Menn,F10-14 10-14 år,2025,Personer,620
3420 Elverum,1 Menn,F15-19 15-19 år,2025,Personer,717
3420 Elverum,1 Menn,F20-24 20-24 år,2025,Personer,676
3420 Elverum,1 Menn,F25-29 25-29 år,2025,Personer,626
3420 Elverum,1 Menn,F30-34 30-34 år,2025,Personer,704
3420 Elverum,1 Menn,F35-39 35-39 år,2025,Personer,665
3420 Elverum,1 Menn,F40-44 40-44 år,2025,Personer,627
3420 Elverum,1 Menn,F45-49 45-49 år,2025,Personer,667
3420 Elverum,1 Menn,F50-54 50-54 år,2025,Personer,734
3420 Elverum,1 Menn,F55-59 55-59 år,2025,Personer,761
3420 Elverum,1 Menn,F60-64 60-64 år,2025,Personer,676
3420 Elverum,1 Menn,F65-69 65-69 år,2025,Personer,608
3420 Elverum,1 Menn,F70-74 70-74 år,2025,Personer,566
3420 Elverum,1 Menn,F75-79 75-79 år,2025,Personer,521
3420 Elverum,1 Menn,F80-84 80-84 år,2025,Personer,308
3420 Elverum,1 Menn,F85-89 85-89 år,2025,Personer,130
3420 Elverum,1 Menn,F90-94 90-94 år,2025,Personer,53
3420 Elverum,1 Menn,F95-99 95-99 år,2025,Personer,12
3420 Elverum,1 Menn,F100G5+ 100 år eller eldre,2025,Personer,1
3421 Trysil,2 Kvinner,F00-04 0-4 år,2025,Personer,124
3421 Trysil,2 Kvinner,F05-09 5-9 år,2025,Personer,129
3421 Trysil,2 Kvinner,F10-14 10-14 år,2025,Personer,154
3421 Trysil,2 Kvinner,F15-19 15-19 år,2025,Personer,166
3421 Trysil,2 Kvinner,F20-24 20-24 år,2025,Personer,137
3421 Trysil,2 Kvinner,F25-29 25-29 år,2025,Personer,149
3421 Trysil,2 Kvinner,F30-34 30-34 år,2025,Personer,188
3421 Trysil,2 Kvinner,F35-39 35-39 år,2025,Personer,179
3421 Trysil,2 Kvinner,F40-44 40-44 år,2025,Personer,178
3421 Trysil,2 Kvinner,F45-49 45-49 år,2025,Personer,164
3421 Trysil,2 Kvinner,F50-54 50-54 år,2025,Personer,228
3421 Trysil,2 Kvinner,F55-59 55-59 år,2025,Personer,242
3421 Trysil,2 Kvinner,F60-64 60-64 år,2025,Personer,231
3421 Trysil,2 Kvinner,F65-69 65-69 år,2025,Personer,224
3421 Trysil,2 Kvinner,F70-74 70-74 år,2025,Personer,207
3421 Trysil,2 Kvinner,F75-79 75-79 år,2025,Personer,210
3421 Trysil,2 Kvinner,F80-84 80-84 år,2025,Personer,138
3421 Trysil,2 Kvinner,F85-89 85-89 år,2025,Personer,71
3421 Trysil,2 Kvinner,F90-94 90-94 år,2025,Personer,27
3421 Trysil,2 Kvinner,F95-99 95-99 år,2025,Personer,16
3421 Trysil,2 Kvinner,F100G5+ 100 år eller eldre,2025,Personer,0
3421 Trysil,1 Menn,F00-04 0-4 år,2025,Personer,117
3421 Trysil,1 Menn,F05-09 5-9 år,2025,Personer,178
3421 Trysil,1 Menn,F10-14 10-14 år,2025,Personer,152
3421 Trysil,1 Menn,F15-19 15-19 år,2025,Personer,182
3421 Trysil,1 Menn,F20-24 20-24 år,2025,Personer,161
3421 Trysil,1 Menn,F25-29 25-29 år,2025,Personer,167
3421 Trysil,1 Menn,F30-34 30-34 år,2025,Personer,201
3421 Trysil,1 Menn,F35-39 35-39 år,2025,Personer,199
3421 Trysil,1 Menn,F40-44 40-44 år,2025,Personer,194
3421 Trysil,1 Menn,F45-49 45-49 år,2025,Personer,198
3421 Trysil,1 Menn,F50-54 50-54 år,2025,Personer,240
3421 Trysil,1 Menn,F55-59 55-59 år,2025,Personer,275
3421 Trysil,1 Menn,F60-64 60-64 år,2025,Personer,256
3421 Trysil,1 Menn,F65-69 65-69 år,2025,Personer,217
3421 Trysil,1 Menn,F70-74 70-74 år,2025,Personer,214
3421 Trysil,1 Menn,F75-79 75-79 år,2025,Personer,214
3421 Trysil,1 Menn,F80-84 80-84 år,2025,Personer,137
3421 Trysil,1 Menn,F85-89 85-89 år,2025,Personer,57
3421 Trysil,1 Menn,F90-94 90-94 år,2025,Personer,17
3421 Trysil,1 Menn,F95-99 95-99 år,2025,Personer,3
3421 Trysil,1 Menn,F100G5+ 100 år eller eldre,2025,Personer,1
3422 Åmot,2 Kvinner,F00-04 0-4 år,2025,Personer,79
3422 Åmot,2 Kvinner,F05-09 5-9 år,2025,Personer,87
3422 Åmot,2 Kvinner,F10-14 10-14 år,2025,Personer,101
3422 Åmot,2 Kvinner,F15-19 15-19 år,2025,Personer,113
3422 Åmot,2 Kvinner,F20-24 20-24 år,2025,Personer,119
3422 Åmot,2 Kvinner,F25-29 25-29 år,2025,Personer,129
3422 Åmot,2 Kvinner,F30-34 30-34 år,2025,Personer,100
3422 Åmot,2 Kvinner,F35-39 35-39 år,2025,Personer,111
3422 Åmot,2 Kvinner,F40-44 40-44 år,2025,Personer,94
3422 Åmot,2 Kvinner,F45-49 45-49 år,2025,Personer,105
3422 Åmot,2 Kvinner,F50-54 50-54 år,2025,Personer,137
3422 Åmot,2 Kvinner,F55-59 55-59 år,2025,Personer,150
3422 Åmot,2 Kvinner,F60-64 60-64 år,2025,Personer,118
3422 Åmot,2 Kvinner,F65-69 65-69 år,2025,Personer,141
3422 Åmot,2 Kvinner,F70-74 70-74 år,2025,Personer,126
3422 Åmot,2 Kvinner,F75-79 75-79 år,2025,Personer,124
3422 Åmot,2 Kvinner,F80-84 80-84 år,2025,Personer,71
3422 Åmot,2 Kvinner,F85-89 85-89 år,2025,Personer,42
3422 Åmot,2 Kvinner,F90-94 90-94 år,2025,Personer,26
3422 Åmot,2 Kvinner,F95-99 95-99 år,2025,Personer,7
3422 Åmot,2 Kvinner,F100G5+ 100 år eller eldre,2025,Personer,0
3422 Åmot,1 Menn,F00-04 0-4 år,2025,Personer,74
3422 Åmot,1 Menn,F05-09 5-9 år,2025,Personer,103
3422 Åmot,1 Menn,F10-14 10-14 år,2025,Personer,96
3422 Åmot,1 Menn,F15-19 15-19 år,2025,Personer,116
3422 Åmot,1 Menn,F20-24 20-24 år,2025,Personer,183
3422 Åmot,1 Menn,F25-29 25-29 år,2025,Personer,217
3422 Åmot,1 Menn,F30-34 30-34 år,2025,Personer,146
3422 Åmot,1 Menn,F35-39 35-39 år,2025,Personer,128
3422 Åmot,1 Menn,F40-44 40-44 år,2025,Personer,109
3422 Åmot,1 Menn,F45-49 45-49 år,2025,Personer,98
3422 Åmot,1 Menn,F50-54 50-54 år,2025,Personer,147
3422 Åmot,1 Menn,F55-59 55-59 år,2025,Personer,180
3422 Åmot,1 Menn,F60-64 60-64 år,2025,Personer,138
3422 Åmot,1 Menn,F65-69 65-69 år,2025,Personer,143
3422 Åmot,1 Menn,F70-74 70-74 år,2025,Personer,131
3422 Åmot,1 Menn,F75-79 75-79 år,2025,Personer,99
3422 Åmot,1 Menn,F80-84 80-84 år,2025,Personer,71
3422 Åmot,1 Menn,F85-89 85-89 år,2025,Personer,28
3422 Åmot,1 Menn,F90-94 90-94 år,2025,Personer,14
3422 Åmot,1 Menn,F95-99 95-99 år,2025,Personer,4
3422 Åmot,1 Menn,F100G5+ 100 år eller eldre,2025,Personer,0
3423 Stor-Elvdal,2 Kvinner,F00-04 0-4 år,2025,Personer,26
3423 Stor-Elvdal,2 Kvinner,F05-09 5-9 år,2025,Personer,40
3423 Stor-Elvdal,2 Kvinner,F10-14 10-14 år,2025,Personer,44
3423 Stor-Elvdal,2 Kvinner,F15-19 15-19 år,2025,Personer,52
3423 Stor-Elvdal,2 Kvinner,F20-24 20-24 år,2025,Personer,47
3423 Stor-Elvdal,2 Kvinner,F25-29 25-29 år,2025,Personer,66
3423 Stor-Elvdal,2 Kvinner,F30-34 30-34 år,2025,Personer,57
3423 Stor-Elvdal,2 Kvinner,F35-39 35-39 år,2025,Personer,63
3423 Stor-Elvdal,2 Kvinner,F40-44 40-44 år,2025,Personer,55
3423 Stor-Elvdal,2 Kvinner,F45-49 45-49 år,2025,Personer,51
3423 Stor-Elvdal,2 Kvinner,F50-54 50-54 år,2025,Personer,75
3423 Stor-Elvdal,2 Kvinner,F55-59 55-59 år,2025,Personer,87
3423 Stor-Elvdal,2 Kvinner,F60-64 60-64 år,2025,Personer,86
3423 Stor-Elvdal,2 Kvinner,F65-69 65-69 år,2025,Personer,100
3423 Stor-Elvdal,2 Kvinner,F70-74 70-74 år,2025,Personer,69
3423 Stor-Elvdal,2 Kvinner,F75-79 75-79 år,2025,Personer,83
3423 Stor-Elvdal,2 Kvinner,F80-84 80-84 år,2025,Personer,47
3423 Stor-Elvdal,2 Kvinner,F85-89 85-89 år,2025,Personer,38
3423 Stor-Elvdal,2 Kvinner,F90-94 90-94 år,2025,Personer,17
3423 Stor-Elvdal,2 Kvinner,F95-99 95-99 år,2025,Personer,1
3423 Stor-Elvdal,2 Kvinner,F100G5+ 100 år eller eldre,2025,Personer,0
3423 Stor-Elvdal,1 Menn,F00-04 0-4 år,2025,Personer,34
3423 Stor-Elvdal,1 Menn,F05-09 5-9 år,2025,Personer,35
3423 Stor-Elvdal,1 Menn,F10-14 10-14 år,2025,Personer,45
3423 Stor-Elvdal,1 Menn,F15-19 15-19 år,2025,Personer,47
3423 Stor-Elvdal,1 Menn,F20-24 20-24 år,2025,Personer,45
3423 Stor-Elvdal,1 Menn,F25-29 25-29 år,2025,Personer,61
3423 Stor-Elvdal,1 Menn,F30-34 30-34 år,2025,Personer,54
3423 Stor-Elvdal,1 Menn,F35-39 35-39 år,2025,Personer,50
3423 Stor-Elvdal,1 Menn,F40-44 40-44 år,2025,Personer,57
3423 Stor-Elvdal,1 Menn,F45-49 45-49 år,2025,Personer,71
3423 Stor-Elvdal,1 Menn,F50-54 50-54 år,2025,Personer,72
3423 Stor-Elvdal,1 Menn,F55-59 55-59 år,2025,Personer,90
3423 Stor-Elvdal,1 Menn,F60-64 60-64 år,2025,Personer,115
3423 Stor-Elvdal,1 Menn,F65-69 65-69 år,2025,Personer,110
3423 Stor-Elvdal,1 Menn,F70-74 70-74 år,2025,Personer,96
3423 Stor-Elvdal,1 Menn,F75-79 75-79 år,2025,Personer,81
3423 Stor-Elvdal,1 Menn,F80-84 80-84 år,2025,Personer,43
3423 Stor-Elvdal,1 Menn,F85-89 85-89 år,2025,Personer,24
3423 Stor-Elvdal,1 Menn,F90-94 90-94 år,2025,Personer,14
3423 Stor-Elvdal,1 Menn,F95-99 95-99 år,2025,Personer,2
3423 Stor-Elvdal,1 Menn,F100G5+ 100 år eller eldre,2025,Personer,0
3424 Rendalen,2 Kvinner,F00-04 0-4 år,2025,Personer,30
3424 Rendalen,2 Kvinner,F05-09 5-9 år,2025,Personer,40
3424 Rendalen,2 Kvinner,F10-14 10-14 år,2025,Personer,35
3424 Rendalen,2 Kvinner,F15-19 15-19 år,2025,Personer,50
3424 Rendalen,2 Kvinner,F20-24 20-24 år,2025,Personer,41
3424 Rendalen,2 Kvinner,F25-29 25-29 år,2025,Personer,44
3424 Rendalen,2 Kvinner,F30-34 30-34 år,2025,Personer,43
3424 Rendalen,2 Kvinner,F35-39 35-39 år,2025,Personer,33
3424 Rendalen,2 Kvinner,F40-44 40-44 år,2025,Personer,46
3424 Rendalen,2 Kvinner,F45-49 45-49 år,2025,Personer,52
3424 Rendalen,2 Kvinner,F50-54 50-54 år,2025,Personer,67
3424 Rendalen,2 Kvinner,F55-59 55-59 år,2025,Personer,70
3424 Rendalen,2 Kvinner,F60-64 60-64 år,2025,Personer,78
3424 Rendalen,2 Kvinner,F65-69 65-69 år,2025,Personer,79
3424 Rendalen,2 Kvinner,F70-74 70-74 år,2025,Personer,65
3424 Rendalen,2 Kvinner,F75-79 75-79 år,2025,Personer,65
3424 Rendalen,2 Kvinner,F80-84 80-84 år,2025,Personer,33
3424 Rendalen,2 Kvinner,F85-89 85-89 år,2025,Personer,21
3424 Rendalen,2 Kvinner,F90-94 90-94 år,2025,Personer,16
3424 Rendalen,2 Kvinner,F95-99 95-99 år,2025,Personer,4
3424 Rendalen,2 Kvinner,F100G5+ 100 år eller eldre,2025,Personer,0
3424 Rendalen,1 Menn,F00-04 0-4 år,2025,Personer,23
3424 Rendalen,1 Menn,F05-09 5-9 år,2025,Personer,34
3424 Rendalen,1 Menn,F10-14 10-14 år,2025,Personer,54
3424 Rendalen,1 Menn,F15-19 15-19 år,2025,Personer,51
3424 Rendalen,1 Menn,F20-24 20-24 år,2025,Personer,37
3424 Rendalen,1 Menn,F25-29 25-29 år,2025,Personer,34
3424 Rendalen,1 Menn,F30-34 30-34 år,2025,Personer,33
3424 Rendalen,1 Menn,F35-39 35-39 år,2025,Personer,41
3424 Rendalen,1 Menn,F40-44 40-44 år,2025,Personer,32
3424 Rendalen,1 Menn,F45-49 45-49 år,2025,Personer,49
3424 Rendalen,1 Menn,F50-54 50-54 år,2025,Personer,62
3424 Rendalen,1 Menn,F55-59 55-59 år,2025,Personer,85
3424 Rendalen,1 Menn,F60-64 60-64 år,2025,Personer,71
3424 Rendalen,1 Menn,F65-69 65-69 år,2025,Personer,98
3424 Rendalen,1 Menn,F70-74 70-74 år,2025,Personer,83
3424 Rendalen,1 Menn,F75-79 75-79 år,2025,Personer,63
3424 Rendalen,1 Menn,F80-84 80-84 år,2025,Personer,58
3424 Rendalen,1 Menn,F85-89 85-89 år,2025,Personer,18
3424 Rendalen,1 Menn,F90-94 90-94 år,2025,Personer,7
3424 Rendalen,1 Menn,F95-99 95-99 år,2025,Personer,1
3424 Rendalen,1 Menn,F100G5+ 100 år eller eldre,2025,Personer,0
3425 Engerdal,2 Kvinner,F00-04 0-4 år,2025,Personer,16
3425 Engerdal,2 Kvinner,F05-09 5-9 år,2025,Personer,20
3425 Engerdal,2 Kvinner,F10-14 10-14 år,2025,Personer,33
3425 Engerdal,2 Kvinner,F15-19 15-19 år,2025,Personer,29
3425 Engerdal,2 Kvinner,F20-24 20-24 år,2025,Personer,30
3425 Engerdal,2 Kvinner,F25-29 25-29 år,2025,Personer,27
3425 Engerdal,2 Kvinner,F30-34 30-34 år,2025,Personer,40
3425 Engerdal,2 Kvinner,F35-39 35-39 år,2025,Personer,28
3425 Engerdal,2 Kvinner,F40-44 40-44 år,2025,Personer,24
3425 Engerdal,2 Kvinner,F45-49 45-49 år,2025,Personer,33
3425 Engerdal,2 Kvinner,F50-54 50-54 år,2025,Personer,53
3425 Engerdal,2 Kvinner,F55-59 55-59 år,2025,Personer,52
3425 Engerdal,2 Kvinner,F60-64 60-64 år,2025,Personer,61
3425 Engerdal,2 Kvinner,F65-69 65-69 år,2025,Personer,52
3425 Engerdal,2 Kvinner,F70-74 70-74 år,2025,Personer,42
3425 Engerdal,2 Kvinner,F75-79 75-79 år,2025,Personer,49
3425 Engerdal,2 Kvinner,F80-84 80-84 år,2025,Personer,34
3425 Engerdal,2 Kvinner,F85-89 85-89 år,2025,Personer,25
3425 Engerdal,2 Kvinner,F90-94 90-94 år,2025,Personer,6
3425 Engerdal,2 Kvinner,F95-99 95-99 år,2025,Personer,3
3425 Engerdal,2 Kvinner,F100G5+ 100 år eller eldre,2025,Personer,0
3425 Engerdal,1 Menn,F00-04 0-4 år,2025,Personer,26
3425 Engerdal,1 Menn,F05-09 5-9 år,2025,Personer,31
3425 Engerdal,1 Menn,F10-14 10-14 år,2025,Personer,33
3425 Engerdal,1 Menn,F15-19 15-19 år,2025,Personer,43
3425 Engerdal,1 Menn,F20-24 20-24 år,2025,Personer,34
3425 Engerdal,1 Menn,F25-29 25-29 år,2025,Personer,32
3425 Engerdal,1 Menn,F30-34 30-34 år,2025,Personer,28
3425 Engerdal,1 Menn,F35-39 35-39 år,2025,Personer,32
3425 Engerdal,1 Menn,F40-44 40-44 år,2025,Personer,23
3425 Engerdal,1 Menn,F45-49 45-49 år,2025,Personer,32
3425 Engerdal,1 Menn,F50-54 50-54 år,2025,Personer,43
3425 Engerdal,1 Menn,F55-59 55-59 år,2025,Personer,52
3425 Engerdal,1 Menn,F60-64 60-64 år,2025,Personer,53
3425 Engerdal,1 Menn,F65-69 65-69 år,2025,Personer,62
3425 Engerdal,1 Menn,F70-74 70-74 år,2025,Personer,42
3425 Engerdal,1 Menn,F75-79 75-79 år,2025,Personer,59
3425 Engerdal,1 Menn,F80-84 80-84 år,2025,Personer,24
3425 Engerdal,1 Menn,F85-89 85-89 år,2025,Personer,13
3425 Engerdal,1 Menn,F90-94 90-94 år,2025,Personer,5
3425 Engerdal,1 Menn,F95-99 95-99 år,2025,Personer,2
3425 Engerdal,1 Menn,F100G5+ 100 år eller eldre,2025,Personer,0
3426 Tolga,2 Kvinner,F00-04 0-4 år,2025,Personer,40
3426 Tolga,2 Kvinner,F05-09 5-9 år,2025,Personer,47
3426 Tolga,2 Kvinner,F10-14 10-14 år,2025,Personer,45
3426 Tolga,2 Kvinner,F15-19 15-19 år,2025,Personer,38
3426 Tolga,2 Kvinner,F20-24 20-24 år,2025,Personer,39
3426 Tolga,2 Kvinner,F25-29 25-29 år,2025,Personer,36
3426 Tolga,2 Kvinner,F30-34 30-34 år,2025,Personer,45
3426 Tolga,2 Kvinner,F35-39 35-39 år,2025,Personer,57
3426 Tolga,2 Kvinner,F40-44 40-44 år,2025,Personer,46
3426 Tolga,2 Kvinner,F45-49 45-49 år,2025,Personer,29
3426 Tolga,2 Kvinner,F50-54 50-54 år,2025,Personer,42
3426 Tolga,2 Kvinner,F55-59 55-59 år,2025,Personer,53
3426 Tolga,2 Kvinner,F60-64 60-64 år,2025,Personer,58
3426 Tolga,2 Kvinner,F65-69 65-69 år,2025,Personer,60
3426 Tolga,2 Kvinner,F70-74 70-74 år,2025,Personer,58
3426 Tolga,2 Kvinner,F75-79 75-79 år,2025,Personer,32
3426 Tolga,2 Kvinner,F80-84 80-84 år,2025,Personer,26
3426 Tolga,2 Kvinner,F85-89 85-89 år,2025,Personer,22
3426 Tolga,2 Kvinner,F90-94 90-94 år,2025,Personer,5
3426 Tolga,2 Kvinner,F95-99 95-99 år,2025,Personer,3
3426 Tolga,2 Kvinner,F100G5+ 100 år eller eldre,2025,Personer,0
3426 Tolga,1 Menn,F00-04 0-4 år,2025,Personer,53
3426 Tolga,1 Menn,F05-09 5-9 år,2025,Personer,50
3426 Tolga,1 Menn,F10-14 10-14 år,2025,Personer,45
3426 Tolga,1 Menn,F15-19 15-19 år,2025,Personer,66
3426 Tolga,1 Menn,F20-24 20-24 år,2025,Personer,41
3426 Tolga,1 Menn,F25-29 25-29 år,2025,Personer,36
3426 Tolga,1 Menn,F30-34 30-34 år,2025,Personer,50
3426 Tolga,1 Menn,F35-39 35-39 år,2025,Personer,60
3426 Tolga,1 Menn,F40-44 40-44 år,2025,Personer,46
3426 Tolga,1 Menn,F45-49 45-49 år,2025,Personer,42
3426 Tolga,1 Menn,F50-54 50-54 år,2025,Personer,52
3426 Tolga,1 Menn,F55-59 55-59 år,2025,Personer,58
3426 Tolga,1 Menn,F60-64 60-64 år,2025,Personer,52
3426 Tolga,1 Menn,F65-69 65-69 år,2025,Personer,57
3426 Tolga,1 Menn,F70-74 70-74 år,2025,Personer,51
3426 Tolga,1 Menn,F75-79 75-79 år,2025,Personer,29
3426 Tolga,1 Menn,F80-84 80-84 år,2025,Personer,22
3426 Tolga,1 Menn,F85-89 85-89 år,2025,Personer,11
3426 Tolga,1 Menn,F90-94 90-94 år,2025,Personer,2
3426 Tolga,1 Menn,F95-99 95-99 år,2025,Personer,2
3426 Tolga,1 Menn,F100G5+ 100 år eller eldre,2025,Personer,0
3427 Tynset,2 Kvinner,F00-04 0-4 år,2025,Personer,143
3427 Tynset,2 Kvinner,F05-09 5-9 år,2025,Personer,120
3427 Tynset,2 Kvinner,F10-14 10-14 år,2025,Personer,169
3427 Tynset,2 Kvinner,F15-19 15-19 år,2025,Personer,184
3427 Tynset,2 Kvinner,F20-24 20-24 år,2025,Personer,162
3427 Tynset,2 Kvinner,F25-29 25-29 år,2025,Personer,156
3427 Tynset,2 Kvinner,F30-34 30-34 år,2025,Personer,154
3427 Tynset,2 Kvinner,F35-39 35-39 år,2025,Personer,179
3427 Tynset,2 Kvinner,F40-44 40-44 år,2025,Personer,178
3427 Tynset,2 Kvinner,F45-49 45-49 år,2025,Personer,164
3427 Tynset,2 Kvinner,F50-54 50-54 år,2025,Personer,197
3427 Tynset,2 Kvinner,F55-59 55-59 år,2025,Personer,190
3427 Tynset,2 Kvinner,F60-64 60-64 år,2025,Personer,172
3427 Tynset,2 Kvinner,F65-69 65-69 år,2025,Personer,214
3427 Tynset,2 Kvinner,F70-74 70-74 år,2025,Personer,178
3427 Tynset,2 Kvinner,F75-79 75-79 år,2025,Personer,126
3427 Tynset,2 Kvinner,F80-84 80-84 år,2025,Personer,104
3427 Tynset,2 Kvinner,F85-89 85-89 år,2025,Personer,52
3427 Tynset,2 Kvinner,F90-94 90-94 år,2025,Personer,30
3427 Tynset,2 Kvinner,F95-99 95-99 år,2025,Personer,10
3427 Tynset,2 Kvinner,F100G5+ 100 år eller eldre,2025,Personer,2
3427 Tynset,1 Menn,F00-04 0-4 år,2025,Personer,133
3427 Tynset,1 Menn,F05-09 5-9 år,2025,Personer,139
3427 Tynset,1 Menn,F10-14 10-14 år,2025,Personer,188
3427 Tynset,1 Menn,F15-19 15-19 år,2025,Personer,213
3427 Tynset,1 Menn,F20-24 20-24 år,2025,Personer,161
3427 Tynset,1 Menn,F25-29 25-29 år,2025,Personer,160
3427 Tynset,1 Menn,F30-34 30-34 år,2025,Personer,175
3427 Tynset,1 Menn,F35-39 35-39 år,2025,Personer,146
3427 Tynset,1 Menn,F40-44 40-44 år,2025,Personer,179
3427 Tynset,1 Menn,F45-49 45-49 år,2025,Personer,154
3427 Tynset,1 Menn,F50-54 50-54 år,2025,Personer,178
3427 Tynset,1 Menn,F55-59 55-59 år,2025,Personer,201
3427 Tynset,1 Menn,F60-64 60-64 år,2025,Personer,163
3427 Tynset,1 Menn,F65-69 65-69 år,2025,Personer,187
3427 Tynset,1 Menn,F70-74 70-74 år,2025,Personer,180
3427 Tynset,1 Menn,F75-79 75-79 år,2025,Personer,140
3427 Tynset,1 Menn,F80-84 80-84 år,2025,Personer,74
3427 Tynset,1 Menn,F85-89 85-89 år,2025,Personer,50
3427 Tynset,1 Menn,F90-94 90-94 år,2025,Personer,15
3427 Tynset,1 Menn,F95-99 95-99 år,2025,Personer,2
3427 Tynset,1 Menn,F100G5+ 100 år eller eldre,2025,Personer,0
3428 Alvdal,2 Kvinner,F00-04 0-4 år,2025,Personer,55
3428 Alvdal,2 Kvinner,F05-09 5-9 år,2025,Personer,82
3428 Alvdal,2 Kvinner,F10-14 10-14 år,2025,Personer,85
3428 Alvdal,2 Kvinner,F15-19 15-19 år,2025,Personer,76
3428 Alvdal,2 Kvinner,F20-24 20-24 år,2025,Personer,71
3428 Alvdal,2 Kvinner,F25-29 25-29 år,2025,Personer,56
3428 Alvdal,2 Kvinner,F30-34 30-34 år,2025,Personer,48
3428 Alvdal,2 Kvinner,F35-39 35-39 år,2025,Personer,89
3428 Alvdal,2 Kvinner,F40-44 40-44 år,2025,Personer,68
3428 Alvdal,2 Kvinner,F45-49 45-49 år,2025,Personer,65
3428 Alvdal,2 Kvinner,F50-54 50-54 år,2025,Personer,76
3428 Alvdal,2 Kvinner,F55-59 55-59 år,2025,Personer,91
3428 Alvdal,2 Kvinner,F60-64 60-64 år,2025,Personer,85
3428 Alvdal,2 Kvinner,F65-69 65-69 år,2025,Personer,85
3428 Alvdal,2 Kvinner,F70-74 70-74 år,2025,Personer,57
3428 Alvdal,2 Kvinner,F75-79 75-79 år,2025,Personer,48
3428 Alvdal,2 Kvinner,F80-84 80-84 år,2025,Personer,53
3428 Alvdal,2 Kvinner,F85-89 85-89 år,2025,Personer,27
3428 Alvdal,2 Kvinner,F90-94 90-94 år,2025,Personer,15
3428 Alvdal,2 Kvinner,F95-99 95-99 år,2025,Personer,3
3428 Alvdal,2 Kvinner,F100G5+ 100 år eller eldre,2025,Personer,0
3428 Alvdal,1 Menn,F00-04 0-4 år,2025,Personer,58
3428 Alvdal,1 Menn,F05-09 5-9 år,2025,Personer,76
3428 Alvdal,1 Menn,F10-14 10-14 år,2025,Personer,80
3428 Alvdal,1 Menn,F15-19 15-19 år,2025,Personer,103
3428 Alvdal,1 Menn,F20-24 20-24 år,2025,Personer,71
3428 Alvdal,1 Menn,F25-29 25-29 år,2025,Personer,64
3428 Alvdal,1 Menn,F30-34 30-34 år,2025,Personer,78
3428 Alvdal,1 Menn,F35-39 35-39 år,2025,Personer,76
3428 Alvdal,1 Menn,F40-44 40-44 år,2025,Personer,62
3428 Alvdal,1 Menn,F45-49 45-49 år,2025,Personer,74
3428 Alvdal,1 Menn,F50-54 50-54 år,2025,Personer,69
3428 Alvdal,1 Menn,F55-59 55-59 år,2025,Personer,89
3428 Alvdal,1 Menn,F60-64 60-64 år,2025,Personer,91
3428 Alvdal,1 Menn,F65-69 65-69 år,2025,Personer,86
3428 Alvdal,1 Menn,F70-74 70-74 år,2025,Personer,83
3428 Alvdal,1 Menn,F75-79 75-79 år,2025,Personer,65
3428 Alvdal,1 Menn,F80-84 80-84 år,2025,Personer,27
3428 Alvdal,1 Menn,F85-89 85-89 år,2025,Personer,13
3428 Alvdal,1 Menn,F90-94 90-94 år,2025,Personer,4
3428 Alvdal,1 Menn,F95-99 95-99 år,2025,Personer,4
3428 Alvdal,1 Menn,F100G5+ 100 år eller eldre,2025,Personer,1
3429 Folldal,2 Kvinner,F00-04 0-4 år,2025,Personer,28
3429 Folldal,2 Kvinner,F05-09 5-9 år,2025,Personer,35
3429 Folldal,2 Kvinner,F10-14 10-14 år,2025,Personer,41
3429 Folldal,2 Kvinner,F15-19 15-19 år,2025,Personer,38
3429 Folldal,2 Kvinner,F20-24 20-24 år,2025,Personer,28
3429 Folldal,2 Kvinner,F25-29 25-29 år,2025,Personer,34
3429 Folldal,2 Kvinner,F30-34 30-34 år,2025,Personer,31
3429 Folldal,2 Kvinner,F35-39 35-39 år,2025,Personer,31
3429 Folldal,2 Kvinner,F40-44 40-44 år,2025,Personer,41
3429 Folldal,2 Kvinner,F45-49 45-49 år,2025,Personer,46
3429 Folldal,2 Kvinner,F50-54 50-54 år,2025,Personer,54
3429 Folldal,2 Kvinner,F55-59 55-59 år,2025,Personer,53
3429 Folldal,2 Kvinner,F60-64 60-64 år,2025,Personer,61
3429 Folldal,2 Kvinner,F65-69 65-69 år,2025,Personer,73
3429 Folldal,2 Kvinner,F70-74 70-74 år,2025,Personer,46
3429 Folldal,2 Kvinner,F75-79 75-79 år,2025,Personer,64
3429 Folldal,2 Kvinner,F80-84 80-84 år,2025,Personer,29
3429 Folldal,2 Kvinner,F85-89 85-89 år,2025,Personer,25
3429 Folldal,2 Kvinner,F90-94 90-94 år,2025,Personer,7
3429 Folldal,2 Kvinner,F95-99 95-99 år,2025,Personer,3
3429 Folldal,2 Kvinner,F100G5+ 100 år eller eldre,2025,Personer,1
3429 Folldal,1 Menn,F00-04 0-4 år,2025,Personer,14
3429 Folldal,1 Menn,F05-09 5-9 år,2025,Personer,24
3429 Folldal,1 Menn,F10-14 10-14 år,2025,Personer,40
3429 Folldal,1 Menn,F15-19 15-19 år,2025,Personer,47
3429 Folldal,1 Menn,F20-24 20-24 år,2025,Personer,45
3429 Folldal,1 Menn,F25-29 25-29 år,2025,Personer,35
3429 Folldal,1 Menn,F30-34 30-34 år,2025,Personer,41
3429 Folldal,1 Menn,F35-39 35-39 år,2025,Personer,34
3429 Folldal,1 Menn,F40-44 40-44 år,2025,Personer,32
3429 Folldal,1 Menn,F45-49 45-49 år,2025,Personer,49
3429 Folldal,1 Menn,F50-54 50-54 år,2025,Personer,51
3429 Folldal,1 Menn,F55-59 55-59 år,2025,Personer,68
3429 Folldal,1 Menn,F60-64 60-64 år,2025,Personer,53
3429 Folldal,1 Menn,F65-69 65-69 år,2025,Personer,64
3429 Folldal,1 Menn,F70-74 70-74 år,2025,Personer,41
3429 Folldal,1 Menn,F75-79 75-79 år,2025,Personer,75
3429 Folldal,1 Menn,F80-84 80-84 år,2025,Personer,39
3429 Folldal,1 Menn,F85-89 85-89 år,2025,Personer,13
3429 Folldal,1 Menn,F90-94 90-94 år,2025,Personer,5
3429 Folldal,1 Menn,F95-99 95-99 år,2025,Personer,1
3429 Folldal,1 Menn,F100G5+ 100 år eller eldre,2025,Personer,0
3430 Os,2 Kvinner,F00-04 0-4 år,2025,Personer,48
3430 Os,2 Kvinner,F05-09 5-9 år,2025,Personer,32
3430 Os,2 Kvinner,F10-14 10-14 år,2025,Personer,41
3430 Os,2 Kvinner,F15-19 15-19 år,2025,Personer,46
3430 Os,2 Kvinner,F20-24 20-24 år,2025,Personer,46
3430 Os,2 Kvinner,F25-29 25-29 år,2025,Personer,56
3430 Os,2 Kvinner,F30-34 30-34 år,2025,Personer,54
3430 Os,2 Kvinner,F35-39 35-39 år,2025,Personer,32
3430 Os,2 Kvinner,F40-44 40-44 år,2025,Personer,45
3430 Os,2 Kvinner,F45-49 45-49 år,2025,Personer,44
3430 Os,2 Kvinner,F50-54 50-54 år,2025,Personer,75
3430 Os,2 Kvinner,F55-59 55-59 år,2025,Personer,76
3430 Os,2 Kvinner,F60-64 60-64 år,2025,Personer,79
3430 Os,2 Kvinner,F65-69 65-69 år,2025,Personer,64
3430 Os,2 Kvinner,F70-74 70-74 år,2025,Personer,60
3430 Os,2 Kvinner,F75-79 75-79 år,2025,Personer,56
3430 Os,2 Kvinner,F80-84 80-84 år,2025,Personer,40
3430 Os,2 Kvinner,F85-89 85-89 år,2025,Personer,21
3430 Os,2 Kvinner,F90-94 90-94 år,2025,Personer,11
3430 Os,2 Kvinner,F95-99 95-99 år,2025,Personer,3
3430 Os,2 Kvinner,F100G5+ 100 år eller eldre,2025,Personer,0
3430 Os,1 Menn,F00-04 0-4 år,2025,Personer,44
3430 Os,1 Menn,F05-09 5-9 år,2025,Personer,36
3430 Os,1 Menn,F10-14 10-14 år,2025,Personer,42
3430 Os,1 Menn,F15-19 15-19 år,2025,Personer,40
3430 Os,1 Menn,F20-24 20-24 år,2025,Personer,58
3430 Os,1 Menn,F25-29 25-29 år,2025,Personer,71
3430 Os,1 Menn,F30-34 30-34 år,2025,Personer,51
3430 Os,1 Menn,F35-39 35-39 år,2025,Personer,44
3430 Os,1 Menn,F40-44 40-44 år,2025,Personer,61
3430 Os,1 Menn,F45-49 45-49 år,2025,Personer,41
3430 Os,1 Menn,F50-54 50-54 år,2025,Personer,80
3430 Os,1 Menn,F55-59 55-59 år,2025,Personer,73
3430 Os,1 Menn,F60-64 60-64 år,2025,Personer,81
3430 Os,1 Menn,F65-69 65-69 år,2025,Personer,68
3430 Os,1 Menn,F70-74 70-74 år,2025,Personer,61
3430 Os,1 Menn,F75-79 75-79 år,2025,Personer,65
3430 Os,1 Menn,F80-84 80-84 år,2025,Personer,32
3430 Os,1 Menn,F85-89 85-89 år,2025,Personer,12
3430 Os,1 Menn,F90-94 90-94 år,2025,Personer,5
3430 Os,1 Menn,F95-99 95-99 år,2025,Personer,1
3430 Os,1 Menn,F100G5+ 100 år eller eldre,2025,Personer,0
3431 Dovre,2 Kvinner,F00-04 0-4 år,2025,Personer,49
3431 Dovre,2 Kvinner,F05-09 5-9 år,2025,Personer,64
3431 Dovre,2 Kvinner,F10-14 10-14 år,2025,Personer,52
3431 Dovre,2 Kvinner,F15-19 15-19 år,2025,Personer,49
3431 Dovre,2 Kvinner,F20-24 20-24 år,2025,Personer,70
3431 Dovre,2 Kvinner,F25-29 25-29 år,2025,Personer,49
3431 Dovre,2 Kvinner,F30-34 30-34 år,2025,Personer,69
3431 Dovre,2 Kvinner,F35-39 35-39 år,2025,Personer,64
3431 Dovre,2 Kvinner,F40-44 40-44 år,2025,Personer,57
3431 Dovre,2 Kvinner,F45-49 45-49 år,2025,Personer,63
3431 Dovre,2 Kvinner,F50-54 50-54 år,2025,Personer,86
3431 Dovre,2 Kvinner,F55-59 55-59 år,2025,Personer,101
3431 Dovre,2 Kvinner,F60-64 60-64 år,2025,Personer,81
3431 Dovre,2 Kvinner,F65-69 65-69 år,2025,Personer,98
3431 Dovre,2 Kvinner,F70-74 70-74 år,2025,Personer,91
3431 Dovre,2 Kvinner,F75-79 75-79 år,2025,Personer,88
3431 Dovre,2 Kvinner,F80-84 80-84 år,2025,Personer,68
3431 Dovre,2 Kvinner,F85-89 85-89 år,2025,Personer,35
3431 Dovre,2 Kvinner,F90-94 90-94 år,2025,Personer,19
3431 Dovre,2 Kvinner,F95-99 95-99 år,2025,Personer,6
3431 Dovre,2 Kvinner,F100G5+ 100 år eller eldre,2025,Personer,1
3431 Dovre,1 Menn,F00-04 0-4 år,2025,Personer,46
3431 Dovre,1 Menn,F05-09 5-9 år,2025,Personer,61
3431 Dovre,1 Menn,F10-14 10-14 år,2025,Personer,53
3431 Dovre,1 Menn,F15-19 15-19 år,2025,Personer,72
3431 Dovre,1 Menn,F20-24 20-24 år,2025,Personer,65
3431 Dovre,1 Menn,F25-29 25-29 år,2025,Personer,69
3431 Dovre,1 Menn,F30-34 30-34 år,2025,Personer,89
3431 Dovre,1 Menn,F35-39 35-39 år,2025,Personer,78
3431 Dovre,1 Menn,F40-44 40-44 år,2025,Personer,55
3431 Dovre,1 Menn,F45-49 45-49 år,2025,Personer,62
3431 Dovre,1 Menn,F50-54 50-54 år,2025,Personer,82
3431 Dovre,1 Menn,F55-59 55-59 år,2025,Personer,98
3431 Dovre,1 Menn,F60-64 60-64 år,2025,Personer,83
3431 Dovre,1 Menn,F65-69 65-69 år,2025,Personer,89
3431 Dovre,1 Menn,F70-74 70-74 år,2025,Personer,87
3431 Dovre,1 Menn,F75-79 75-79 år,2025,Personer,64
3431 Dovre,1 Menn,F80-84 80-84 år,2025,Personer,60
3431 Dovre,1 Menn,F85-89 85-89 år,2025,Personer,27
3431 Dovre,1 Menn,F90-94 90-94 år,2025,Personer,12
3431 Dovre,1 Menn,F95-99 95-99 år,2025,Personer,4
3431 Dovre,1 Menn,F100G5+ 100 år eller eldre,2025,Personer,0
3432 Lesja,2 Kvinner,F00-04 0-4 år,2025,Personer,35
3432 Lesja,2 Kvinner,F05-09 5-9 år,2025,Personer,41
3432 Lesja,2 Kvinner,F10-14 10-14 år,2025,Personer,58
3432 Lesja,2 Kvinner,F15-19 15-19 år,2025,Personer,57
3432 Lesja,2 Kvinner,F20-24 20-24 år,2025,Personer,45
3432 Lesja,2 Kvinner,F25-29 25-29 år,2025,Personer,51
3432 Lesja,2 Kvinner,F30-34 30-34 år,2025,Personer,50
3432 Lesja,2 Kvinner,F35-39 35-39 år,2025,Personer,43
3432 Lesja,2 Kvinner,F40-44 40-44 år,2025,Personer,49
3432 Lesja,2 Kvinner,F45-49 45-49 år,2025,Personer,56
3432 Lesja,2 Kvinner,F50-54 50-54 år,2025,Personer,63
3432 Lesja,2 Kvinner,F55-59 55-59 år,2025,Personer,67
3432 Lesja,2 Kvinner,F60-64 60-64 år,2025,Personer,69
3432 Lesja,2 Kvinner,F65-69 65-69 år,2025,Personer,81
3432 Lesja,2 Kvinner,F70-74 70-74 år,2025,Personer,66
3432 Lesja,2 Kvinner,F75-79 75-79 år,2025,Personer,53
3432 Lesja,2 Kvinner,F80-84 80-84 år,2025,Personer,36
3432 Lesja,2 Kvinner,F85-89 85-89 år,2025,Personer,20
3432 Lesja,2 Kvinner,F90-94 90-94 år,2025,Personer,14
3432 Lesja,2 Kvinner,F95-99 95-99 år,2025,Personer,6
3432 Lesja,2 Kvinner,F100G5+ 100 år eller eldre,2025,Personer,0
3432 Lesja,1 Menn,F00-04 0-4 år,2025,Personer,49
3432 Lesja,1 Menn,F05-09 5-9 år,2025,Personer,54
3432 Lesja,1 Menn,F10-14 10-14 år,2025,Personer,53
3432 Lesja,1 Menn,F15-19 15-19 år,2025,Personer,68
3432 Lesja,1 Menn,F20-24 20-24 år,2025,Personer,68
3432 Lesja,1 Menn,F25-29 25-29 år,2025,Personer,59
3432 Lesja,1 Menn,F30-34 30-34 år,2025,Personer,49
3432 Lesja,1 Menn,F35-39 35-39 år,2025,Personer,46
3432 Lesja,1 Menn,F40-44 40-44 år,2025,Personer,50
3432 Lesja,1 Menn,F45-49 45-49 år,2025,Personer,58
3432 Lesja,1 Menn,F50-54 50-54 år,2025,Personer,78
3432 Lesja,1 Menn,F55-59 55-59 år,2025,Personer,68
3432 Lesja,1 Menn,F60-64 60-64 år,2025,Personer,68
3432 Lesja,1 Menn,F65-69 65-69 år,2025,Personer,77
3432 Lesja,1 Menn,F70-74 70-74 år,2025,Personer,78
3432 Lesja,1 Menn,F75-79 75-79 år,2025,Personer,58
3432 Lesja,1 Menn,F80-84 80-84 år,2025,Personer,33
3432 Lesja,1 Menn,F85-89 85-89 år,2025,Personer,20
3432 Lesja,1 Menn,F90-94 90-94 år,2025,Personer,10
3432 Lesja,1 Menn,F95-99 95-99 år,2025,Personer,2
3432 Lesja,1 Menn,F100G5+ 100 år eller eldre,2025,Personer,0
3433 Skjåk,2 Kvinner,F00-04 0-4 år,2025,Personer,48
3433 Skjåk,2 Kvinner,F05-09 5-9 år,2025,Personer,41
3433 Skjåk,2 Kvinner,F10-14 10-14 år,2025,Personer,54
3433 Skjåk,2 Kvinner,F15-19 15-19 år,2025,Personer,47
3433 Skjåk,2 Kvinner,F20-24 20-24 år,2025,Personer,62
3433 Skjåk,2 Kvinner,F25-29 25-29 år,2025,Personer,37
3433 Skjåk,2 Kvinner,F30-34 30-34 år,2025,Personer,52
3433 Skjåk,2 Kvinner,F35-39 35-39 år,2025,Personer,63
3433 Skjåk,2 Kvinner,F40-44 40-44 år,2025,Personer,58
3433 Skjåk,2 Kvinner,F45-49 45-49 år,2025,Personer,66
3433 Skjåk,2 Kvinner,F50-54 50-54 år,2025,Personer,74
3433 Skjåk,2 Kvinner,F55-59 55-59 år,2025,Personer,66
3433 Skjåk,2 Kvinner,F60-64 60-64 år,2025,Personer,73
3433 Skjåk,2 Kvinner,F65-69 65-69 år,2025,Personer,93
3433 Skjåk,2 Kvinner,F70-74 70-74 år,2025,Personer,61
3433 Skjåk,2 Kvinner,F75-79 75-79 år,2025,Personer,70
3433 Skjåk,2 Kvinner,F80-84 80-84 år,2025,Personer,53
3433 Skjåk,2 Kvinner,F85-89 85-89 år,2025,Personer,24
3433 Skjåk,2 Kvinner,F90-94 90-94 år,2025,Personer,14
3433 Skjåk,2 Kvinner,F95-99 95-99 år,2025,Personer,3
3433 Skjåk,2 Kvinner,F100G5+ 100 år eller eldre,2025,Personer,3
3433 Skjåk,1 Menn,F00-04 0-4 år,2025,Personer,43
3433 Skjåk,1 Menn,F05-09 5-9 år,2025,Personer,53
3433 Skjåk,1 Menn,F10-14 10-14 år,2025,Personer,49
3433 Skjåk,1 Menn,F15-19 15-19 år,2025,Personer,67
3433 Skjåk,1 Menn,F20-24 20-24 år,2025,Personer,63
3433 Skjåk,1 Menn,F25-29 25-29 år,2025,Personer,49
3433 Skjåk,1 Menn,F30-34 30-34 år,2025,Personer,53
3433 Skjåk,1 Menn,F35-39 35-39 år,2025,Personer,61
3433 Skjåk,1 Menn,F40-44 40-44 år,2025,Personer,52
3433 Skjåk,1 Menn,F45-49 45-49 år,2025,Personer,63
3433 Skjåk,1 Menn,F50-54 50-54 år,2025,Personer,77
3433 Skjåk,1 Menn,F55-59 55-59 år,2025,Personer,90
3433 Skjåk,1 Menn,F60-64 60-64 år,2025,Personer,84
3433 Skjåk,1 Menn,F65-69 65-69 år,2025,Personer,81
3433 Skjåk,1 Menn,F70-74 70-74 år,2025,Personer,79
3433 Skjåk,1 Menn,F75-79 75-79 år,2025,Personer,75
3433 Skjåk,1 Menn,F80-84 80-84 år,2025,Personer,44
3433 Skjåk,1 Menn,F85-89 85-89 år,2025,Personer,27
3433 Skjåk,1 Menn,F90-94 90-94 år,2025,Personer,7
3433 Skjåk,1 Menn,F95-99 95-99 år,2025,Personer,0
3433 Skjåk,1 Menn,F100G5+ 100 år eller eldre,2025,Personer,0
3434 Lom,2 Kvinner,F00-04 0-4 år,2025,Personer,43
3434 Lom,2 Kvinner,F05-09 5-9 år,2025,Personer,52
3434 Lom,2 Kvinner,F10-14 10-14 år,2025,Personer,52
3434 Lom,2 Kvinner,F15-19 15-19 år,2025,Personer,54
3434 Lom,2 Kvinner,F20-24 20-24 år,2025,Personer,61
3434 Lom,2 Kvinner,F25-29 25-29 år,2025,Personer,65
3434 Lom,2 Kvinner,F30-34 30-34 år,2025,Personer,52
3434 Lom,2 Kvinner,F35-39 35-39 år,2025,Personer,58
3434 Lom,2 Kvinner,F40-44 40-44 år,2025,Personer,56
3434 Lom,2 Kvinner,F45-49 45-49 år,2025,Personer,63
3434 Lom,2 Kvinner,F50-54 50-54 år,2025,Personer,71
3434 Lom,2 Kvinner,F55-59 55-59 år,2025,Personer,74
3434 Lom,2 Kvinner,F60-64 60-64 år,2025,Personer,86
3434 Lom,2 Kvinner,F65-69 65-69 år,2025,Personer,86
3434 Lom,2 Kvinner,F70-74 70-74 år,2025,Personer,72
3434 Lom,2 Kvinner,F75-79 75-79 år,2025,Personer,63
3434 Lom,2 Kvinner,F80-84 80-84 år,2025,Personer,39
3434 Lom,2 Kvinner,F85-89 85-89 år,2025,Personer,26
3434 Lom,2 Kvinner,F90-94 90-94 år,2025,Personer,13
3434 Lom,2 Kvinner,F95-99 95-99 år,2025,Personer,4
3434 Lom,2 Kvinner,F100G5+ 100 år eller eldre,2025,Personer,0
3434 Lom,1 Menn,F00-04 0-4 år,2025,Personer,58
3434 Lom,1 Menn,F05-09 5-9 år,2025,Personer,50
3434 Lom,1 Menn,F10-14 10-14 år,2025,Personer,63
3434 Lom,1 Menn,F15-19 15-19 år,2025,Personer,52
3434 Lom,1 Menn,F20-24 20-24 år,2025,Personer,70
3434 Lom,1 Menn,F25-29 25-29 år,2025,Personer,55
3434 Lom,1 Menn,F30-34 30-34 år,2025,Personer,58
3434 Lom,1 Menn,F35-39 35-39 år,2025,Personer,62
3434 Lom,1 Menn,F40-44 40-44 år,2025,Personer,59
3434 Lom,1 Menn,F45-49 45-49 år,2025,Personer,55
3434 Lom,1 Menn,F50-54 50-54 år,2025,Personer,74
3434 Lom,1 Menn,F55-59 55-59 år,2025,Personer,85
3434 Lom,1 Menn,F60-64 60-64 år,2025,Personer,84
3434 Lom,1 Menn,F65-69 65-69 år,2025,Personer,87
3434 Lom,1 Menn,F70-74 70-74 år,2025,Personer,76
3434 Lom,1 Menn,F75-79 75-79 år,2025,Personer,65
3434 Lom,1 Menn,F80-84 80-84 år,2025,Personer,41
3434 Lom,1 Menn,F85-89 85-89 år,2025,Personer,22
3434 Lom,1 Menn,F90-94 90-94 år,2025,Personer,7
3434 Lom,1 Menn,F95-99 95-99 år,2025,Personer,2
3434 Lom,1 Menn,F100G5+ 100 år eller eldre,2025,Personer,0
3435 Vågå,2 Kvinner,F00-04 0-4 år,2025,Personer,68
3435 Vågå,2 Kvinner,F05-09 5-9 år,2025,Personer,82
3435 Vågå,2 Kvinner,F10-14 10-14 år,2025,Personer,91
3435 Vågå,2 Kvinner,F15-19 15-19 år,2025,Personer,102
3435 Vågå,2 Kvinner,F20-24 20-24 år,2025,Personer,90
3435 Vågå,2 Kvinner,F25-29 25-29 år,2025,Personer,101
3435 Vågå,2 Kvinner,F30-34 30-34 år,2025,Personer,91
3435 Vågå,2 Kvinner,F35-39 35-39 år,2025,Personer,90
3435 Vågå,2 Kvinner,F40-44 40-44 år,2025,Personer,93
3435 Vågå,2 Kvinner,F45-49 45-49 år,2025,Personer,102
3435 Vågå,2 Kvinner,F50-54 50-54 år,2025,Personer,123
3435 Vågå,2 Kvinner,F55-59 55-59 år,2025,Personer,130
3435 Vågå,2 Kvinner,F60-64 60-64 år,2025,Personer,117
3435 Vågå,2 Kvinner,F65-69 65-69 år,2025,Personer,117
3435 Vågå,2 Kvinner,F70-74 70-74 år,2025,Personer,102
3435 Vågå,2 Kvinner,F75-79 75-79 år,2025,Personer,123
3435 Vågå,2 Kvinner,F80-84 80-84 år,2025,Personer,75
3435 Vågå,2 Kvinner,F85-89 85-89 år,2025,Personer,44
3435 Vågå,2 Kvinner,F90-94 90-94 år,2025,Personer,17
3435 Vågå,2 Kvinner,F95-99 95-99 år,2025,Personer,5
3435 Vågå,2 Kvinner,F100G5+ 100 år eller eldre,2025,Personer,1
3435 Vågå,1 Menn,F00-04 0-4 år,2025,Personer,75
3435 Vågå,1 Menn,F05-09 5-9 år,2025,Personer,78
3435 Vågå,1 Menn,F10-14 10-14 år,2025,Personer,111
3435 Vågå,1 Menn,F15-19 15-19 år,2025,Personer,103
3435 Vågå,1 Menn,F20-24 20-24 år,2025,Personer,95
3435 Vågå,1 Menn,F25-29 25-29 år,2025,Personer,93
3435 Vågå,1 Menn,F30-34 30-34 år,2025,Personer,84
3435 Vågå,1 Menn,F35-39 35-39 år,2025,Personer,86
3435 Vågå,1 Menn,F40-44 40-44 år,2025,Personer,105
3435 Vågå,1 Menn,F45-49 45-49 år,2025,Personer,111
3435 Vågå,1 Menn,F50-54 50-54 år,2025,Personer,122
3435 Vågå,1 Menn,F55-59 55-59 år,2025,Personer,124
3435 Vågå,1 Menn,F60-64 60-64 år,2025,Personer,128
3435 Vågå,1 Menn,F65-69 65-69 år,2025,Personer,123
3435 Vågå,1 Menn,F70-74 70-74 år,2025,Personer,114
3435 Vågå,1 Menn,F75-79 75-79 år,2025,Personer,91
3435 Vågå,1 Menn,F80-84 80-84 år,2025,Personer,72
3435 Vågå,1 Menn,F85-89 85-89 år,2025,Personer,30
3435 Vågå,1 Menn,F90-94 90-94 år,2025,Personer,16
3435 Vågå,1 Menn,F95-99 95-99 år,2025,Personer,4
3435 Vågå,1 Menn,F100G5+ 100 år eller eldre,2025,Personer,0
3436 Nord-Fron,2 Kvinner,F00-04 0-4 år,2025,Personer,96
3436 Nord-Fron,2 Kvinner,F05-09 5-9 år,2025,Personer,136
3436 Nord-Fron,2 Kvinner,F10-14 10-14 år,2025,Personer,150
3436 Nord-Fron,2 Kvinner,F15-19 15-19 år,2025,Personer,150
3436 Nord-Fron,2 Kvinner,F20-24 20-24 år,2025,Personer,133
3436 Nord-Fron,2 Kvinner,F25-29 25-29 år,2025,Personer,122
3436 Nord-Fron,2 Kvinner,F30-34 30-34 år,2025,Personer,151
3436 Nord-Fron,2 Kvinner,F35-39 35-39 år,2025,Personer,159
3436 Nord-Fron,2 Kvinner,F40-44 40-44 år,2025,Personer,126
3436 Nord-Fron,2 Kvinner,F45-49 45-49 år,2025,Personer,147
3436 Nord-Fron,2 Kvinner,F50-54 50-54 år,2025,Personer,206
3436 Nord-Fron,2 Kvinner,F55-59 55-59 år,2025,Personer,211
3436 Nord-Fron,2 Kvinner,F60-64 60-64 år,2025,Personer,207
3436 Nord-Fron,2 Kvinner,F65-69 65-69 år,2025,Personer,191
3436 Nord-Fron,2 Kvinner,F70-74 70-74 år,2025,Personer,181
3436 Nord-Fron,2 Kvinner,F75-79 75-79 år,2025,Personer,180
3436 Nord-Fron,2 Kvinner,F80-84 80-84 år,2025,Personer,134
3436 Nord-Fron,2 Kvinner,F85-89 85-89 år,2025,Personer,53
3436 Nord-Fron,2 Kvinner,F90-94 90-94 år,2025,Personer,35
3436 Nord-Fron,2 Kvinner,F95-99 95-99 år,2025,Personer,9
3436 Nord-Fron,2 Kvinner,F100G5+ 100 år eller eldre,2025,Personer,2
3436 Nord-Fron,1 Menn,F00-04 0-4 år,2025,Personer,106
3436 Nord-Fron,1 Menn,F05-09 5-9 år,2025,Personer,122
3436 Nord-Fron,1 Menn,F10-14 10-14 år,2025,Personer,162
3436 Nord-Fron,1 Menn,F15-19 15-19 år,2025,Personer,155
3436 Nord-Fron,1 Menn,F20-24 20-24 år,2025,Personer,173
3436 Nord-Fron,1 Menn,F25-29 25-29 år,2025,Personer,157
3436 Nord-Fron,1 Menn,F30-34 30-34 år,2025,Personer,153
3436 Nord-Fron,1 Menn,F35-39 35-39 år,2025,Personer,133
3436 Nord-Fron,1 Menn,F40-44 40-44 år,2025,Personer,144
3436 Nord-Fron,1 Menn,F45-49 45-49 år,2025,Personer,136
3436 Nord-Fron,1 Menn,F50-54 50-54 år,2025,Personer,194
3436 Nord-Fron,1 Menn,F55-59 55-59 år,2025,Personer,229
3436 Nord-Fron,1 Menn,F60-64 60-64 år,2025,Personer,211
3436 Nord-Fron,1 Menn,F65-69 65-69 år,2025,Personer,186
3436 Nord-Fron,1 Menn,F70-74 70-74 år,2025,Personer,158
3436 Nord-Fron,1 Menn,F75-79 75-79 år,2025,Personer,161
3436 Nord-Fron,1 Menn,F80-84 80-84 år,2025,Personer,107
3436 Nord-Fron,1 Menn,F85-89 85-89 år,2025,Personer,61
3436 Nord-Fron,1 Menn,F90-94 90-94 år,2025,Personer,21
3436 Nord-Fron,1 Menn,F95-99 95-99 år,2025,Personer,5
3436 Nord-Fron,1 Menn,F100G5+ 100 år eller eldre,2025,Personer,0
3437 Sel,2 Kvinner,F00-04 0-4 år,2025,Personer,101
3437 Sel,2 Kvinner,F05-09 5-9 år,2025,Personer,150
3437 Sel,2 Kvinner,F10-14 10-14 år,2025,Personer,148
3437 Sel,2 Kvinner,F15-19 15-19 år,2025,Personer,141
3437 Sel,2 Kvinner,F20-24 20-24 år,2025,Personer,159
3437 Sel,2 Kvinner,F25-29 25-29 år,2025,Personer,136
3437 Sel,2 Kvinner,F30-34 30-34 år,2025,Personer,145
3437 Sel,2 Kvinner,F35-39 35-39 år,2025,Personer,141
3437 Sel,2 Kvinner,F40-44 40-44 år,2025,Personer,145
3437 Sel,2 Kvinner,F45-49 45-49 år,2025,Personer,137
3437 Sel,2 Kvinner,F50-54 50-54 år,2025,Personer,203
3437 Sel,2 Kvinner,F55-59 55-59 år,2025,Personer,186
3437 Sel,2 Kvinner,F60-64 60-64 år,2025,Personer,202
3437 Sel,2 Kvinner,F65-69 65-69 år,2025,Personer,208
3437 Sel,2 Kvinner,F70-74 70-74 år,2025,Personer,189
3437 Sel,2 Kvinner,F75-79 75-79 år,2025,Personer,162
3437 Sel,2 Kvinner,F80-84 80-84 år,2025,Personer,110
3437 Sel,2 Kvinner,F85-89 85-89 år,2025,Personer,73
3437 Sel,2 Kvinner,F90-94 90-94 år,2025,Personer,51
3437 Sel,2 Kvinner,F95-99 95-99 år,2025,Personer,13
3437 Sel,2 Kvinner,F100G5+ 100 år eller eldre,2025,Personer,1
3437 Sel,1 Menn,F00-04 0-4 år,2025,Personer,122
3437 Sel,1 Menn,F05-09 5-9 år,2025,Personer,115
3437 Sel,1 Menn,F10-14 10-14 år,2025,Personer,148
3437 Sel,1 Menn,F15-19 15-19 år,2025,Personer,169
3437 Sel,1 Menn,F20-24 20-24 år,2025,Personer,150
3437 Sel,1 Menn,F25-29 25-29 år,2025,Personer,167
3437 Sel,1 Menn,F30-34 30-34 år,2025,Personer,152
3437 Sel,1 Menn,F35-39 35-39 år,2025,Personer,133
3437 Sel,1 Menn,F40-44 40-44 år,2025,Personer,158
3437 Sel,1 Menn,F45-49 45-49 år,2025,Personer,164
3437 Sel,1 Menn,F50-54 50-54 år,2025,Personer,206
3437 Sel,1 Menn,F55-59 55-59 år,2025,Personer,205
3437 Sel,1 Menn,F60-64 60-64 år,2025,Personer,193
3437 Sel,1 Menn,F65-69 65-69 år,2025,Personer,216
3437 Sel,1 Menn,F70-74 70-74 år,2025,Personer,189
3437 Sel,1 Menn,F75-79 75-79 år,2025,Personer,145
3437 Sel,1 Menn,F80-84 80-84 år,2025,Personer,111
3437 Sel,1 Menn,F85-89 85-89 år,2025,Personer,46
3437 Sel,1 Menn,F90-94 90-94 år,2025,Personer,24
3437 Sel,1 Menn,F95-99 95-99 år,2025,Personer,7
3437 Sel,1 Menn,F100G5+ 100 år eller eldre,2025,Personer,2
3438 Sør-Fron,2 Kvinner,F00-04 0-4 år,2025,Personer,59
3438 Sør-Fron,2 Kvinner,F05-09 5-9 år,2025,Personer,66
3438 Sør-Fron,2 Kvinner,F10-14 10-14 år,2025,Personer,92
3438 Sør-Fron,2 Kvinner,F15-19 15-19 år,2025,Personer,89
3438 Sør-Fron,2 Kvinner,F20-24 20-24 år,2025,Personer,77
3438 Sør-Fron,2 Kvinner,F25-29 25-29 år,2025,Personer,71
3438 Sør-Fron,2 Kvinner,F30-34 30-34 år,2025,Personer,90
3438 Sør-Fron,2 Kvinner,F35-39 35-39 år,2025,Personer,89
3438 Sør-Fron,2 Kvinner,F40-44 40-44 år,2025,Personer,69
3438 Sør-Fron,2 Kvinner,F45-49 45-49 år,2025,Personer,90
3438 Sør-Fron,2 Kvinner,F50-54 50-54 år,2025,Personer,119
3438 Sør-Fron,2 Kvinner,F55-59 55-59 år,2025,Personer,125
3438 Sør-Fron,2 Kvinner,F60-64 60-64 år,2025,Personer,107
3438 Sør-Fron,2 Kvinner,F65-69 65-69 år,2025,Personer,104
3438 Sør-Fron,2 Kvinner,F70-74 70-74 år,2025,Personer,97
3438 Sør-Fron,2 Kvinner,F75-79 75-79 år,2025,Personer,88
3438 Sør-Fron,2 Kvinner,F80-84 80-84 år,2025,Personer,48
3438 Sør-Fron,2 Kvinner,F85-89 85-89 år,2025,Personer,39
3438 Sør-Fron,2 Kvinner,F90-94 90-94 år,2025,Personer,14
3438 Sør-Fron,2 Kvinner,F95-99 95-99 år,2025,Personer,10
3438 Sør-Fron,2 Kvinner,F100G5+ 100 år eller eldre,2025,Personer,1
3438 Sør-Fron,1 Menn,F00-04 0-4 år,2025,Personer,67
3438 Sør-Fron,1 Menn,F05-09 5-9 år,2025,Personer,69
3438 Sør-Fron,1 Menn,F10-14 10-14 år,2025,Personer,109
3438 Sør-Fron,1 Menn,F15-19 15-19 år,2025,Personer,97
3438 Sør-Fron,1 Menn,F20-24 20-24 år,2025,Personer,82
3438 Sør-Fron,1 Menn,F25-29 25-29 år,2025,Personer,83
3438 Sør-Fron,1 Menn,F30-34 30-34 år,2025,Personer,86
3438 Sør-Fron,1 Menn,F35-39 35-39 år,2025,Personer,83
3438 Sør-Fron,1 Menn,F40-44 40-44 år,2025,Personer,97
3438 Sør-Fron,1 Menn,F45-49 45-49 år,2025,Personer,73
3438 Sør-Fron,1 Menn,F50-54 50-54 år,2025,Personer,137
3438 Sør-Fron,1 Menn,F55-59 55-59 år,2025,Personer,136
3438 Sør-Fron,1 Menn,F60-64 60-64 år,2025,Personer,91
3438 Sør-Fron,1 Menn,F65-69 65-69 år,2025,Personer,109
3438 Sør-Fron,1 Menn,F70-74 70-74 år,2025,Personer,81
3438 Sør-Fron,1 Menn,F75-79 75-79 år,2025,Personer,94
3438 Sør-Fron,1 Menn,F80-84 80-84 år,2025,Personer,47
3438 Sør-Fron,1 Menn,F85-89 85-89 år,2025,Personer,27
3438 Sør-Fron,1 Menn,F90-94 90-94 år,2025,Personer,12
3438 Sør-Fron,1 Menn,F95-99 95-99 år,2025,Personer,3
3438 Sør-Fron,1 Menn,F100G5+ 100 år eller eldre,2025,Personer,1
3439 Ringebu,2 Kvinner,F00-04 0-4 år,2025,Personer,112
3439 Ringebu,2 Kvinner,F05-09 5-9 år,2025,Personer,98
3439 Ringebu,2 Kvinner,F10-14 10-14 år,2025,Personer,115
3439 Ringebu,2 Kvinner,F15-19 15-19 år,2025,Personer,126
3439 Ringebu,2 Kvinner,F20-24 20-24 år,2025,Personer,99
3439 Ringebu,2 Kvinner,F25-29 25-29 år,2025,Personer,105
3439 Ringebu,2 Kvinner,F30-34 30-34 år,2025,Personer,131
3439 Ringebu,2 Kvinner,F35-39 35-39 år,2025,Personer,140
3439 Ringebu,2 Kvinner,F40-44 40-44 år,2025,Personer,118
3439 Ringebu,2 Kvinner,F45-49 45-49 år,2025,Personer,125
3439 Ringebu,2 Kvinner,F50-54 50-54 år,2025,Personer,151
3439 Ringebu,2 Kvinner,F55-59 55-59 år,2025,Personer,159
3439 Ringebu,2 Kvinner,F60-64 60-64 år,2025,Personer,138
3439 Ringebu,2 Kvinner,F65-69 65-69 år,2025,Personer,154
3439 Ringebu,2 Kvinner,F70-74 70-74 år,2025,Personer,126
3439 Ringebu,2 Kvinner,F75-79 75-79 år,2025,Personer,153
3439 Ringebu,2 Kvinner,F80-84 80-84 år,2025,Personer,101
3439 Ringebu,2 Kvinner,F85-89 85-89 år,2025,Personer,48
3439 Ringebu,2 Kvinner,F90-94 90-94 år,2025,Personer,28
3439 Ringebu,2 Kvinner,F95-99 95-99 år,2025,Personer,10
3439 Ringebu,2 Kvinner,F100G5+ 100 år eller eldre,2025,Personer,1
3439 Ringebu,1 Menn,F00-04 0-4 år,2025,Personer,104
3439 Ringebu,1 Menn,F05-09 5-9 år,2025,Personer,110
3439 Ringebu,1 Menn,F10-14 10-14 år,2025,Personer,113
3439 Ringebu,1 Menn,F15-19 15-19 år,2025,Personer,116
3439 Ringebu,1 Menn,F20-24 20-24 år,2025,Personer,102
3439 Ringebu,1 Menn,F25-29 25-29 år,2025,Personer,100
3439 Ringebu,1 Menn,F30-34 30-34 år,2025,Personer,131
3439 Ringebu,1 Menn,F35-39 35-39 år,2025,Personer,135
3439 Ringebu,1 Menn,F40-44 40-44 år,2025,Personer,153
3439 Ringebu,1 Menn,F45-49 45-49 år,2025,Personer,115
3439 Ringebu,1 Menn,F50-54 50-54 år,2025,Personer,163
3439 Ringebu,1 Menn,F55-59 55-59 år,2025,Personer,187
3439 Ringebu,1 Menn,F60-64 60-64 år,2025,Personer,153
3439 Ringebu,1 Menn,F65-69 65-69 år,2025,Personer,130
3439 Ringebu,1 Menn,F70-74 70-74 år,2025,Personer,131
3439 Ringebu,1 Menn,F75-79 75-79 år,2025,Personer,133
3439 Ringebu,1 Menn,F80-84 80-84 år,2025,Personer,73
3439 Ringebu,1 Menn,F85-89 85-89 år,2025,Personer,40
3439 Ringebu,1 Menn,F90-94 90-94 år,2025,Personer,14
3439 Ringebu,1 Menn,F95-99 95-99 år,2025,Personer,5
3439 Ringebu,1 Menn,F100G5+ 100 år eller eldre,2025,Personer,1
3440 Øyer,2 Kvinner,F00-04 0-4 år,2025,Personer,126
3440 Øyer,2 Kvinner,F05-09 5-9 år,2025,Personer,142
3440 Øyer,2 Kvinner,F10-14 10-14 år,2025,Personer,134
3440 Øyer,2 Kvinner,F15-19 15-19 år,2025,Personer,149
3440 Øyer,2 Kvinner,F20-24 20-24 år,2025,Personer,127
3440 Øyer,2 Kvinner,F25-29 25-29 år,2025,Personer,100
3440 Øyer,2 Kvinner,F30-34 30-34 år,2025,Personer,152
3440 Øyer,2 Kvinner,F35-39 35-39 år,2025,Personer,172
3440 Øyer,2 Kvinner,F40-44 40-44 år,2025,Personer,140
3440 Øyer,2 Kvinner,F45-49 45-49 år,2025,Personer,146
3440 Øyer,2 Kvinner,F50-54 50-54 år,2025,Personer,166
3440 Øyer,2 Kvinner,F55-59 55-59 år,2025,Personer,194
3440 Øyer,2 Kvinner,F60-64 60-64 år,2025,Personer,192
3440 Øyer,2 Kvinner,F65-69 65-69 år,2025,Personer,143
3440 Øyer,2 Kvinner,F70-74 70-74 år,2025,Personer,138
3440 Øyer,2 Kvinner,F75-79 75-79 år,2025,Personer,136
3440 Øyer,2 Kvinner,F80-84 80-84 år,2025,Personer,89
3440 Øyer,2 Kvinner,F85-89 85-89 år,2025,Personer,51
3440 Øyer,2 Kvinner,F90-94 90-94 år,2025,Personer,29
3440 Øyer,2 Kvinner,F95-99 95-99 år,2025,Personer,7
3440 Øyer,2 Kvinner,F100G5+ 100 år eller eldre,2025,Personer,1
3440 Øyer,1 Menn,F00-04 0-4 år,2025,Personer,123
3440 Øyer,1 Menn,F05-09 5-9 år,2025,Personer,149
3440 Øyer,1 Menn,F10-14 10-14 år,2025,Personer,146
3440 Øyer,1 Menn,F15-19 15-19 år,2025,Personer,141
3440 Øyer,1 Menn,F20-24 20-24 år,2025,Personer,113
3440 Øyer,1 Menn,F25-29 25-29 år,2025,Personer,130
3440 Øyer,1 Menn,F30-34 30-34 år,2025,Personer,160
3440 Øyer,1 Menn,F35-39 35-39 år,2025,Personer,172
3440 Øyer,1 Menn,F40-44 40-44 år,2025,Personer,173
3440 Øyer,1 Menn,F45-49 45-49 år,2025,Personer,162
3440 Øyer,1 Menn,F50-54 50-54 år,2025,Personer,180
3440 Øyer,1 Menn,F55-59 55-59 år,2025,Personer,207
3440 Øyer,1 Menn,F60-64 60-64 år,2025,Personer,178
3440 Øyer,1 Menn,F65-69 65-69 år,2025,Personer,171
3440 Øyer,1 Menn,F70-74 70-74 år,2025,Personer,130
3440 Øyer,1 Menn,F75-79 75-79 år,2025,Personer,127
3440 Øyer,1 Menn,F80-84 80-84 år,2025,Personer,70
3440 Øyer,1 Menn,F85-89 85-89 år,2025,Personer,53
3440 Øyer,1 Menn,F90-94 90-94 år,2025,Personer,9
3440 Øyer,1 Menn,F95-99 95-99 år,2025,Personer,5
3440 Øyer,1 Menn,F100G5+ 100 år eller eldre,2025,Personer,1
3441 Gausdal,2 Kvinner,F00-04 0-4 år,2025,Personer,142
3441 Gausdal,2 Kvinner,F05-09 5-9 år,2025,Personer,129
3441 Gausdal,2 Kvinner,F10-14 10-14 år,2025,Personer,150
3441 Gausdal,2 Kvinner,F15-19 15-19 år,2025,Personer,155
3441 Gausdal,2 Kvinner,F20-24 20-24 år,2025,Personer,149
3441 Gausdal,2 Kvinner,F25-29 25-29 år,2025,Personer,159
3441 Gausdal,2 Kvinner,F30-34 30-34 år,2025,Personer,173
3441 Gausdal,2 Kvinner,F35-39 35-39 år,2025,Personer,175
3441 Gausdal,2 Kvinner,F40-44 40-44 år,2025,Personer,162
3441 Gausdal,2 Kvinner,F45-49 45-49 år,2025,Personer,174
3441 Gausdal,2 Kvinner,F50-54 50-54 år,2025,Personer,222
3441 Gausdal,2 Kvinner,F55-59 55-59 år,2025,Personer,254
3441 Gausdal,2 Kvinner,F60-64 60-64 år,2025,Personer,217
3441 Gausdal,2 Kvinner,F65-69 65-69 år,2025,Personer,192
3441 Gausdal,2 Kvinner,F70-74 70-74 år,2025,Personer,175
3441 Gausdal,2 Kvinner,F75-79 75-79 år,2025,Personer,188
3441 Gausdal,2 Kvinner,F80-84 80-84 år,2025,Personer,111
3441 Gausdal,2 Kvinner,F85-89 85-89 år,2025,Personer,86
3441 Gausdal,2 Kvinner,F90-94 90-94 år,2025,Personer,35
3441 Gausdal,2 Kvinner,F95-99 95-99 år,2025,Personer,10
3441 Gausdal,2 Kvinner,F100G5+ 100 år eller eldre,2025,Personer,0
3441 Gausdal,1 Menn,F00-04 0-4 år,2025,Personer,129
3441 Gausdal,1 Menn,F05-09 5-9 år,2025,Personer,127
3441 Gausdal,1 Menn,F10-14 10-14 år,2025,Personer,178
3441 Gausdal,1 Menn,F15-19 15-19 år,2025,Personer,194
3441 Gausdal,1 Menn,F20-24 20-24 år,2025,Personer,169
3441 Gausdal,1 Menn,F25-29 25-29 år,2025,Personer,174
3441 Gausdal,1 Menn,F30-34 30-34 år,2025,Personer,171
3441 Gausdal,1 Menn,F35-39 35-39 år,2025,Personer,190
3441 Gausdal,1 Menn,F40-44 40-44 år,2025,Personer,180
3441 Gausdal,1 Menn,F45-49 45-49 år,2025,Personer,188
3441 Gausdal,1 Menn,F50-54 50-54 år,2025,Personer,221
3441 Gausdal,1 Menn,F55-59 55-59 år,2025,Personer,252
3441 Gausdal,1 Menn,F60-64 60-64 år,2025,Personer,218
3441 Gausdal,1 Menn,F65-69 65-69 år,2025,Personer,220
3441 Gausdal,1 Menn,F70-74 70-74 år,2025,Personer,155
3441 Gausdal,1 Menn,F75-79 75-79 år,2025,Personer,177
3441 Gausdal,1 Menn,F80-84 80-84 år,2025,Personer,96
3441 Gausdal,1 Menn,F85-89 85-89 år,2025,Personer,48
3441 Gausdal,1 Menn,F90-94 90-94 år,2025,Personer,26
3441 Gausdal,1 Menn,F95-99 95-99 år,2025,Personer,2
3441 Gausdal,1 Menn,F100G5+ 100 år eller eldre,2025,Personer,1
3442 Østre Toten,2 Kvinner,F00-04 0-4 år,2025,Personer,300
3442 Østre Toten,2 Kvinner,F05-09 5-9 år,2025,Personer,398
3442 Østre Toten,2 Kvinner,F10-14 10-14 år,2025,Personer,370
3442 Østre Toten,2 Kvinner,F15-19 15-19 år,2025,Personer,405
3442 Østre Toten,2 Kvinner,F20-24 20-24 år,2025,Personer,346
3442 Østre Toten,2 Kvinner,F25-29 25-29 år,2025,Personer,370
3442 Østre Toten,2 Kvinner,F30-34 30-34 år,2025,Personer,430
3442 Østre Toten,2 Kvinner,F35-39 35-39 år,2025,Personer,438
3442 Østre Toten,2 Kvinner,F40-44 40-44 år,2025,Personer,433
3442 Østre Toten,2 Kvinner,F45-49 45-49 år,2025,Personer,408
3442 Østre Toten,2 Kvinner,F50-54 50-54 år,2025,Personer,595
3442 Østre Toten,2 Kvinner,F55-59 55-59 år,2025,Personer,573
3442 Østre Toten,2 Kvinner,F60-64 60-64 år,2025,Personer,500
3442 Østre Toten,2 Kvinner,F65-69 65-69 år,2025,Personer,455
3442 Østre Toten,2 Kvinner,F70-74 70-74 år,2025,Personer,430
3442 Østre Toten,2 Kvinner,F75-79 75-79 år,2025,Personer,439
3442 Østre Toten,2 Kvinner,F80-84 80-84 år,2025,Personer,281
3442 Østre Toten,2 Kvinner,F85-89 85-89 år,2025,Personer,151
3442 Østre Toten,2 Kvinner,F90-94 90-94 år,2025,Personer,77
3442 Østre Toten,2 Kvinner,F95-99 95-99 år,2025,Personer,17
3442 Østre Toten,2 Kvinner,F100G5+ 100 år eller eldre,2025,Personer,3
3442 Østre Toten,1 Menn,F00-04 0-4 år,2025,Personer,333
3442 Østre Toten,1 Menn,F05-09 5-9 år,2025,Personer,354
3442 Østre Toten,1 Menn,F10-14 10-14 år,2025,Personer,416
3442 Østre Toten,1 Menn,F15-19 15-19 år,2025,Personer,405
3442 Østre Toten,1 Menn,F20-24 20-24 år,2025,Personer,408
3442 Østre Toten,1 Menn,F25-29 25-29 år,2025,Personer,398
3442 Østre Toten,1 Menn,F30-34 30-34 år,2025,Personer,456
3442 Østre Toten,1 Menn,F35-39 35-39 år,2025,Personer,473
3442 Østre Toten,1 Menn,F40-44 40-44 år,2025,Personer,380
3442 Østre Toten,1 Menn,F45-49 45-49 år,2025,Personer,430
3442 Østre Toten,1 Menn,F50-54 50-54 år,2025,Personer,571
3442 Østre Toten,1 Menn,F55-59 55-59 år,2025,Personer,607
3442 Østre Toten,1 Menn,F60-64 60-64 år,2025,Personer,496
3442 Østre Toten,1 Menn,F65-69 65-69 år,2025,Personer,504
3442 Østre Toten,1 Menn,F70-74 70-74 år,2025,Personer,433
3442 Østre Toten,1 Menn,F75-79 75-79 år,2025,Personer,375
3442 Østre Toten,1 Menn,F80-84 80-84 år,2025,Personer,207
3442 Østre Toten,1 Menn,F85-89 85-89 år,2025,Personer,110
3442 Østre Toten,1 Menn,F90-94 90-94 år,2025,Personer,44
3442 Østre Toten,1 Menn,F95-99 95-99 år,2025,Personer,5
3442 Østre Toten,1 Menn,F100G5+ 100 år eller eldre,2025,Personer,3
3443 Vestre Toten,2 Kvinner,F00-04 0-4 år,2025,Personer,267
3443 Vestre Toten,2 Kvinner,F05-09 5-9 år,2025,Personer,296
3443 Vestre Toten,2 Kvinner,F10-14 10-14 år,2025,Personer,366
3443 Vestre Toten,2 Kvinner,F15-19 15-19 år,2025,Personer,383
3443 Vestre Toten,2 Kvinner,F20-24 20-24 år,2025,Personer,342
3443 Vestre Toten,2 Kvinner,F25-29 25-29 år,2025,Personer,375
3443 Vestre Toten,2 Kvinner,F30-34 30-34 år,2025,Personer,434
3443 Vestre Toten,2 Kvinner,F35-39 35-39 år,2025,Personer,367
3443 Vestre Toten,2 Kvinner,F40-44 40-44 år,2025,Personer,381
3443 Vestre Toten,2 Kvinner,F45-49 45-49 år,2025,Personer,410
3443 Vestre Toten,2 Kvinner,F50-54 50-54 år,2025,Personer,550
3443 Vestre Toten,2 Kvinner,F55-59 55-59 år,2025,Personer,466
3443 Vestre Toten,2 Kvinner,F60-64 60-64 år,2025,Personer,438
3443 Vestre Toten,2 Kvinner,F65-69 65-69 år,2025,Personer,386
3443 Vestre Toten,2 Kvinner,F70-74 70-74 år,2025,Personer,379
3443 Vestre Toten,2 Kvinner,F75-79 75-79 år,2025,Personer,382
3443 Vestre Toten,2 Kvinner,F80-84 80-84 år,2025,Personer,240
3443 Vestre Toten,2 Kvinner,F85-89 85-89 år,2025,Personer,146
3443 Vestre Toten,2 Kvinner,F90-94 90-94 år,2025,Personer,64
3443 Vestre Toten,2 Kvinner,F95-99 95-99 år,2025,Personer,16
3443 Vestre Toten,2 Kvinner,F100G5+ 100 år eller eldre,2025,Personer,0
3443 Vestre Toten,1 Menn,F00-04 0-4 år,2025,Personer,303
3443 Vestre Toten,1 Menn,F05-09 5-9 år,2025,Personer,348
3443 Vestre Toten,1 Menn,F10-14 10-14 år,2025,Personer,349
3443 Vestre Toten,1 Menn,F15-19 15-19 år,2025,Personer,394
3443 Vestre Toten,1 Menn,F20-24 20-24 år,2025,Personer,416
3443 Vestre Toten,1 Menn,F25-29 25-29 år,2025,Personer,466
3443 Vestre Toten,1 Menn,F30-34 30-34 år,2025,Personer,494
3443 Vestre Toten,1 Menn,F35-39 35-39 år,2025,Personer,456
3443 Vestre Toten,1 Menn,F40-44 40-44 år,2025,Personer,367
3443 Vestre Toten,1 Menn,F45-49 45-49 år,2025,Personer,423
3443 Vestre Toten,1 Menn,F50-54 50-54 år,2025,Personer,518
3443 Vestre Toten,1 Menn,F55-59 55-59 år,2025,Personer,537
3443 Vestre Toten,1 Menn,F60-64 60-64 år,2025,Personer,423
3443 Vestre Toten,1 Menn,F65-69 65-69 år,2025,Personer,405
3443 Vestre Toten,1 Menn,F70-74 70-74 år,2025,Personer,357
3443 Vestre Toten,1 Menn,F75-79 75-79 år,2025,Personer,365
3443 Vestre Toten,1 Menn,F80-84 80-84 år,2025,Personer,200
3443 Vestre Toten,1 Menn,F85-89 85-89 år,2025,Personer,102
3443 Vestre Toten,1 Menn,F90-94 90-94 år,2025,Personer,32
3443 Vestre Toten,1 Menn,F95-99 95-99 år,2025,Personer,4
3443 Vestre Toten,1 Menn,F100G5+ 100 år eller eldre,2025,Personer,2
3446 Gran,2 Kvinner,F00-04 0-4 år,2025,Personer,252
3446 Gran,2 Kvinner,F05-09 5-9 år,2025,Personer,284
3446 Gran,2 Kvinner,F10-14 10-14 år,2025,Personer,381
3446 Gran,2 Kvinner,F15-19 15-19 år,2025,Personer,389
3446 Gran,2 Kvinner,F20-24 20-24 år,2025,Personer,345
3446 Gran,2 Kvinner,F25-29 25-29 år,2025,Personer,281
3446 Gran,2 Kvinner,F30-34 30-34 år,2025,Personer,365
3446 Gran,2 Kvinner,F35-39 35-39 år,2025,Personer,402
3446 Gran,2 Kvinner,F40-44 40-44 år,2025,Personer,393
3446 Gran,2 Kvinner,F45-49 45-49 år,2025,Personer,428
3446 Gran,2 Kvinner,F50-54 50-54 år,2025,Personer,525
3446 Gran,2 Kvinner,F55-59 55-59 år,2025,Personer,518
3446 Gran,2 Kvinner,F60-64 60-64 år,2025,Personer,518
3446 Gran,2 Kvinner,F65-69 65-69 år,2025,Personer,451
3446 Gran,2 Kvinner,F70-74 70-74 år,2025,Personer,386
3446 Gran,2 Kvinner,F75-79 75-79 år,2025,Personer,370
3446 Gran,2 Kvinner,F80-84 80-84 år,2025,Personer,270
3446 Gran,2 Kvinner,F85-89 85-89 år,2025,Personer,159
3446 Gran,2 Kvinner,F90-94 90-94 år,2025,Personer,71
3446 Gran,2 Kvinner,F95-99 95-99 år,2025,Personer,20
3446 Gran,2 Kvinner,F100G5+ 100 år eller eldre,2025,Personer,1
3446 Gran,1 Menn,F00-04 0-4 år,2025,Personer,248
3446 Gran,1 Menn,F05-09 5-9 år,2025,Personer,334
3446 Gran,1 Menn,F10-14 10-14 år,2025,Personer,394
3446 Gran,1 Menn,F15-19 15-19 år,2025,Personer,470
3446 Gran,1 Menn,F20-24 20-24 år,2025,Personer,354
3446 Gran,1 Menn,F25-29 25-29 år,2025,Personer,359
3446 Gran,1 Menn,F30-34 30-34 år,2025,Personer,368
3446 Gran,1 Menn,F35-39 35-39 år,2025,Personer,396
3446 Gran,1 Menn,F40-44 40-44 år,2025,Personer,403
3446 Gran,1 Menn,F45-49 45-49 år,2025,Personer,421
3446 Gran,1 Menn,F50-54 50-54 år,2025,Personer,529
3446 Gran,1 Menn,F55-59 55-59 år,2025,Personer,520
3446 Gran,1 Menn,F60-64 60-64 år,2025,Personer,504
3446 Gran,1 Menn,F65-69 65-69 år,2025,Personer,484
3446 Gran,1 Menn,F70-74 70-74 år,2025,Personer,400
3446 Gran,1 Menn,F75-79 75-79 år,2025,Personer,330
3446 Gran,1 Menn,F80-84 80-84 år,2025,Personer,206
3446 Gran,1 Menn,F85-89 85-89 år,2025,Personer,80
3446 Gran,1 Menn,F90-94 90-94 år,2025,Personer,43
3446 Gran,1 Menn,F95-99 95-99 år,2025,Personer,8
3446 Gran,1 Menn,F100G5+ 100 år eller eldre,2025,Personer,0
3447 Søndre Land,2 Kvinner,F00-04 0-4 år,2025,Personer,103
3447 Søndre Land,2 Kvinner,F05-09 5-9 år,2025,Personer,133
3447 Søndre Land,2 Kvinner,F10-14 10-14 år,2025,Personer,121
3447 Søndre Land,2 Kvinner,F15-19 15-19 år,2025,Personer,140
3447 Søndre Land,2 Kvinner,F20-24 20-24 år,2025,Personer,127
3447 Søndre Land,2 Kvinner,F25-29 25-29 år,2025,Personer,128
3447 Søndre Land,2 Kvinner,F30-34 30-34 år,2025,Personer,154
3447 Søndre Land,2 Kvinner,F35-39 35-39 år,2025,Personer,163
3447 Søndre Land,2 Kvinner,F40-44 40-44 år,2025,Personer,129
3447 Søndre Land,2 Kvinner,F45-49 45-49 år,2025,Personer,170
3447 Søndre Land,2 Kvinner,F50-54 50-54 år,2025,Personer,201
3447 Søndre Land,2 Kvinner,F55-59 55-59 år,2025,Personer,237
3447 Søndre Land,2 Kvinner,F60-64 60-64 år,2025,Personer,216
3447 Søndre Land,2 Kvinner,F65-69 65-69 år,2025,Personer,199
3447 Søndre Land,2 Kvinner,F70-74 70-74 år,2025,Personer,168
3447 Søndre Land,2 Kvinner,F75-79 75-79 år,2025,Personer,152
3447 Søndre Land,2 Kvinner,F80-84 80-84 år,2025,Personer,94
3447 Søndre Land,2 Kvinner,F85-89 85-89 år,2025,Personer,69
3447 Søndre Land,2 Kvinner,F90-94 90-94 år,2025,Personer,20
3447 Søndre Land,2 Kvinner,F95-99 95-99 år,2025,Personer,9
3447 Søndre Land,2 Kvinner,F100G5+ 100 år eller eldre,2025,Personer,1
3447 Søndre Land,1 Menn,F00-04 0-4 år,2025,Personer,96
3447 Søndre Land,1 Menn,F05-09 5-9 år,2025,Personer,139
3447 Søndre Land,1 Menn,F10-14 10-14 år,2025,Personer,133
3447 Søndre Land,1 Menn,F15-19 15-19 år,2025,Personer,156
3447 Søndre Land,1 Menn,F20-24 20-24 år,2025,Personer,155
3447 Søndre Land,1 Menn,F25-29 25-29 år,2025,Personer,143
3447 Søndre Land,1 Menn,F30-34 30-34 år,2025,Personer,153
3447 Søndre Land,1 Menn,F35-39 35-39 år,2025,Personer,156
3447 Søndre Land,1 Menn,F40-44 40-44 år,2025,Personer,169
3447 Søndre Land,1 Menn,F45-49 45-49 år,2025,Personer,174
3447 Søndre Land,1 Menn,F50-54 50-54 år,2025,Personer,200
3447 Søndre Land,1 Menn,F55-59 55-59 år,2025,Personer,234
3447 Søndre Land,1 Menn,F60-64 60-64 år,2025,Personer,234
3447 Søndre Land,1 Menn,F65-69 65-69 år,2025,Personer,230
3447 Søndre Land,1 Menn,F70-74 70-74 år,2025,Personer,190
3447 Søndre Land,1 Menn,F75-79 75-79 år,2025,Personer,157
3447 Søndre Land,1 Menn,F80-84 80-84 år,2025,Personer,86
3447 Søndre Land,1 Menn,F85-89 85-89 år,2025,Personer,43
3447 Søndre Land,1 Menn,F90-94 90-94 år,2025,Personer,14
3447 Søndre Land,1 Menn,F95-99 95-99 år,2025,Personer,1
3447 Søndre Land,1 Menn,F100G5+ 100 år eller eldre,2025,Personer,0
3448 Nordre Land,2 Kvinner,F00-04 0-4 år,2025,Personer,121
3448 Nordre Land,2 Kvinner,F05-09 5-9 år,2025,Personer,161
3448 Nordre Land,2 Kvinner,F10-14 10-14 år,2025,Personer,176
3448 Nordre Land,2 Kvinner,F15-19 15-19 år,2025,Personer,179
3448 Nordre Land,2 Kvinner,F20-24 20-24 år,2025,Personer,158
3448 Nordre Land,2 Kvinner,F25-29 25-29 år,2025,Personer,171
3448 Nordre Land,2 Kvinner,F30-34 30-34 år,2025,Personer,156
3448 Nordre Land,2 Kvinner,F35-39 35-39 år,2025,Personer,181
3448 Nordre Land,2 Kvinner,F40-44 40-44 år,2025,Personer,159
3448 Nordre Land,2 Kvinner,F45-49 45-49 år,2025,Personer,204
3448 Nordre Land,2 Kvinner,F50-54 50-54 år,2025,Personer,242
3448 Nordre Land,2 Kvinner,F55-59 55-59 år,2025,Personer,253
3448 Nordre Land,2 Kvinner,F60-64 60-64 år,2025,Personer,248
3448 Nordre Land,2 Kvinner,F65-69 65-69 år,2025,Personer,223
3448 Nordre Land,2 Kvinner,F70-74 70-74 år,2025,Personer,199
3448 Nordre Land,2 Kvinner,F75-79 75-79 år,2025,Personer,207
3448 Nordre Land,2 Kvinner,F80-84 80-84 år,2025,Personer,140
3448 Nordre Land,2 Kvinner,F85-89 85-89 år,2025,Personer,75
3448 Nordre Land,2 Kvinner,F90-94 90-94 år,2025,Personer,26
3448 Nordre Land,2 Kvinner,F95-99 95-99 år,2025,Personer,11
3448 Nordre Land,2 Kvinner,F100G5+ 100 år eller eldre,2025,Personer,0
3448 Nordre Land,1 Menn,F00-04 0-4 år,2025,Personer,124
3448 Nordre Land,1 Menn,F05-09 5-9 år,2025,Personer,165
3448 Nordre Land,1 Menn,F10-14 10-14 år,2025,Personer,181
3448 Nordre Land,1 Menn,F15-19 15-19 år,2025,Personer,202
3448 Nordre Land,1 Menn,F20-24 20-24 år,2025,Personer,146
3448 Nordre Land,1 Menn,F25-29 25-29 år,2025,Personer,175
3448 Nordre Land,1 Menn,F30-34 30-34 år,2025,Personer,207
3448 Nordre Land,1 Menn,F35-39 35-39 år,2025,Personer,170
3448 Nordre Land,1 Menn,F40-44 40-44 år,2025,Personer,177
3448 Nordre Land,1 Menn,F45-49 45-49 år,2025,Personer,177
3448 Nordre Land,1 Menn,F50-54 50-54 år,2025,Personer,245
3448 Nordre Land,1 Menn,F55-59 55-59 år,2025,Personer,262
3448 Nordre Land,1 Menn,F60-64 60-64 år,2025,Personer,248
3448 Nordre Land,1 Menn,F65-69 65-69 år,2025,Personer,239
3448 Nordre Land,1 Menn,F70-74 70-74 år,2025,Personer,208
3448 Nordre Land,1 Menn,F75-79 75-79 år,2025,Personer,175
3448 Nordre Land,1 Menn,F80-84 80-84 år,2025,Personer,81
3448 Nordre Land,1 Menn,F85-89 85-89 år,2025,Personer,47
3448 Nordre Land,1 Menn,F90-94 90-94 år,2025,Personer,21
3448 Nordre Land,1 Menn,F95-99 95-99 år,2025,Personer,4
3448 Nordre Land,1 Menn,F100G5+ 100 år eller eldre,2025,Personer,0
3449 Sør-Aurdal,2 Kvinner,F00-04 0-4 år,2025,Personer,46
3449 Sør-Aurdal,2 Kvinner,F05-09 5-9 år,2025,Personer,64
3449 Sør-Aurdal,2 Kvinner,F10-14 10-14 år,2025,Personer,60
3449 Sør-Aurdal,2 Kvinner,F15-19 15-19 år,2025,Personer,64
3449 Sør-Aurdal,2 Kvinner,F20-24 20-24 år,2025,Personer,67
3449 Sør-Aurdal,2 Kvinner,F25-29 25-29 år,2025,Personer,66
3449 Sør-Aurdal,2 Kvinner,F30-34 30-34 år,2025,Personer,58
3449 Sør-Aurdal,2 Kvinner,F35-39 35-39 år,2025,Personer,74
3449 Sør-Aurdal,2 Kvinner,F40-44 40-44 år,2025,Personer,69
3449 Sør-Aurdal,2 Kvinner,F45-49 45-49 år,2025,Personer,86
3449 Sør-Aurdal,2 Kvinner,F50-54 50-54 år,2025,Personer,84
3449 Sør-Aurdal,2 Kvinner,F55-59 55-59 år,2025,Personer,100
3449 Sør-Aurdal,2 Kvinner,F60-64 60-64 år,2025,Personer,111
3449 Sør-Aurdal,2 Kvinner,F65-69 65-69 år,2025,Personer,104
3449 Sør-Aurdal,2 Kvinner,F70-74 70-74 år,2025,Personer,97
3449 Sør-Aurdal,2 Kvinner,F75-79 75-79 år,2025,Personer,87
3449 Sør-Aurdal,2 Kvinner,F80-84 80-84 år,2025,Personer,62
3449 Sør-Aurdal,2 Kvinner,F85-89 85-89 år,2025,Personer,36
3449 Sør-Aurdal,2 Kvinner,F90-94 90-94 år,2025,Personer,17
3449 Sør-Aurdal,2 Kvinner,F95-99 95-99 år,2025,Personer,3
3449 Sør-Aurdal,2 Kvinner,F100G5+ 100 år eller eldre,2025,Personer,1
3449 Sør-Aurdal,1 Menn,F00-04 0-4 år,2025,Personer,56
3449 Sør-Aurdal,1 Menn,F05-09 5-9 år,2025,Personer,60
3449 Sør-Aurdal,1 Menn,F10-14 10-14 år,2025,Personer,70
3449 Sør-Aurdal,1 Menn,F15-19 15-19 år,2025,Personer,87
3449 Sør-Aurdal,1 Menn,F20-24 20-24 år,2025,Personer,88
3449 Sør-Aurdal,1 Menn,F25-29 25-29 år,2025,Personer,78
3449 Sør-Aurdal,1 Menn,F30-34 30-34 år,2025,Personer,62
3449 Sør-Aurdal,1 Menn,F35-39 35-39 år,2025,Personer,79
3449 Sør-Aurdal,1 Menn,F40-44 40-44 år,2025,Personer,74
3449 Sør-Aurdal,1 Menn,F45-49 45-49 år,2025,Personer,82
3449 Sør-Aurdal,1 Menn,F50-54 50-54 år,2025,Personer,112
3449 Sør-Aurdal,1 Menn,F55-59 55-59 år,2025,Personer,112
3449 Sør-Aurdal,1 Menn,F60-64 60-64 år,2025,Personer,126
3449 Sør-Aurdal,1 Menn,F65-69 65-69 år,2025,Personer,101
3449 Sør-Aurdal,1 Menn,F70-74 70-74 år,2025,Personer,89
3449 Sør-Aurdal,1 Menn,F75-79 75-79 år,2025,Personer,82
3449 Sør-Aurdal,1 Menn,F80-84 80-84 år,2025,Personer,66
3449 Sør-Aurdal,1 Menn,F85-89 85-89 år,2025,Personer,32
3449 Sør-Aurdal,1 Menn,F90-94 90-94 år,2025,Personer,9
3449 Sør-Aurdal,1 Menn,F95-99 95-99 år,2025,Personer,1
3449 Sør-Aurdal,1 Menn,F100G5+ 100 år eller eldre,2025,Personer,0
3450 Etnedal,2 Kvinner,F00-04 0-4 år,2025,Personer,21
3450 Etnedal,2 Kvinner,F05-09 5-9 år,2025,Personer,24
3450 Etnedal,2 Kvinner,F10-14 10-14 år,2025,Personer,24
3450 Etnedal,2 Kvinner,F15-19 15-19 år,2025,Personer,38
3450 Etnedal,2 Kvinner,F20-24 20-24 år,2025,Personer,28
3450 Etnedal,2 Kvinner,F25-29 25-29 år,2025,Personer,28
3450 Etnedal,2 Kvinner,F30-34 30-34 år,2025,Personer,31
3450 Etnedal,2 Kvinner,F35-39 35-39 år,2025,Personer,23
3450 Etnedal,2 Kvinner,F40-44 40-44 år,2025,Personer,37
3450 Etnedal,2 Kvinner,F45-49 45-49 år,2025,Personer,34
3450 Etnedal,2 Kvinner,F50-54 50-54 år,2025,Personer,43
3450 Etnedal,2 Kvinner,F55-59 55-59 år,2025,Personer,43
3450 Etnedal,2 Kvinner,F60-64 60-64 år,2025,Personer,44
3450 Etnedal,2 Kvinner,F65-69 65-69 år,2025,Personer,35
3450 Etnedal,2 Kvinner,F70-74 70-74 år,2025,Personer,43
3450 Etnedal,2 Kvinner,F75-79 75-79 år,2025,Personer,42
3450 Etnedal,2 Kvinner,F80-84 80-84 år,2025,Personer,30
3450 Etnedal,2 Kvinner,F85-89 85-89 år,2025,Personer,24
3450 Etnedal,2 Kvinner,F90-94 90-94 år,2025,Personer,11
3450 Etnedal,2 Kvinner,F95-99 95-99 år,2025,Personer,0
3450 Etnedal,2 Kvinner,F100G5+ 100 år eller eldre,2025,Personer,0
3450 Etnedal,1 Menn,F00-04 0-4 år,2025,Personer,19
3450 Etnedal,1 Menn,F05-09 5-9 år,2025,Personer,27
3450 Etnedal,1 Menn,F10-14 10-14 år,2025,Personer,28
3450 Etnedal,1 Menn,F15-19 15-19 år,2025,Personer,37
3450 Etnedal,1 Menn,F20-24 20-24 år,2025,Personer,32
3450 Etnedal,1 Menn,F25-29 25-29 år,2025,Personer,30
3450 Etnedal,1 Menn,F30-34 30-34 år,2025,Personer,36
3450 Etnedal,1 Menn,F35-39 35-39 år,2025,Personer,31
3450 Etnedal,1 Menn,F40-44 40-44 år,2025,Personer,30
3450 Etnedal,1 Menn,F45-49 45-49 år,2025,Personer,39
3450 Etnedal,1 Menn,F50-54 50-54 år,2025,Personer,41
3450 Etnedal,1 Menn,F55-59 55-59 år,2025,Personer,76
3450 Etnedal,1 Menn,F60-64 60-64 år,2025,Personer,51
3450 Etnedal,1 Menn,F65-69 65-69 år,2025,Personer,52
3450 Etnedal,1 Menn,F70-74 70-74 år,2025,Personer,36
3450 Etnedal,1 Menn,F75-79 75-79 år,2025,Personer,36
3450 Etnedal,1 Menn,F80-84 80-84 år,2025,Personer,25
3450 Etnedal,1 Menn,F85-89 85-89 år,2025,Personer,14
3450 Etnedal,1 Menn,F90-94 90-94 år,2025,Personer,11
3450 Etnedal,1 Menn,F95-99 95-99 år,2025,Personer,0
3450 Etnedal,1 Menn,F100G5+ 100 år eller eldre,2025,Personer,0
3451 Nord-Aurdal,2 Kvinner,F00-04 0-4 år,2025,Personer,149
3451 Nord-Aurdal,2 Kvinner,F05-09 5-9 år,2025,Personer,141
3451 Nord-Aurdal,2 Kvinner,F10-14 10-14 år,2025,Personer,145
3451 Nord-Aurdal,2 Kvinner,F15-19 15-19 år,2025,Personer,173
3451 Nord-Aurdal,2 Kvinner,F20-24 20-24 år,2025,Personer,178
3451 Nord-Aurdal,2 Kvinner,F25-29 25-29 år,2025,Personer,138
3451 Nord-Aurdal,2 Kvinner,F30-34 30-34 år,2025,Personer,179
3451 Nord-Aurdal,2 Kvinner,F35-39 35-39 år,2025,Personer,188
3451 Nord-Aurdal,2 Kvinner,F40-44 40-44 år,2025,Personer,187
3451 Nord-Aurdal,2 Kvinner,F45-49 45-49 år,2025,Personer,174
3451 Nord-Aurdal,2 Kvinner,F50-54 50-54 år,2025,Personer,223
3451 Nord-Aurdal,2 Kvinner,F55-59 55-59 år,2025,Personer,225
3451 Nord-Aurdal,2 Kvinner,F60-64 60-64 år,2025,Personer,204
3451 Nord-Aurdal,2 Kvinner,F65-69 65-69 år,2025,Personer,242
3451 Nord-Aurdal,2 Kvinner,F70-74 70-74 år,2025,Personer,212
3451 Nord-Aurdal,2 Kvinner,F75-79 75-79 år,2025,Personer,208
3451 Nord-Aurdal,2 Kvinner,F80-84 80-84 år,2025,Personer,114
3451 Nord-Aurdal,2 Kvinner,F85-89 85-89 år,2025,Personer,89
3451 Nord-Aurdal,2 Kvinner,F90-94 90-94 år,2025,Personer,29
3451 Nord-Aurdal,2 Kvinner,F95-99 95-99 år,2025,Personer,10
3451 Nord-Aurdal,2 Kvinner,F100G5+ 100 år eller eldre,2025,Personer,0
3451 Nord-Aurdal,1 Menn,F00-04 0-4 år,2025,Personer,138
3451 Nord-Aurdal,1 Menn,F05-09 5-9 år,2025,Personer,158
3451 Nord-Aurdal,1 Menn,F10-14 10-14 år,2025,Personer,177
3451 Nord-Aurdal,1 Menn,F15-19 15-19 år,2025,Personer,191
3451 Nord-Aurdal,1 Menn,F20-24 20-24 år,2025,Personer,160
3451 Nord-Aurdal,1 Menn,F25-29 25-29 år,2025,Personer,184
3451 Nord-Aurdal,1 Menn,F30-34 30-34 år,2025,Personer,212
3451 Nord-Aurdal,1 Menn,F35-39 35-39 år,2025,Personer,179
3451 Nord-Aurdal,1 Menn,F40-44 40-44 år,2025,Personer,184
3451 Nord-Aurdal,1 Menn,F45-49 45-49 år,2025,Personer,210
3451 Nord-Aurdal,1 Menn,F50-54 50-54 år,2025,Personer,224
3451 Nord-Aurdal,1 Menn,F55-59 55-59 år,2025,Personer,238
3451 Nord-Aurdal,1 Menn,F60-64 60-64 år,2025,Personer,207
3451 Nord-Aurdal,1 Menn,F65-69 65-69 år,2025,Personer,204
3451 Nord-Aurdal,1 Menn,F70-74 70-74 år,2025,Personer,205
3451 Nord-Aurdal,1 Menn,F75-79 75-79 år,2025,Personer,202
3451 Nord-Aurdal,1 Menn,F80-84 80-84 år,2025,Personer,91
3451 Nord-Aurdal,1 Menn,F85-89 85-89 år,2025,Personer,53
3451 Nord-Aurdal,1 Menn,F90-94 90-94 år,2025,Personer,25
3451 Nord-Aurdal,1 Menn,F95-99 95-99 år,2025,Personer,5
3451 Nord-Aurdal,1 Menn,F100G5+ 100 år eller eldre,2025,Personer,0
3452 Vestre Slidre,2 Kvinner,F00-04 0-4 år,2025,Personer,54
3452 Vestre Slidre,2 Kvinner,F05-09 5-9 år,2025,Personer,40
3452 Vestre Slidre,2 Kvinner,F10-14 10-14 år,2025,Personer,56
3452 Vestre Slidre,2 Kvinner,F15-19 15-19 år,2025,Personer,58
3452 Vestre Slidre,2 Kvinner,F20-24 20-24 år,2025,Personer,55
3452 Vestre Slidre,2 Kvinner,F25-29 25-29 år,2025,Personer,56
3452 Vestre Slidre,2 Kvinner,F30-34 30-34 år,2025,Personer,70
3452 Vestre Slidre,2 Kvinner,F35-39 35-39 år,2025,Personer,54
3452 Vestre Slidre,2 Kvinner,F40-44 40-44 år,2025,Personer,68
3452 Vestre Slidre,2 Kvinner,F45-49 45-49 år,2025,Personer,54
3452 Vestre Slidre,2 Kvinner,F50-54 50-54 år,2025,Personer,73
3452 Vestre Slidre,2 Kvinner,F55-59 55-59 år,2025,Personer,70
3452 Vestre Slidre,2 Kvinner,F60-64 60-64 år,2025,Personer,98
3452 Vestre Slidre,2 Kvinner,F65-69 65-69 år,2025,Personer,73
3452 Vestre Slidre,2 Kvinner,F70-74 70-74 år,2025,Personer,52
3452 Vestre Slidre,2 Kvinner,F75-79 75-79 år,2025,Personer,61
3452 Vestre Slidre,2 Kvinner,F80-84 80-84 år,2025,Personer,37
3452 Vestre Slidre,2 Kvinner,F85-89 85-89 år,2025,Personer,24
3452 Vestre Slidre,2 Kvinner,F90-94 90-94 år,2025,Personer,6
3452 Vestre Slidre,2 Kvinner,F95-99 95-99 år,2025,Personer,3
3452 Vestre Slidre,2 Kvinner,F100G5+ 100 år eller eldre,2025,Personer,1
3452 Vestre Slidre,1 Menn,F00-04 0-4 år,2025,Personer,44
3452 Vestre Slidre,1 Menn,F05-09 5-9 år,2025,Personer,51
3452 Vestre Slidre,1 Menn,F10-14 10-14 år,2025,Personer,43
3452 Vestre Slidre,1 Menn,F15-19 15-19 år,2025,Personer,84
3452 Vestre Slidre,1 Menn,F20-24 20-24 år,2025,Personer,59
3452 Vestre Slidre,1 Menn,F25-29 25-29 år,2025,Personer,49
3452 Vestre Slidre,1 Menn,F30-34 30-34 år,2025,Personer,69
3452 Vestre Slidre,1 Menn,F35-39 35-39 år,2025,Personer,63
3452 Vestre Slidre,1 Menn,F40-44 40-44 år,2025,Personer,59
3452 Vestre Slidre,1 Menn,F45-49 45-49 år,2025,Personer,57
3452 Vestre Slidre,1 Menn,F50-54 50-54 år,2025,Personer,81
3452 Vestre Slidre,1 Menn,F55-59 55-59 år,2025,Personer,90
3452 Vestre Slidre,1 Menn,F60-64 60-64 år,2025,Personer,76
3452 Vestre Slidre,1 Menn,F65-69 65-69 år,2025,Personer,82
3452 Vestre Slidre,1 Menn,F70-74 70-74 år,2025,Personer,57
3452 Vestre Slidre,1 Menn,F75-79 75-79 år,2025,Personer,60
3452 Vestre Slidre,1 Menn,F80-84 80-84 år,2025,Personer,30
3452 Vestre Slidre,1 Menn,F85-89 85-89 år,2025,Personer,17
3452 Vestre Slidre,1 Menn,F90-94 90-94 år,2025,Personer,7
3452 Vestre Slidre,1 Menn,F95-99 95-99 år,2025,Personer,1
3452 Vestre Slidre,1 Menn,F100G5+ 100 år eller eldre,2025,Personer,0
3453 Øystre Slidre,2 Kvinner,F00-04 0-4 år,2025,Personer,65
3453 Øystre Slidre,2 Kvinner,F05-09 5-9 år,2025,Personer,68
3453 Øystre Slidre,2 Kvinner,F10-14 10-14 år,2025,Personer,75
3453 Øystre Slidre,2 Kvinner,F15-19 15-19 år,2025,Personer,62
3453 Øystre Slidre,2 Kvinner,F20-24 20-24 år,2025,Personer,73
3453 Øystre Slidre,2 Kvinner,F25-29 25-29 år,2025,Personer,97
3453 Øystre Slidre,2 Kvinner,F30-34 30-34 år,2025,Personer,106
3453 Øystre Slidre,2 Kvinner,F35-39 35-39 år,2025,Personer,96
3453 Øystre Slidre,2 Kvinner,F40-44 40-44 år,2025,Personer,102
3453 Øystre Slidre,2 Kvinner,F45-49 45-49 år,2025,Personer,100
3453 Øystre Slidre,2 Kvinner,F50-54 50-54 år,2025,Personer,118
3453 Øystre Slidre,2 Kvinner,F55-59 55-59 år,2025,Personer,133
3453 Øystre Slidre,2 Kvinner,F60-64 60-64 år,2025,Personer,123
3453 Øystre Slidre,2 Kvinner,F65-69 65-69 år,2025,Personer,109
3453 Øystre Slidre,2 Kvinner,F70-74 70-74 år,2025,Personer,102
3453 Øystre Slidre,2 Kvinner,F75-79 75-79 år,2025,Personer,94
3453 Øystre Slidre,2 Kvinner,F80-84 80-84 år,2025,Personer,67
3453 Øystre Slidre,2 Kvinner,F85-89 85-89 år,2025,Personer,26
3453 Øystre Slidre,2 Kvinner,F90-94 90-94 år,2025,Personer,15
3453 Øystre Slidre,2 Kvinner,F95-99 95-99 år,2025,Personer,4
3453 Øystre Slidre,2 Kvinner,F100G5+ 100 år eller eldre,2025,Personer,0
3453 Øystre Slidre,1 Menn,F00-04 0-4 år,2025,Personer,73
3453 Øystre Slidre,1 Menn,F05-09 5-9 år,2025,Personer,79
3453 Øystre Slidre,1 Menn,F10-14 10-14 år,2025,Personer,88
3453 Øystre Slidre,1 Menn,F15-19 15-19 år,2025,Personer,116
3453 Øystre Slidre,1 Menn,F20-24 20-24 år,2025,Personer,84
3453 Øystre Slidre,1 Menn,F25-29 25-29 år,2025,Personer,84
3453 Øystre Slidre,1 Menn,F30-34 30-34 år,2025,Personer,98
3453 Øystre Slidre,1 Menn,F35-39 35-39 år,2025,Personer,119
3453 Øystre Slidre,1 Menn,F40-44 40-44 år,2025,Personer,86
3453 Øystre Slidre,1 Menn,F45-49 45-49 år,2025,Personer,100
3453 Øystre Slidre,1 Menn,F50-54 50-54 år,2025,Personer,108
3453 Øystre Slidre,1 Menn,F55-59 55-59 år,2025,Personer,133
3453 Øystre Slidre,1 Menn,F60-64 60-64 år,2025,Personer,113
3453 Øystre Slidre,1 Menn,F65-69 65-69 år,2025,Personer,114
3453 Øystre Slidre,1 Menn,F70-74 70-74 år,2025,Personer,96
3453 Øystre Slidre,1 Menn,F75-79 75-79 år,2025,Personer,97
3453 Øystre Slidre,1 Menn,F80-84 80-84 år,2025,Personer,52
3453 Øystre Slidre,1 Menn,F85-89 85-89 år,2025,Personer,30
3453 Øystre Slidre,1 Menn,F90-94 90-94 år,2025,Personer,6
3453 Øystre Slidre,1 Menn,F95-99 95-99 år,2025,Personer,0
3453 Øystre Slidre,1 Menn,F100G5+ 100 år eller eldre,2025,Personer,0
3454 Vang,2 Kvinner,F00-04 0-4 år,2025,Personer,30
3454 Vang,2 Kvinner,F05-09 5-9 år,2025,Personer,34
3454 Vang,2 Kvinner,F10-14 10-14 år,2025,Personer,48
3454 Vang,2 Kvinner,F15-19 15-19 år,2025,Personer,45
3454 Vang,2 Kvinner,F20-24 20-24 år,2025,Personer,34
3454 Vang,2 Kvinner,F25-29 25-29 år,2025,Personer,36
3454 Vang,2 Kvinner,F30-34 30-34 år,2025,Personer,36
3454 Vang,2 Kvinner,F35-39 35-39 år,2025,Personer,52
3454 Vang,2 Kvinner,F40-44 40-44 år,2025,Personer,47
3454 Vang,2 Kvinner,F45-49 45-49 år,2025,Personer,47
3454 Vang,2 Kvinner,F50-54 50-54 år,2025,Personer,56
3454 Vang,2 Kvinner,F55-59 55-59 år,2025,Personer,53
3454 Vang,2 Kvinner,F60-64 60-64 år,2025,Personer,55
3454 Vang,2 Kvinner,F65-69 65-69 år,2025,Personer,51
3454 Vang,2 Kvinner,F70-74 70-74 år,2025,Personer,46
3454 Vang,2 Kvinner,F75-79 75-79 år,2025,Personer,48
3454 Vang,2 Kvinner,F80-84 80-84 år,2025,Personer,24
3454 Vang,2 Kvinner,F85-89 85-89 år,2025,Personer,14
3454 Vang,2 Kvinner,F90-94 90-94 år,2025,Personer,10
3454 Vang,2 Kvinner,F95-99 95-99 år,2025,Personer,5
3454 Vang,2 Kvinner,F100G5+ 100 år eller eldre,2025,Personer,0
3454 Vang,1 Menn,F00-04 0-4 år,2025,Personer,48
3454 Vang,1 Menn,F05-09 5-9 år,2025,Personer,47
3454 Vang,1 Menn,F10-14 10-14 år,2025,Personer,45
3454 Vang,1 Menn,F15-19 15-19 år,2025,Personer,48
3454 Vang,1 Menn,F20-24 20-24 år,2025,Personer,48
3454 Vang,1 Menn,F25-29 25-29 år,2025,Personer,38
3454 Vang,1 Menn,F30-34 30-34 år,2025,Personer,42
3454 Vang,1 Menn,F35-39 35-39 år,2025,Personer,54
3454 Vang,1 Menn,F40-44 40-44 år,2025,Personer,63
3454 Vang,1 Menn,F45-49 45-49 år,2025,Personer,44
3454 Vang,1 Menn,F50-54 50-54 år,2025,Personer,64
3454 Vang,1 Menn,F55-59 55-59 år,2025,Personer,66
3454 Vang,1 Menn,F60-64 60-64 år,2025,Personer,54
3454 Vang,1 Menn,F65-69 65-69 år,2025,Personer,67
3454 Vang,1 Menn,F70-74 70-74 år,2025,Personer,45
3454 Vang,1 Menn,F75-79 75-79 år,2025,Personer,50
3454 Vang,1 Menn,F80-84 80-84 år,2025,Personer,37
3454 Vang,1 Menn,F85-89 85-89 år,2025,Personer,13
3454 Vang,1 Menn,F90-94 90-94 år,2025,Personer,4
3454 Vang,1 Menn,F95-99 95-99 år,2025,Personer,0
3454 Vang,1 Menn,F100G5+ 100 år eller eldre,2025,Personer,0
3901 Horten,2 Kvinner,F00-04 0-4 år,2025,Personer,550
3901 Horten,2 Kvinner,F05-09 5-9 år,2025,Personer,649
3901 Horten,2 Kvinner,F10-14 10-14 år,2025,Personer,753
3901 Horten,2 Kvinner,F15-19 15-19 år,2025,Personer,832
3901 Horten,2 Kvinner,F20-24 20-24 år,2025,Personer,747
3901 Horten,2 Kvinner,F25-29 25-29 år,2025,Personer,654
3901 Horten,2 Kvinner,F30-34 30-34 år,2025,Personer,787
3901 Horten,2 Kvinner,F35-39 35-39 år,2025,Personer,884
3901 Horten,2 Kvinner,F40-44 40-44 år,2025,Personer,849
3901 Horten,2 Kvinner,F45-49 45-49 år,2025,Personer,848
3901 Horten,2 Kvinner,F50-54 50-54 år,2025,Personer,1046
3901 Horten,2 Kvinner,F55-59 55-59 år,2025,Personer,1003
3901 Horten,2 Kvinner,F60-64 60-64 år,2025,Personer,961
3901 Horten,2 Kvinner,F65-69 65-69 år,2025,Personer,895
3901 Horten,2 Kvinner,F70-74 70-74 år,2025,Personer,790
3901 Horten,2 Kvinner,F75-79 75-79 år,2025,Personer,771
3901 Horten,2 Kvinner,F80-84 80-84 år,2025,Personer,513
3901 Horten,2 Kvinner,F85-89 85-89 år,2025,Personer,278
3901 Horten,2 Kvinner,F90-94 90-94 år,2025,Personer,133
3901 Horten,2 Kvinner,F95-99 95-99 år,2025,Personer,27
3901 Horten,2 Kvinner,F100G5+ 100 år eller eldre,2025,Personer,2
3901 Horten,1 Menn,F00-04 0-4 år,2025,Personer,594
3901 Horten,1 Menn,F05-09 5-9 år,2025,Personer,720
3901 Horten,1 Menn,F10-14 10-14 år,2025,Personer,838
3901 Horten,1 Menn,F15-19 15-19 år,2025,Personer,938
3901 Horten,1 Menn,F20-24 20-24 år,2025,Personer,899
3901 Horten,1 Menn,F25-29 25-29 år,2025,Personer,795
3901 Horten,1 Menn,F30-34 30-34 år,2025,Personer,855
3901 Horten,1 Menn,F35-39 35-39 år,2025,Personer,870
3901 Horten,1 Menn,F40-44 40-44 år,2025,Personer,880
3901 Horten,1 Menn,F45-49 45-49 år,2025,Personer,831
3901 Horten,1 Menn,F50-54 50-54 år,2025,Personer,1008
3901 Horten,1 Menn,F55-59 55-59 år,2025,Personer,1047
3901 Horten,1 Menn,F60-64 60-64 år,2025,Personer,908
3901 Horten,1 Menn,F65-69 65-69 år,2025,Personer,833
3901 Horten,1 Menn,F70-74 70-74 år,2025,Personer,702
3901 Horten,1 Menn,F75-79 75-79 år,2025,Personer,659
3901 Horten,1 Menn,F80-84 80-84 år,2025,Personer,387
3901 Horten,1 Menn,F85-89 85-89 år,2025,Personer,205
3901 Horten,1 Menn,F90-94 90-94 år,2025,Personer,77
3901 Horten,1 Menn,F95-99 95-99 år,2025,Personer,21
3901 Horten,1 Menn,F100G5+ 100 år eller eldre,2025,Personer,0
3903 Holmestrand,2 Kvinner,F00-04 0-4 år,2025,Personer,636
3903 Holmestrand,2 Kvinner,F05-09 5-9 år,2025,Personer,686
3903 Holmestrand,2 Kvinner,F10-14 10-14 år,2025,Personer,727
3903 Holmestrand,2 Kvinner,F15-19 15-19 år,2025,Personer,762
3903 Holmestrand,2 Kvinner,F20-24 20-24 år,2025,Personer,569
3903 Holmestrand,2 Kvinner,F25-29 25-29 år,2025,Personer,729
3903 Holmestrand,2 Kvinner,F30-34 30-34 år,2025,Personer,890
3903 Holmestrand,2 Kvinner,F35-39 35-39 år,2025,Personer,897
3903 Holmestrand,2 Kvinner,F40-44 40-44 år,2025,Personer,840
3903 Holmestrand,2 Kvinner,F45-49 45-49 år,2025,Personer,852
3903 Holmestrand,2 Kvinner,F50-54 50-54 år,2025,Personer,980
3903 Holmestrand,2 Kvinner,F55-59 55-59 år,2025,Personer,909
3903 Holmestrand,2 Kvinner,F60-64 60-64 år,2025,Personer,848
3903 Holmestrand,2 Kvinner,F65-69 65-69 år,2025,Personer,845
3903 Holmestrand,2 Kvinner,F70-74 70-74 år,2025,Personer,779
3903 Holmestrand,2 Kvinner,F75-79 75-79 år,2025,Personer,642
3903 Holmestrand,2 Kvinner,F80-84 80-84 år,2025,Personer,421
3903 Holmestrand,2 Kvinner,F85-89 85-89 år,2025,Personer,223
3903 Holmestrand,2 Kvinner,F90-94 90-94 år,2025,Personer,94
3903 Holmestrand,2 Kvinner,F95-99 95-99 år,2025,Personer,33
3903 Holmestrand,2 Kvinner,F100G5+ 100 år eller eldre,2025,Personer,3
3903 Holmestrand,1 Menn,F00-04 0-4 år,2025,Personer,714
3903 Holmestrand,1 Menn,F05-09 5-9 år,2025,Personer,738
3903 Holmestrand,1 Menn,F10-14 10-14 år,2025,Personer,802
3903 Holmestrand,1 Menn,F15-19 15-19 år,2025,Personer,795
3903 Holmestrand,1 Menn,F20-24 20-24 år,2025,Personer,712
3903 Holmestrand,1 Menn,F25-29 25-29 år,2025,Personer,756
3903 Holmestrand,1 Menn,F30-34 30-34 år,2025,Personer,921
3903 Holmestrand,1 Menn,F35-39 35-39 år,2025,Personer,957
3903 Holmestrand,1 Menn,F40-44 40-44 år,2025,Personer,877
3903 Holmestrand,1 Menn,F45-49 45-49 år,2025,Personer,868
3903 Holmestrand,1 Menn,F50-54 50-54 år,2025,Personer,1016
3903 Holmestrand,1 Menn,F55-59 55-59 år,2025,Personer,962
3903 Holmestrand,1 Menn,F60-64 60-64 år,2025,Personer,858
3903 Holmestrand,1 Menn,F65-69 65-69 år,2025,Personer,776
3903 Holmestrand,1 Menn,F70-74 70-74 år,2025,Personer,723
3903 Holmestrand,1 Menn,F75-79 75-79 år,2025,Personer,611
3903 Holmestrand,1 Menn,F80-84 80-84 år,2025,Personer,340
3903 Holmestrand,1 Menn,F85-89 85-89 år,2025,Personer,160
3903 Holmestrand,1 Menn,F90-94 90-94 år,2025,Personer,41
3903 Holmestrand,1 Menn,F95-99 95-99 år,2025,Personer,13
3903 Holmestrand,1 Menn,F100G5+ 100 år eller eldre,2025,Personer,0
3905 Tønsberg,2 Kvinner,F00-04 0-4 år,2025,Personer,1361
3905 Tønsberg,2 Kvinner,F05-09 5-9 år,2025,Personer,1520
3905 Tønsberg,2 Kvinner,F10-14 10-14 år,2025,Personer,1724
3905 Tønsberg,2 Kvinner,F15-19 15-19 år,2025,Personer,1754
3905 Tønsberg,2 Kvinner,F20-24 20-24 år,2025,Personer,1503
3905 Tønsberg,2 Kvinner,F25-29 25-29 år,2025,Personer,1766
3905 Tønsberg,2 Kvinner,F30-34 30-34 år,2025,Personer,2027
3905 Tønsberg,2 Kvinner,F35-39 35-39 år,2025,Personer,2007
3905 Tønsberg,2 Kvinner,F40-44 40-44 år,2025,Personer,1974
3905 Tønsberg,2 Kvinner,F45-49 45-49 år,2025,Personer,1966
3905 Tønsberg,2 Kvinner,F50-54 50-54 år,2025,Personer,2009
3905 Tønsberg,2 Kvinner,F55-59 55-59 år,2025,Personer,2073
3905 Tønsberg,2 Kvinner,F60-64 60-64 år,2025,Personer,1949
3905 Tønsberg,2 Kvinner,F65-69 65-69 år,2025,Personer,1737
3905 Tønsberg,2 Kvinner,F70-74 70-74 år,2025,Personer,1551
3905 Tønsberg,2 Kvinner,F75-79 75-79 år,2025,Personer,1349
3905 Tønsberg,2 Kvinner,F80-84 80-84 år,2025,Personer,841
3905 Tønsberg,2 Kvinner,F85-89 85-89 år,2025,Personer,557
3905 Tønsberg,2 Kvinner,F90-94 90-94 år,2025,Personer,268
3905 Tønsberg,2 Kvinner,F95-99 95-99 år,2025,Personer,76
3905 Tønsberg,2 Kvinner,F100G5+ 100 år eller eldre,2025,Personer,12
3905 Tønsberg,1 Menn,F00-04 0-4 år,2025,Personer,1494
3905 Tønsberg,1 Menn,F05-09 5-9 år,2025,Personer,1644
3905 Tønsberg,1 Menn,F10-14 10-14 år,2025,Personer,1744
3905 Tønsberg,1 Menn,F15-19 15-19 år,2025,Personer,1877
3905 Tønsberg,1 Menn,F20-24 20-24 år,2025,Personer,1706
3905 Tønsberg,1 Menn,F25-29 25-29 år,2025,Personer,1788
3905 Tønsberg,1 Menn,F30-34 30-34 år,2025,Personer,2124
3905 Tønsberg,1 Menn,F35-39 35-39 år,2025,Personer,2091
3905 Tønsberg,1 Menn,F40-44 40-44 år,2025,Personer,2015
3905 Tønsberg,1 Menn,F45-49 45-49 år,2025,Personer,1946
3905 Tønsberg,1 Menn,F50-54 50-54 år,2025,Personer,2037
3905 Tønsberg,1 Menn,F55-59 55-59 år,2025,Personer,2025
3905 Tønsberg,1 Menn,F60-64 60-64 år,2025,Personer,1857
3905 Tønsberg,1 Menn,F65-69 65-69 år,2025,Personer,1636
3905 Tønsberg,1 Menn,F70-74 70-74 år,2025,Personer,1368
3905 Tønsberg,1 Menn,F75-79 75-79 år,2025,Personer,1231
3905 Tønsberg,1 Menn,F80-84 80-84 år,2025,Personer,697
3905 Tønsberg,1 Menn,F85-89 85-89 år,2025,Personer,373
3905 Tønsberg,1 Menn,F90-94 90-94 år,2025,Personer,126
3905 Tønsberg,1 Menn,F95-99 95-99 år,2025,Personer,27
3905 Tønsberg,1 Menn,F100G5+ 100 år eller eldre,2025,Personer,0
3907 Sandefjord,2 Kvinner,F00-04 0-4 år,2025,Personer,1429
3907 Sandefjord,2 Kvinner,F05-09 5-9 år,2025,Personer,1757
3907 Sandefjord,2 Kvinner,F10-14 10-14 år,2025,Personer,1987
3907 Sandefjord,2 Kvinner,F15-19 15-19 år,2025,Personer,2011
3907 Sandefjord,2 Kvinner,F20-24 20-24 år,2025,Personer,1578
3907 Sandefjord,2 Kvinner,F25-29 25-29 år,2025,Personer,1706
3907 Sandefjord,2 Kvinner,F30-34 30-34 år,2025,Personer,2000
3907 Sandefjord,2 Kvinner,F35-39 35-39 år,2025,Personer,2288
3907 Sandefjord,2 Kvinner,F40-44 40-44 år,2025,Personer,2129
3907 Sandefjord,2 Kvinner,F45-49 45-49 år,2025,Personer,2131
3907 Sandefjord,2 Kvinner,F50-54 50-54 år,2025,Personer,2358
3907 Sandefjord,2 Kvinner,F55-59 55-59 år,2025,Personer,2363
3907 Sandefjord,2 Kvinner,F60-64 60-64 år,2025,Personer,2084
3907 Sandefjord,2 Kvinner,F65-69 65-69 år,2025,Personer,1993
3907 Sandefjord,2 Kvinner,F70-74 70-74 år,2025,Personer,1772
3907 Sandefjord,2 Kvinner,F75-79 75-79 år,2025,Personer,1614
3907 Sandefjord,2 Kvinner,F80-84 80-84 år,2025,Personer,1050
3907 Sandefjord,2 Kvinner,F85-89 85-89 år,2025,Personer,664
3907 Sandefjord,2 Kvinner,F90-94 90-94 år,2025,Personer,297
3907 Sandefjord,2 Kvinner,F95-99 95-99 år,2025,Personer,88
3907 Sandefjord,2 Kvinner,F100G5+ 100 år eller eldre,2025,Personer,13
3907 Sandefjord,1 Menn,F00-04 0-4 år,2025,Personer,1564
3907 Sandefjord,1 Menn,F05-09 5-9 år,2025,Personer,1933
3907 Sandefjord,1 Menn,F10-14 10-14 år,2025,Personer,2025
3907 Sandefjord,1 Menn,F15-19 15-19 år,2025,Personer,2172
3907 Sandefjord,1 Menn,F20-24 20-24 år,2025,Personer,1923
3907 Sandefjord,1 Menn,F25-29 25-29 år,2025,Personer,1869
3907 Sandefjord,1 Menn,F30-34 30-34 år,2025,Personer,2042
3907 Sandefjord,1 Menn,F35-39 35-39 år,2025,Personer,2218
3907 Sandefjord,1 Menn,F40-44 40-44 år,2025,Personer,2172
3907 Sandefjord,1 Menn,F45-49 45-49 år,2025,Personer,2233
3907 Sandefjord,1 Menn,F50-54 50-54 år,2025,Personer,2332
3907 Sandefjord,1 Menn,F55-59 55-59 år,2025,Personer,2453
3907 Sandefjord,1 Menn,F60-64 60-64 år,2025,Personer,2079
3907 Sandefjord,1 Menn,F65-69 65-69 år,2025,Personer,1797
3907 Sandefjord,1 Menn,F70-74 70-74 år,2025,Personer,1699
3907 Sandefjord,1 Menn,F75-79 75-79 år,2025,Personer,1464
3907 Sandefjord,1 Menn,F80-84 80-84 år,2025,Personer,855
3907 Sandefjord,1 Menn,F85-89 85-89 år,2025,Personer,423
3907 Sandefjord,1 Menn,F90-94 90-94 år,2025,Personer,168
3907 Sandefjord,1 Menn,F95-99 95-99 år,2025,Personer,23
3907 Sandefjord,1 Menn,F100G5+ 100 år eller eldre,2025,Personer,2
3909 Larvik,2 Kvinner,F00-04 0-4 år,2025,Personer,992
3909 Larvik,2 Kvinner,F05-09 5-9 år,2025,Personer,1279
3909 Larvik,2 Kvinner,F10-14 10-14 år,2025,Personer,1291
3909 Larvik,2 Kvinner,F15-19 15-19 år,2025,Personer,1407
3909 Larvik,2 Kvinner,F20-24 20-24 år,2025,Personer,1128
3909 Larvik,2 Kvinner,F25-29 25-29 år,2025,Personer,1114
3909 Larvik,2 Kvinner,F30-34 30-34 år,2025,Personer,1317
3909 Larvik,2 Kvinner,F35-39 35-39 år,2025,Personer,1529
3909 Larvik,2 Kvinner,F40-44 40-44 år,2025,Personer,1557
3909 Larvik,2 Kvinner,F45-49 45-49 år,2025,Personer,1564
3909 Larvik,2 Kvinner,F50-54 50-54 år,2025,Personer,1722
3909 Larvik,2 Kvinner,F55-59 55-59 år,2025,Personer,1748
3909 Larvik,2 Kvinner,F60-64 60-64 år,2025,Personer,1646
3909 Larvik,2 Kvinner,F65-69 65-69 år,2025,Personer,1612
3909 Larvik,2 Kvinner,F70-74 70-74 år,2025,Personer,1494
3909 Larvik,2 Kvinner,F75-79 75-79 år,2025,Personer,1300
3909 Larvik,2 Kvinner,F80-84 80-84 år,2025,Personer,784
3909 Larvik,2 Kvinner,F85-89 85-89 år,2025,Personer,519
3909 Larvik,2 Kvinner,F90-94 90-94 år,2025,Personer,257
3909 Larvik,2 Kvinner,F95-99 95-99 år,2025,Personer,92
3909 Larvik,2 Kvinner,F100G5+ 100 år eller eldre,2025,Personer,14
3909 Larvik,1 Menn,F00-04 0-4 år,2025,Personer,1072
3909 Larvik,1 Menn,F05-09 5-9 år,2025,Personer,1284
3909 Larvik,1 Menn,F10-14 10-14 år,2025,Personer,1408
3909 Larvik,1 Menn,F15-19 15-19 år,2025,Personer,1569
3909 Larvik,1 Menn,F20-24 20-24 år,2025,Personer,1352
3909 Larvik,1 Menn,F25-29 25-29 år,2025,Personer,1284
3909 Larvik,1 Menn,F30-34 30-34 år,2025,Personer,1411
3909 Larvik,1 Menn,F35-39 35-39 år,2025,Personer,1630
3909 Larvik,1 Menn,F40-44 40-44 år,2025,Personer,1534
3909 Larvik,1 Menn,F45-49 45-49 år,2025,Personer,1518
3909 Larvik,1 Menn,F50-54 50-54 år,2025,Personer,1678
3909 Larvik,1 Menn,F55-59 55-59 år,2025,Personer,1744
3909 Larvik,1 Menn,F60-64 60-64 år,2025,Personer,1571
3909 Larvik,1 Menn,F65-69 65-69 år,2025,Personer,1572
3909 Larvik,1 Menn,F70-74 70-74 år,2025,Personer,1459
3909 Larvik,1 Menn,F75-79 75-79 år,2025,Personer,1230
3909 Larvik,1 Menn,F80-84 80-84 år,2025,Personer,657
3909 Larvik,1 Menn,F85-89 85-89 år,2025,Personer,365
3909 Larvik,1 Menn,F90-94 90-94 år,2025,Personer,138
3909 Larvik,1 Menn,F95-99 95-99 år,2025,Personer,26
3909 Larvik,1 Menn,F100G5+ 100 år eller eldre,2025,Personer,2
3911 Færder,2 Kvinner,F00-04 0-4 år,2025,Personer,579
3911 Færder,2 Kvinner,F05-09 5-9 år,2025,Personer,694
3911 Færder,2 Kvinner,F10-14 10-14 år,2025,Personer,799
3911 Færder,2 Kvinner,F15-19 15-19 år,2025,Personer,844
3911 Færder,2 Kvinner,F20-24 20-24 år,2025,Personer,598
3911 Færder,2 Kvinner,F25-29 25-29 år,2025,Personer,499
3911 Færder,2 Kvinner,F30-34 30-34 år,2025,Personer,757
3911 Færder,2 Kvinner,F35-39 35-39 år,2025,Personer,876
3911 Færder,2 Kvinner,F40-44 40-44 år,2025,Personer,854
3911 Færder,2 Kvinner,F45-49 45-49 år,2025,Personer,875
3911 Færder,2 Kvinner,F50-54 50-54 år,2025,Personer,973
3911 Færder,2 Kvinner,F55-59 55-59 år,2025,Personer,1080
3911 Færder,2 Kvinner,F60-64 60-64 år,2025,Personer,1013
3911 Færder,2 Kvinner,F65-69 65-69 år,2025,Personer,963
3911 Færder,2 Kvinner,F70-74 70-74 år,2025,Personer,859
3911 Færder,2 Kvinner,F75-79 75-79 år,2025,Personer,724
3911 Færder,2 Kvinner,F80-84 80-84 år,2025,Personer,510
3911 Færder,2 Kvinner,F85-89 85-89 år,2025,Personer,276
3911 Færder,2 Kvinner,F90-94 90-94 år,2025,Personer,146
3911 Færder,2 Kvinner,F95-99 95-99 år,2025,Personer,41
3911 Færder,2 Kvinner,F100G5+ 100 år eller eldre,2025,Personer,7
3911 Færder,1 Menn,F00-04 0-4 år,2025,Personer,613
3911 Færder,1 Menn,F05-09 5-9 år,2025,Personer,776
3911 Færder,1 Menn,F10-14 10-14 år,2025,Personer,858
3911 Færder,1 Menn,F15-19 15-19 år,2025,Personer,904
3911 Færder,1 Menn,F20-24 20-24 år,2025,Personer,723
3911 Færder,1 Menn,F25-29 25-29 år,2025,Personer,534
3911 Færder,1 Menn,F30-34 30-34 år,2025,Personer,729
3911 Færder,1 Menn,F35-39 35-39 år,2025,Personer,858
3911 Færder,1 Menn,F40-44 40-44 år,2025,Personer,815
3911 Færder,1 Menn,F45-49 45-49 år,2025,Personer,858
3911 Færder,1 Menn,F50-54 50-54 år,2025,Personer,883
3911 Færder,1 Menn,F55-59 55-59 år,2025,Personer,969
3911 Færder,1 Menn,F60-64 60-64 år,2025,Personer,931
3911 Færder,1 Menn,F65-69 65-69 år,2025,Personer,924
3911 Færder,1 Menn,F70-74 70-74 år,2025,Personer,830
3911 Færder,1 Menn,F75-79 75-79 år,2025,Personer,693
3911 Færder,1 Menn,F80-84 80-84 år,2025,Personer,408
3911 Færder,1 Menn,F85-89 85-89 år,2025,Personer,213
3911 Færder,1 Menn,F90-94 90-94 år,2025,Personer,66
3911 Færder,1 Menn,F95-99 95-99 år,2025,Personer,16
3911 Færder,1 Menn,F100G5+ 100 år eller eldre,2025,Personer,1
4001 Porsgrunn,2 Kvinner,F00-04 0-4 år,2025,Personer,766
4001 Porsgrunn,2 Kvinner,F05-09 5-9 år,2025,Personer,925
4001 Porsgrunn,2 Kvinner,F10-14 10-14 år,2025,Personer,1054
4001 Porsgrunn,2 Kvinner,F15-19 15-19 år,2025,Personer,1071
4001 Porsgrunn,2 Kvinner,F20-24 20-24 år,2025,Personer,996
4001 Porsgrunn,2 Kvinner,F25-29 25-29 år,2025,Personer,1020
4001 Porsgrunn,2 Kvinner,F30-34 30-34 år,2025,Personer,1178
4001 Porsgrunn,2 Kvinner,F35-39 35-39 år,2025,Personer,1160
4001 Porsgrunn,2 Kvinner,F40-44 40-44 år,2025,Personer,1152
4001 Porsgrunn,2 Kvinner,F45-49 45-49 år,2025,Personer,1217
4001 Porsgrunn,2 Kvinner,F50-54 50-54 år,2025,Personer,1332
4001 Porsgrunn,2 Kvinner,F55-59 55-59 år,2025,Personer,1361
4001 Porsgrunn,2 Kvinner,F60-64 60-64 år,2025,Personer,1181
4001 Porsgrunn,2 Kvinner,F65-69 65-69 år,2025,Personer,1113
4001 Porsgrunn,2 Kvinner,F70-74 70-74 år,2025,Personer,1048
4001 Porsgrunn,2 Kvinner,F75-79 75-79 år,2025,Personer,901
4001 Porsgrunn,2 Kvinner,F80-84 80-84 år,2025,Personer,641
4001 Porsgrunn,2 Kvinner,F85-89 85-89 år,2025,Personer,375
4001 Porsgrunn,2 Kvinner,F90-94 90-94 år,2025,Personer,166
4001 Porsgrunn,2 Kvinner,F95-99 95-99 år,2025,Personer,56
4001 Porsgrunn,2 Kvinner,F100G5+ 100 år eller eldre,2025,Personer,6
4001 Porsgrunn,1 Menn,F00-04 0-4 år,2025,Personer,873
4001 Porsgrunn,1 Menn,F05-09 5-9 år,2025,Personer,973
4001 Porsgrunn,1 Menn,F10-14 10-14 år,2025,Personer,1071
4001 Porsgrunn,1 Menn,F15-19 15-19 år,2025,Personer,1163
4001 Porsgrunn,1 Menn,F20-24 20-24 år,2025,Personer,1071
4001 Porsgrunn,1 Menn,F25-29 25-29 år,2025,Personer,1108
4001 Porsgrunn,1 Menn,F30-34 30-34 år,2025,Personer,1218
4001 Porsgrunn,1 Menn,F35-39 35-39 år,2025,Personer,1193
4001 Porsgrunn,1 Menn,F40-44 40-44 år,2025,Personer,1169
4001 Porsgrunn,1 Menn,F45-49 45-49 år,2025,Personer,1204
4001 Porsgrunn,1 Menn,F50-54 50-54 år,2025,Personer,1361
4001 Porsgrunn,1 Menn,F55-59 55-59 år,2025,Personer,1337
4001 Porsgrunn,1 Menn,F60-64 60-64 år,2025,Personer,1167
4001 Porsgrunn,1 Menn,F65-69 65-69 år,2025,Personer,1080
4001 Porsgrunn,1 Menn,F70-74 70-74 år,2025,Personer,942
4001 Porsgrunn,1 Menn,F75-79 75-79 år,2025,Personer,811
4001 Porsgrunn,1 Menn,F80-84 80-84 år,2025,Personer,515
4001 Porsgrunn,1 Menn,F85-89 85-89 år,2025,Personer,236
4001 Porsgrunn,1 Menn,F90-94 90-94 år,2025,Personer,60
4001 Porsgrunn,1 Menn,F95-99 95-99 år,2025,Personer,18
4001 Porsgrunn,1 Menn,F100G5+ 100 år eller eldre,2025,Personer,0
4003 Skien,2 Kvinner,F00-04 0-4 år,2025,Personer,1263
4003 Skien,2 Kvinner,F05-09 5-9 år,2025,Personer,1500
4003 Skien,2 Kvinner,F10-14 10-14 år,2025,Personer,1581
4003 Skien,2 Kvinner,F15-19 15-19 år,2025,Personer,1699
4003 Skien,2 Kvinner,F20-24 20-24 år,2025,Personer,1455
4003 Skien,2 Kvinner,F25-29 25-29 år,2025,Personer,1520
4003 Skien,2 Kvinner,F30-34 30-34 år,2025,Personer,1790
4003 Skien,2 Kvinner,F35-39 35-39 år,2025,Personer,1945
4003 Skien,2 Kvinner,F40-44 40-44 år,2025,Personer,1719
4003 Skien,2 Kvinner,F45-49 45-49 år,2025,Personer,1755
4003 Skien,2 Kvinner,F50-54 50-54 år,2025,Personer,2009
4003 Skien,2 Kvinner,F55-59 55-59 år,2025,Personer,2007
4003 Skien,2 Kvinner,F60-64 60-64 år,2025,Personer,1770
4003 Skien,2 Kvinner,F65-69 65-69 år,2025,Personer,1752
4003 Skien,2 Kvinner,F70-74 70-74 år,2025,Personer,1535
4003 Skien,2 Kvinner,F75-79 75-79 år,2025,Personer,1455
4003 Skien,2 Kvinner,F80-84 80-84 år,2025,Personer,921
4003 Skien,2 Kvinner,F85-89 85-89 år,2025,Personer,540
4003 Skien,2 Kvinner,F90-94 90-94 år,2025,Personer,240
4003 Skien,2 Kvinner,F95-99 95-99 år,2025,Personer,72
4003 Skien,2 Kvinner,F100G5+ 100 år eller eldre,2025,Personer,9
4003 Skien,1 Menn,F00-04 0-4 år,2025,Personer,1412
4003 Skien,1 Menn,F05-09 5-9 år,2025,Personer,1523
4003 Skien,1 Menn,F10-14 10-14 år,2025,Personer,1717
4003 Skien,1 Menn,F15-19 15-19 år,2025,Personer,1818
4003 Skien,1 Menn,F20-24 20-24 år,2025,Personer,1591
4003 Skien,1 Menn,F25-29 25-29 år,2025,Personer,1629
4003 Skien,1 Menn,F30-34 30-34 år,2025,Personer,1838
4003 Skien,1 Menn,F35-39 35-39 år,2025,Personer,1947
4003 Skien,1 Menn,F40-44 40-44 år,2025,Personer,1764
4003 Skien,1 Menn,F45-49 45-49 år,2025,Personer,1717
4003 Skien,1 Menn,F50-54 50-54 år,2025,Personer,2041
4003 Skien,1 Menn,F55-59 55-59 år,2025,Personer,2026
4003 Skien,1 Menn,F60-64 60-64 år,2025,Personer,1709
4003 Skien,1 Menn,F65-69 65-69 år,2025,Personer,1651
4003 Skien,1 Menn,F70-74 70-74 år,2025,Personer,1389
4003 Skien,1 Menn,F75-79 75-79 år,2025,Personer,1308
4003 Skien,1 Menn,F80-84 80-84 år,2025,Personer,749
4003 Skien,1 Menn,F85-89 85-89 år,2025,Personer,350
4003 Skien,1 Menn,F90-94 90-94 år,2025,Personer,123
4003 Skien,1 Menn,F95-99 95-99 år,2025,Personer,23
4003 Skien,1 Menn,F100G5+ 100 år eller eldre,2025,Personer,4
4005 Notodden,2 Kvinner,F00-04 0-4 år,2025,Personer,290
4005 Notodden,2 Kvinner,F05-09 5-9 år,2025,Personer,334
4005 Notodden,2 Kvinner,F10-14 10-14 år,2025,Personer,351
4005 Notodden,2 Kvinner,F15-19 15-19 år,2025,Personer,374
4005 Notodden,2 Kvinner,F20-24 20-24 år,2025,Personer,331
4005 Notodden,2 Kvinner,F25-29 25-29 år,2025,Personer,355
4005 Notodden,2 Kvinner,F30-34 30-34 år,2025,Personer,402
4005 Notodden,2 Kvinner,F35-39 35-39 år,2025,Personer,436
4005 Notodden,2 Kvinner,F40-44 40-44 år,2025,Personer,372
4005 Notodden,2 Kvinner,F45-49 45-49 år,2025,Personer,410
4005 Notodden,2 Kvinner,F50-54 50-54 år,2025,Personer,427
4005 Notodden,2 Kvinner,F55-59 55-59 år,2025,Personer,462
4005 Notodden,2 Kvinner,F60-64 60-64 år,2025,Personer,464
4005 Notodden,2 Kvinner,F65-69 65-69 år,2025,Personer,447
4005 Notodden,2 Kvinner,F70-74 70-74 år,2025,Personer,373
4005 Notodden,2 Kvinner,F75-79 75-79 år,2025,Personer,334
4005 Notodden,2 Kvinner,F80-84 80-84 år,2025,Personer,259
4005 Notodden,2 Kvinner,F85-89 85-89 år,2025,Personer,140
4005 Notodden,2 Kvinner,F90-94 90-94 år,2025,Personer,74
4005 Notodden,2 Kvinner,F95-99 95-99 år,2025,Personer,21
4005 Notodden,2 Kvinner,F100G5+ 100 år eller eldre,2025,Personer,1
4005 Notodden,1 Menn,F00-04 0-4 år,2025,Personer,270
4005 Notodden,1 Menn,F05-09 5-9 år,2025,Personer,375
4005 Notodden,1 Menn,F10-14 10-14 år,2025,Personer,393
4005 Notodden,1 Menn,F15-19 15-19 år,2025,Personer,397
4005 Notodden,1 Menn,F20-24 20-24 år,2025,Personer,381
4005 Notodden,1 Menn,F25-29 25-29 år,2025,Personer,359
4005 Notodden,1 Menn,F30-34 30-34 år,2025,Personer,438
4005 Notodden,1 Menn,F35-39 35-39 år,2025,Personer,431
4005 Notodden,1 Menn,F40-44 40-44 år,2025,Personer,389
4005 Notodden,1 Menn,F45-49 45-49 år,2025,Personer,404
4005 Notodden,1 Menn,F50-54 50-54 år,2025,Personer,453
4005 Notodden,1 Menn,F55-59 55-59 år,2025,Personer,464
4005 Notodden,1 Menn,F60-64 60-64 år,2025,Personer,457
4005 Notodden,1 Menn,F65-69 65-69 år,2025,Personer,450
4005 Notodden,1 Menn,F70-74 70-74 år,2025,Personer,376
4005 Notodden,1 Menn,F75-79 75-79 år,2025,Personer,315
4005 Notodden,1 Menn,F80-84 80-84 år,2025,Personer,190
4005 Notodden,1 Menn,F85-89 85-89 år,2025,Personer,85
4005 Notodden,1 Menn,F90-94 90-94 år,2025,Personer,38
4005 Notodden,1 Menn,F95-99 95-99 år,2025,Personer,10
4005 Notodden,1 Menn,F100G5+ 100 år eller eldre,2025,Personer,1
4010 Siljan,2 Kvinner,F00-04 0-4 år,2025,Personer,63
4010 Siljan,2 Kvinner,F05-09 5-9 år,2025,Personer,64
4010 Siljan,2 Kvinner,F10-14 10-14 år,2025,Personer,64
4010 Siljan,2 Kvinner,F15-19 15-19 år,2025,Personer,54
4010 Siljan,2 Kvinner,F20-24 20-24 år,2025,Personer,49
4010 Siljan,2 Kvinner,F25-29 25-29 år,2025,Personer,45
4010 Siljan,2 Kvinner,F30-34 30-34 år,2025,Personer,85
4010 Siljan,2 Kvinner,F35-39 35-39 år,2025,Personer,73
4010 Siljan,2 Kvinner,F40-44 40-44 år,2025,Personer,82
4010 Siljan,2 Kvinner,F45-49 45-49 år,2025,Personer,79
4010 Siljan,2 Kvinner,F50-54 50-54 år,2025,Personer,66
4010 Siljan,2 Kvinner,F55-59 55-59 år,2025,Personer,64
4010 Siljan,2 Kvinner,F60-64 60-64 år,2025,Personer,78
4010 Siljan,2 Kvinner,F65-69 65-69 år,2025,Personer,84
4010 Siljan,2 Kvinner,F70-74 70-74 år,2025,Personer,64
4010 Siljan,2 Kvinner,F75-79 75-79 år,2025,Personer,60
4010 Siljan,2 Kvinner,F80-84 80-84 år,2025,Personer,37
4010 Siljan,2 Kvinner,F85-89 85-89 år,2025,Personer,33
4010 Siljan,2 Kvinner,F90-94 90-94 år,2025,Personer,17
4010 Siljan,2 Kvinner,F95-99 95-99 år,2025,Personer,2
4010 Siljan,2 Kvinner,F100G5+ 100 år eller eldre,2025,Personer,1
4010 Siljan,1 Menn,F00-04 0-4 år,2025,Personer,63
4010 Siljan,1 Menn,F05-09 5-9 år,2025,Personer,72
4010 Siljan,1 Menn,F10-14 10-14 år,2025,Personer,67
4010 Siljan,1 Menn,F15-19 15-19 år,2025,Personer,92
4010 Siljan,1 Menn,F20-24 20-24 år,2025,Personer,64
4010 Siljan,1 Menn,F25-29 25-29 år,2025,Personer,53
4010 Siljan,1 Menn,F30-34 30-34 år,2025,Personer,78
4010 Siljan,1 Menn,F35-39 35-39 år,2025,Personer,74
4010 Siljan,1 Menn,F40-44 40-44 år,2025,Personer,67
4010 Siljan,1 Menn,F45-49 45-49 år,2025,Personer,68
4010 Siljan,1 Menn,F50-54 50-54 år,2025,Personer,83
4010 Siljan,1 Menn,F55-59 55-59 år,2025,Personer,91
4010 Siljan,1 Menn,F60-64 60-64 år,2025,Personer,83
4010 Siljan,1 Menn,F65-69 65-69 år,2025,Personer,80
4010 Siljan,1 Menn,F70-74 70-74 år,2025,Personer,60
4010 Siljan,1 Menn,F75-79 75-79 år,2025,Personer,69
4010 Siljan,1 Menn,F80-84 80-84 år,2025,Personer,28
4010 Siljan,1 Menn,F85-89 85-89 år,2025,Personer,18
4010 Siljan,1 Menn,F90-94 90-94 år,2025,Personer,11
4010 Siljan,1 Menn,F95-99 95-99 år,2025,Personer,3
4010 Siljan,1 Menn,F100G5+ 100 år eller eldre,2025,Personer,1
4012 Bamble,2 Kvinner,F00-04 0-4 år,2025,Personer,282
4012 Bamble,2 Kvinner,F05-09 5-9 år,2025,Personer,371
4012 Bamble,2 Kvinner,F10-14 10-14 år,2025,Personer,384
4012 Bamble,2 Kvinner,F15-19 15-19 år,2025,Personer,441
4012 Bamble,2 Kvinner,F20-24 20-24 år,2025,Personer,351
4012 Bamble,2 Kvinner,F25-29 25-29 år,2025,Personer,313
4012 Bamble,2 Kvinner,F30-34 30-34 år,2025,Personer,424
4012 Bamble,2 Kvinner,F35-39 35-39 år,2025,Personer,435
4012 Bamble,2 Kvinner,F40-44 40-44 år,2025,Personer,396
4012 Bamble,2 Kvinner,F45-49 45-49 år,2025,Personer,413
4012 Bamble,2 Kvinner,F50-54 50-54 år,2025,Personer,499
4012 Bamble,2 Kvinner,F55-59 55-59 år,2025,Personer,520
4012 Bamble,2 Kvinner,F60-64 60-64 år,2025,Personer,498
4012 Bamble,2 Kvinner,F65-69 65-69 år,2025,Personer,488
4012 Bamble,2 Kvinner,F70-74 70-74 år,2025,Personer,436
4012 Bamble,2 Kvinner,F75-79 75-79 år,2025,Personer,411
4012 Bamble,2 Kvinner,F80-84 80-84 år,2025,Personer,247
4012 Bamble,2 Kvinner,F85-89 85-89 år,2025,Personer,134
4012 Bamble,2 Kvinner,F90-94 90-94 år,2025,Personer,53
4012 Bamble,2 Kvinner,F95-99 95-99 år,2025,Personer,10
4012 Bamble,2 Kvinner,F100G5+ 100 år eller eldre,2025,Personer,0
4012 Bamble,1 Menn,F00-04 0-4 år,2025,Personer,320
4012 Bamble,1 Menn,F05-09 5-9 år,2025,Personer,364
4012 Bamble,1 Menn,F10-14 10-14 år,2025,Personer,403
4012 Bamble,1 Menn,F15-19 15-19 år,2025,Personer,476
4012 Bamble,1 Menn,F20-24 20-24 år,2025,Personer,420
4012 Bamble,1 Menn,F25-29 25-29 år,2025,Personer,373
4012 Bamble,1 Menn,F30-34 30-34 år,2025,Personer,417
4012 Bamble,1 Menn,F35-39 35-39 år,2025,Personer,436
4012 Bamble,1 Menn,F40-44 40-44 år,2025,Personer,395
4012 Bamble,1 Menn,F45-49 45-49 år,2025,Personer,413
4012 Bamble,1 Menn,F50-54 50-54 år,2025,Personer,516
4012 Bamble,1 Menn,F55-59 55-59 år,2025,Personer,532
4012 Bamble,1 Menn,F60-64 60-64 år,2025,Personer,470
4012 Bamble,1 Menn,F65-69 65-69 år,2025,Personer,462
4012 Bamble,1 Menn,F70-74 70-74 år,2025,Personer,437
4012 Bamble,1 Menn,F75-79 75-79 år,2025,Personer,385
4012 Bamble,1 Menn,F80-84 80-84 år,2025,Personer,259
4012 Bamble,1 Menn,F85-89 85-89 år,2025,Personer,90
4012 Bamble,1 Menn,F90-94 90-94 år,2025,Personer,28
4012 Bamble,1 Menn,F95-99 95-99 år,2025,Personer,8
4012 Bamble,1 Menn,F100G5+ 100 år eller eldre,2025,Personer,0
4014 Kragerø,2 Kvinner,F00-04 0-4 år,2025,Personer,203
4014 Kragerø,2 Kvinner,F05-09 5-9 år,2025,Personer,247
4014 Kragerø,2 Kvinner,F10-14 10-14 år,2025,Personer,234
4014 Kragerø,2 Kvinner,F15-19 15-19 år,2025,Personer,284
4014 Kragerø,2 Kvinner,F20-24 20-24 år,2025,Personer,232
4014 Kragerø,2 Kvinner,F25-29 25-29 år,2025,Personer,228
4014 Kragerø,2 Kvinner,F30-34 30-34 år,2025,Personer,250
4014 Kragerø,2 Kvinner,F35-39 35-39 år,2025,Personer,299
4014 Kragerø,2 Kvinner,F40-44 40-44 år,2025,Personer,284
4014 Kragerø,2 Kvinner,F45-49 45-49 år,2025,Personer,334
4014 Kragerø,2 Kvinner,F50-54 50-54 år,2025,Personer,384
4014 Kragerø,2 Kvinner,F55-59 55-59 år,2025,Personer,409
4014 Kragerø,2 Kvinner,F60-64 60-64 år,2025,Personer,334
4014 Kragerø,2 Kvinner,F65-69 65-69 år,2025,Personer,391
4014 Kragerø,2 Kvinner,F70-74 70-74 år,2025,Personer,379
4014 Kragerø,2 Kvinner,F75-79 75-79 år,2025,Personer,362
4014 Kragerø,2 Kvinner,F80-84 80-84 år,2025,Personer,199
4014 Kragerø,2 Kvinner,F85-89 85-89 år,2025,Personer,123
4014 Kragerø,2 Kvinner,F90-94 90-94 år,2025,Personer,56
4014 Kragerø,2 Kvinner,F95-99 95-99 år,2025,Personer,11
4014 Kragerø,2 Kvinner,F100G5+ 100 år eller eldre,2025,Personer,0
4014 Kragerø,1 Menn,F00-04 0-4 år,2025,Personer,200
4014 Kragerø,1 Menn,F05-09 5-9 år,2025,Personer,229
4014 Kragerø,1 Menn,F10-14 10-14 år,2025,Personer,301
4014 Kragerø,1 Menn,F15-19 15-19 år,2025,Personer,320
4014 Kragerø,1 Menn,F20-24 20-24 år,2025,Personer,255
4014 Kragerø,1 Menn,F25-29 25-29 år,2025,Personer,232
4014 Kragerø,1 Menn,F30-34 30-34 år,2025,Personer,272
4014 Kragerø,1 Menn,F35-39 35-39 år,2025,Personer,306
4014 Kragerø,1 Menn,F40-44 40-44 år,2025,Personer,283
4014 Kragerø,1 Menn,F45-49 45-49 år,2025,Personer,314
4014 Kragerø,1 Menn,F50-54 50-54 år,2025,Personer,396
4014 Kragerø,1 Menn,F55-59 55-59 år,2025,Personer,401
4014 Kragerø,1 Menn,F60-64 60-64 år,2025,Personer,374
4014 Kragerø,1 Menn,F65-69 65-69 år,2025,Personer,342
4014 Kragerø,1 Menn,F70-74 70-74 år,2025,Personer,332
4014 Kragerø,1 Menn,F75-79 75-79 år,2025,Personer,349
4014 Kragerø,1 Menn,F80-84 80-84 år,2025,Personer,179
4014 Kragerø,1 Menn,F85-89 85-89 år,2025,Personer,94
4014 Kragerø,1 Menn,F90-94 90-94 år,2025,Personer,22
4014 Kragerø,1 Menn,F95-99 95-99 år,2025,Personer,2
4014 Kragerø,1 Menn,F100G5+ 100 år eller eldre,2025,Personer,0
4016 Drangedal,2 Kvinner,F00-04 0-4 år,2025,Personer,99
4016 Drangedal,2 Kvinner,F05-09 5-9 år,2025,Personer,84
4016 Drangedal,2 Kvinner,F10-14 10-14 år,2025,Personer,129
4016 Drangedal,2 Kvinner,F15-19 15-19 år,2025,Personer,105
4016 Drangedal,2 Kvinner,F20-24 20-24 år,2025,Personer,99
4016 Drangedal,2 Kvinner,F25-29 25-29 år,2025,Personer,101
4016 Drangedal,2 Kvinner,F30-34 30-34 år,2025,Personer,106
4016 Drangedal,2 Kvinner,F35-39 35-39 år,2025,Personer,112
4016 Drangedal,2 Kvinner,F40-44 40-44 år,2025,Personer,118
4016 Drangedal,2 Kvinner,F45-49 45-49 år,2025,Personer,126
4016 Drangedal,2 Kvinner,F50-54 50-54 år,2025,Personer,159
4016 Drangedal,2 Kvinner,F55-59 55-59 år,2025,Personer,143
4016 Drangedal,2 Kvinner,F60-64 60-64 år,2025,Personer,142
4016 Drangedal,2 Kvinner,F65-69 65-69 år,2025,Personer,126
4016 Drangedal,2 Kvinner,F70-74 70-74 år,2025,Personer,124
4016 Drangedal,2 Kvinner,F75-79 75-79 år,2025,Personer,107
4016 Drangedal,2 Kvinner,F80-84 80-84 år,2025,Personer,70
4016 Drangedal,2 Kvinner,F85-89 85-89 år,2025,Personer,42
4016 Drangedal,2 Kvinner,F90-94 90-94 år,2025,Personer,15
4016 Drangedal,2 Kvinner,F95-99 95-99 år,2025,Personer,7
4016 Drangedal,2 Kvinner,F100G5+ 100 år eller eldre,2025,Personer,1
4016 Drangedal,1 Menn,F00-04 0-4 år,2025,Personer,90
4016 Drangedal,1 Menn,F05-09 5-9 år,2025,Personer,91
4016 Drangedal,1 Menn,F10-14 10-14 år,2025,Personer,115
4016 Drangedal,1 Menn,F15-19 15-19 år,2025,Personer,137
4016 Drangedal,1 Menn,F20-24 20-24 år,2025,Personer,137
4016 Drangedal,1 Menn,F25-29 25-29 år,2025,Personer,101
4016 Drangedal,1 Menn,F30-34 30-34 år,2025,Personer,110
4016 Drangedal,1 Menn,F35-39 35-39 år,2025,Personer,91
4016 Drangedal,1 Menn,F40-44 40-44 år,2025,Personer,125
4016 Drangedal,1 Menn,F45-49 45-49 år,2025,Personer,126
4016 Drangedal,1 Menn,F50-54 50-54 år,2025,Personer,159
4016 Drangedal,1 Menn,F55-59 55-59 år,2025,Personer,157
4016 Drangedal,1 Menn,F60-64 60-64 år,2025,Personer,138
4016 Drangedal,1 Menn,F65-69 65-69 år,2025,Personer,148
4016 Drangedal,1 Menn,F70-74 70-74 år,2025,Personer,112
4016 Drangedal,1 Menn,F75-79 75-79 år,2025,Personer,112
4016 Drangedal,1 Menn,F80-84 80-84 år,2025,Personer,69
4016 Drangedal,1 Menn,F85-89 85-89 år,2025,Personer,16
4016 Drangedal,1 Menn,F90-94 90-94 år,2025,Personer,13
4016 Drangedal,1 Menn,F95-99 95-99 år,2025,Personer,5
4016 Drangedal,1 Menn,F100G5+ 100 år eller eldre,2025,Personer,0
4018 Nome,2 Kvinner,F00-04 0-4 år,2025,Personer,125
4018 Nome,2 Kvinner,F05-09 5-9 år,2025,Personer,171
4018 Nome,2 Kvinner,F10-14 10-14 år,2025,Personer,170
4018 Nome,2 Kvinner,F15-19 15-19 år,2025,Personer,162
4018 Nome,2 Kvinner,F20-24 20-24 år,2025,Personer,169
4018 Nome,2 Kvinner,F25-29 25-29 år,2025,Personer,179
4018 Nome,2 Kvinner,F30-34 30-34 år,2025,Personer,183
4018 Nome,2 Kvinner,F35-39 35-39 år,2025,Personer,195
4018 Nome,2 Kvinner,F40-44 40-44 år,2025,Personer,182
4018 Nome,2 Kvinner,F45-49 45-49 år,2025,Personer,193
4018 Nome,2 Kvinner,F50-54 50-54 år,2025,Personer,244
4018 Nome,2 Kvinner,F55-59 55-59 år,2025,Personer,255
4018 Nome,2 Kvinner,F60-64 60-64 år,2025,Personer,230
4018 Nome,2 Kvinner,F65-69 65-69 år,2025,Personer,212
4018 Nome,2 Kvinner,F70-74 70-74 år,2025,Personer,171
4018 Nome,2 Kvinner,F75-79 75-79 år,2025,Personer,188
4018 Nome,2 Kvinner,F80-84 80-84 år,2025,Personer,126
4018 Nome,2 Kvinner,F85-89 85-89 år,2025,Personer,55
4018 Nome,2 Kvinner,F90-94 90-94 år,2025,Personer,32
4018 Nome,2 Kvinner,F95-99 95-99 år,2025,Personer,20
4018 Nome,2 Kvinner,F100G5+ 100 år eller eldre,2025,Personer,4
4018 Nome,1 Menn,F00-04 0-4 år,2025,Personer,167
4018 Nome,1 Menn,F05-09 5-9 år,2025,Personer,141
4018 Nome,1 Menn,F10-14 10-14 år,2025,Personer,198
4018 Nome,1 Menn,F15-19 15-19 år,2025,Personer,198
4018 Nome,1 Menn,F20-24 20-24 år,2025,Personer,176
4018 Nome,1 Menn,F25-29 25-29 år,2025,Personer,188
4018 Nome,1 Menn,F30-34 30-34 år,2025,Personer,200
4018 Nome,1 Menn,F35-39 35-39 år,2025,Personer,171
4018 Nome,1 Menn,F40-44 40-44 år,2025,Personer,171
4018 Nome,1 Menn,F45-49 45-49 år,2025,Personer,189
4018 Nome,1 Menn,F50-54 50-54 år,2025,Personer,224
4018 Nome,1 Menn,F55-59 55-59 år,2025,Personer,278
4018 Nome,1 Menn,F60-64 60-64 år,2025,Personer,217
4018 Nome,1 Menn,F65-69 65-69 år,2025,Personer,262
4018 Nome,1 Menn,F70-74 70-74 år,2025,Personer,199
4018 Nome,1 Menn,F75-79 75-79 år,2025,Personer,164
4018 Nome,1 Menn,F80-84 80-84 år,2025,Personer,95
4018 Nome,1 Menn,F85-89 85-89 år,2025,Personer,37
4018 Nome,1 Menn,F90-94 90-94 år,2025,Personer,12
4018 Nome,1 Menn,F95-99 95-99 år,2025,Personer,4
4018 Nome,1 Menn,F100G5+ 100 år eller eldre,2025,Personer,1
4020 Midt-Telemark,2 Kvinner,F00-04 0-4 år,2025,Personer,244
4020 Midt-Telemark,2 Kvinner,F05-09 5-9 år,2025,Personer,270
4020 Midt-Telemark,2 Kvinner,F10-14 10-14 år,2025,Personer,303
4020 Midt-Telemark,2 Kvinner,F15-19 15-19 år,2025,Personer,344
4020 Midt-Telemark,2 Kvinner,F20-24 20-24 år,2025,Personer,405
4020 Midt-Telemark,2 Kvinner,F25-29 25-29 år,2025,Personer,331
4020 Midt-Telemark,2 Kvinner,F30-34 30-34 år,2025,Personer,342
4020 Midt-Telemark,2 Kvinner,F35-39 35-39 år,2025,Personer,357
4020 Midt-Telemark,2 Kvinner,F40-44 40-44 år,2025,Personer,366
4020 Midt-Telemark,2 Kvinner,F45-49 45-49 år,2025,Personer,333
4020 Midt-Telemark,2 Kvinner,F50-54 50-54 år,2025,Personer,384
4020 Midt-Telemark,2 Kvinner,F55-59 55-59 år,2025,Personer,332
4020 Midt-Telemark,2 Kvinner,F60-64 60-64 år,2025,Personer,316
4020 Midt-Telemark,2 Kvinner,F65-69 65-69 år,2025,Personer,323
4020 Midt-Telemark,2 Kvinner,F70-74 70-74 år,2025,Personer,292
4020 Midt-Telemark,2 Kvinner,F75-79 75-79 år,2025,Personer,254
4020 Midt-Telemark,2 Kvinner,F80-84 80-84 år,2025,Personer,187
4020 Midt-Telemark,2 Kvinner,F85-89 85-89 år,2025,Personer,95
4020 Midt-Telemark,2 Kvinner,F90-94 90-94 år,2025,Personer,52
4020 Midt-Telemark,2 Kvinner,F95-99 95-99 år,2025,Personer,14
4020 Midt-Telemark,2 Kvinner,F100G5+ 100 år eller eldre,2025,Personer,2
4020 Midt-Telemark,1 Menn,F00-04 0-4 år,2025,Personer,262
4020 Midt-Telemark,1 Menn,F05-09 5-9 år,2025,Personer,293
4020 Midt-Telemark,1 Menn,F10-14 10-14 år,2025,Personer,365
4020 Midt-Telemark,1 Menn,F15-19 15-19 år,2025,Personer,368
4020 Midt-Telemark,1 Menn,F20-24 20-24 år,2025,Personer,436
4020 Midt-Telemark,1 Menn,F25-29 25-29 år,2025,Personer,421
4020 Midt-Telemark,1 Menn,F30-34 30-34 år,2025,Personer,352
4020 Midt-Telemark,1 Menn,F35-39 35-39 år,2025,Personer,348
4020 Midt-Telemark,1 Menn,F40-44 40-44 år,2025,Personer,340
4020 Midt-Telemark,1 Menn,F45-49 45-49 år,2025,Personer,326
4020 Midt-Telemark,1 Menn,F50-54 50-54 år,2025,Personer,360
4020 Midt-Telemark,1 Menn,F55-59 55-59 år,2025,Personer,334
4020 Midt-Telemark,1 Menn,F60-64 60-64 år,2025,Personer,317
4020 Midt-Telemark,1 Menn,F65-69 65-69 år,2025,Personer,294
4020 Midt-Telemark,1 Menn,F70-74 70-74 år,2025,Personer,286
4020 Midt-Telemark,1 Menn,F75-79 75-79 år,2025,Personer,237
4020 Midt-Telemark,1 Menn,F80-84 80-84 år,2025,Personer,147
4020 Midt-Telemark,1 Menn,F85-89 85-89 år,2025,Personer,69
4020 Midt-Telemark,1 Menn,F90-94 90-94 år,2025,Personer,31
4020 Midt-Telemark,1 Menn,F95-99 95-99 år,2025,Personer,3
4020 Midt-Telemark,1 Menn,F100G5+ 100 år eller eldre,2025,Personer,0
4022 Seljord,2 Kvinner,F00-04 0-4 år,2025,Personer,56
4022 Seljord,2 Kvinner,F05-09 5-9 år,2025,Personer,71
4022 Seljord,2 Kvinner,F10-14 10-14 år,2025,Personer,105
4022 Seljord,2 Kvinner,F15-19 15-19 år,2025,Personer,93
4022 Seljord,2 Kvinner,F20-24 20-24 år,2025,Personer,79
4022 Seljord,2 Kvinner,F25-29 25-29 år,2025,Personer,60
4022 Seljord,2 Kvinner,F30-34 30-34 år,2025,Personer,77
4022 Seljord,2 Kvinner,F35-39 35-39 år,2025,Personer,84
4022 Seljord,2 Kvinner,F40-44 40-44 år,2025,Personer,84
4022 Seljord,2 Kvinner,F45-49 45-49 år,2025,Personer,95
4022 Seljord,2 Kvinner,F50-54 50-54 år,2025,Personer,107
4022 Seljord,2 Kvinner,F55-59 55-59 år,2025,Personer,100
4022 Seljord,2 Kvinner,F60-64 60-64 år,2025,Personer,90
4022 Seljord,2 Kvinner,F65-69 65-69 år,2025,Personer,104
4022 Seljord,2 Kvinner,F70-74 70-74 år,2025,Personer,98
4022 Seljord,2 Kvinner,F75-79 75-79 år,2025,Personer,90
4022 Seljord,2 Kvinner,F80-84 80-84 år,2025,Personer,58
4022 Seljord,2 Kvinner,F85-89 85-89 år,2025,Personer,31
4022 Seljord,2 Kvinner,F90-94 90-94 år,2025,Personer,17
4022 Seljord,2 Kvinner,F95-99 95-99 år,2025,Personer,2
4022 Seljord,2 Kvinner,F100G5+ 100 år eller eldre,2025,Personer,2
4022 Seljord,1 Menn,F00-04 0-4 år,2025,Personer,71
4022 Seljord,1 Menn,F05-09 5-9 år,2025,Personer,74
4022 Seljord,1 Menn,F10-14 10-14 år,2025,Personer,94
4022 Seljord,1 Menn,F15-19 15-19 år,2025,Personer,84
4022 Seljord,1 Menn,F20-24 20-24 år,2025,Personer,86
4022 Seljord,1 Menn,F25-29 25-29 år,2025,Personer,66
4022 Seljord,1 Menn,F30-34 30-34 år,2025,Personer,72
4022 Seljord,1 Menn,F35-39 35-39 år,2025,Personer,86
4022 Seljord,1 Menn,F40-44 40-44 år,2025,Personer,96
4022 Seljord,1 Menn,F45-49 45-49 år,2025,Personer,98
4022 Seljord,1 Menn,F50-54 50-54 år,2025,Personer,97
4022 Seljord,1 Menn,F55-59 55-59 år,2025,Personer,103
4022 Seljord,1 Menn,F60-64 60-64 år,2025,Personer,96
4022 Seljord,1 Menn,F65-69 65-69 år,2025,Personer,90
4022 Seljord,1 Menn,F70-74 70-74 år,2025,Personer,101
4022 Seljord,1 Menn,F75-79 75-79 år,2025,Personer,84
4022 Seljord,1 Menn,F80-84 80-84 år,2025,Personer,47
4022 Seljord,1 Menn,F85-89 85-89 år,2025,Personer,26
4022 Seljord,1 Menn,F90-94 90-94 år,2025,Personer,4
4022 Seljord,1 Menn,F95-99 95-99 år,2025,Personer,3
4022 Seljord,1 Menn,F100G5+ 100 år eller eldre,2025,Personer,0
4024 Hjartdal,2 Kvinner,F00-04 0-4 år,2025,Personer,36
4024 Hjartdal,2 Kvinner,F05-09 5-9 år,2025,Personer,38
4024 Hjartdal,2 Kvinner,F10-14 10-14 år,2025,Personer,45
4024 Hjartdal,2 Kvinner,F15-19 15-19 år,2025,Personer,44
4024 Hjartdal,2 Kvinner,F20-24 20-24 år,2025,Personer,49
4024 Hjartdal,2 Kvinner,F25-29 25-29 år,2025,Personer,47
4024 Hjartdal,2 Kvinner,F30-34 30-34 år,2025,Personer,46
4024 Hjartdal,2 Kvinner,F35-39 35-39 år,2025,Personer,52
4024 Hjartdal,2 Kvinner,F40-44 40-44 år,2025,Personer,34
4024 Hjartdal,2 Kvinner,F45-49 45-49 år,2025,Personer,34
4024 Hjartdal,2 Kvinner,F50-54 50-54 år,2025,Personer,61
4024 Hjartdal,2 Kvinner,F55-59 55-59 år,2025,Personer,57
4024 Hjartdal,2 Kvinner,F60-64 60-64 år,2025,Personer,56
4024 Hjartdal,2 Kvinner,F65-69 65-69 år,2025,Personer,50
4024 Hjartdal,2 Kvinner,F70-74 70-74 år,2025,Personer,42
4024 Hjartdal,2 Kvinner,F75-79 75-79 år,2025,Personer,50
4024 Hjartdal,2 Kvinner,F80-84 80-84 år,2025,Personer,33
4024 Hjartdal,2 Kvinner,F85-89 85-89 år,2025,Personer,22
4024 Hjartdal,2 Kvinner,F90-94 90-94 år,2025,Personer,16
4024 Hjartdal,2 Kvinner,F95-99 95-99 år,2025,Personer,1
4024 Hjartdal,2 Kvinner,F100G5+ 100 år eller eldre,2025,Personer,0
4024 Hjartdal,1 Menn,F00-04 0-4 år,2025,Personer,45
4024 Hjartdal,1 Menn,F05-09 5-9 år,2025,Personer,44
4024 Hjartdal,1 Menn,F10-14 10-14 år,2025,Personer,62
4024 Hjartdal,1 Menn,F15-19 15-19 år,2025,Personer,42
4024 Hjartdal,1 Menn,F20-24 20-24 år,2025,Personer,46
4024 Hjartdal,1 Menn,F25-29 25-29 år,2025,Personer,45
4024 Hjartdal,1 Menn,F30-34 30-34 år,2025,Personer,32
4024 Hjartdal,1 Menn,F35-39 35-39 år,2025,Personer,45
4024 Hjartdal,1 Menn,F40-44 40-44 år,2025,Personer,38
4024 Hjartdal,1 Menn,F45-49 45-49 år,2025,Personer,44
4024 Hjartdal,1 Menn,F50-54 50-54 år,2025,Personer,57
4024 Hjartdal,1 Menn,F55-59 55-59 år,2025,Personer,62
4024 Hjartdal,1 Menn,F60-64 60-64 år,2025,Personer,55
4024 Hjartdal,1 Menn,F65-69 65-69 år,2025,Personer,72
4024 Hjartdal,1 Menn,F70-74 70-74 år,2025,Personer,44
4024 Hjartdal,1 Menn,F75-79 75-79 år,2025,Personer,55
4024 Hjartdal,1 Menn,F80-84 80-84 år,2025,Personer,27
4024 Hjartdal,1 Menn,F85-89 85-89 år,2025,Personer,13
4024 Hjartdal,1 Menn,F90-94 90-94 år,2025,Personer,2
4024 Hjartdal,1 Menn,F95-99 95-99 år,2025,Personer,3
4024 Hjartdal,1 Menn,F100G5+ 100 år eller eldre,2025,Personer,0
4026 Tinn,2 Kvinner,F00-04 0-4 år,2025,Personer,76
4026 Tinn,2 Kvinner,F05-09 5-9 år,2025,Personer,100
4026 Tinn,2 Kvinner,F10-14 10-14 år,2025,Personer,149
4026 Tinn,2 Kvinner,F15-19 15-19 år,2025,Personer,161
4026 Tinn,2 Kvinner,F20-24 20-24 år,2025,Personer,143
4026 Tinn,2 Kvinner,F25-29 25-29 år,2025,Personer,122
4026 Tinn,2 Kvinner,F30-34 30-34 år,2025,Personer,127
4026 Tinn,2 Kvinner,F35-39 35-39 år,2025,Personer,142
4026 Tinn,2 Kvinner,F40-44 40-44 år,2025,Personer,141
4026 Tinn,2 Kvinner,F45-49 45-49 år,2025,Personer,155
4026 Tinn,2 Kvinner,F50-54 50-54 år,2025,Personer,240
4026 Tinn,2 Kvinner,F55-59 55-59 år,2025,Personer,225
4026 Tinn,2 Kvinner,F60-64 60-64 år,2025,Personer,206
4026 Tinn,2 Kvinner,F65-69 65-69 år,2025,Personer,183
4026 Tinn,2 Kvinner,F70-74 70-74 år,2025,Personer,184
4026 Tinn,2 Kvinner,F75-79 75-79 år,2025,Personer,176
4026 Tinn,2 Kvinner,F80-84 80-84 år,2025,Personer,120
4026 Tinn,2 Kvinner,F85-89 85-89 år,2025,Personer,57
4026 Tinn,2 Kvinner,F90-94 90-94 år,2025,Personer,29
4026 Tinn,2 Kvinner,F95-99 95-99 år,2025,Personer,8
4026 Tinn,2 Kvinner,F100G5+ 100 år eller eldre,2025,Personer,3
4026 Tinn,1 Menn,F00-04 0-4 år,2025,Personer,90
4026 Tinn,1 Menn,F05-09 5-9 år,2025,Personer,112
4026 Tinn,1 Menn,F10-14 10-14 år,2025,Personer,136
4026 Tinn,1 Menn,F15-19 15-19 år,2025,Personer,184
4026 Tinn,1 Menn,F20-24 20-24 år,2025,Personer,147
4026 Tinn,1 Menn,F25-29 25-29 år,2025,Personer,138
4026 Tinn,1 Menn,F30-34 30-34 år,2025,Personer,138
4026 Tinn,1 Menn,F35-39 35-39 år,2025,Personer,155
4026 Tinn,1 Menn,F40-44 40-44 år,2025,Personer,152
4026 Tinn,1 Menn,F45-49 45-49 år,2025,Personer,165
4026 Tinn,1 Menn,F50-54 50-54 år,2025,Personer,218
4026 Tinn,1 Menn,F55-59 55-59 år,2025,Personer,229
4026 Tinn,1 Menn,F60-64 60-64 år,2025,Personer,206
4026 Tinn,1 Menn,F65-69 65-69 år,2025,Personer,215
4026 Tinn,1 Menn,F70-74 70-74 år,2025,Personer,194
4026 Tinn,1 Menn,F75-79 75-79 år,2025,Personer,159
4026 Tinn,1 Menn,F80-84 80-84 år,2025,Personer,80
4026 Tinn,1 Menn,F85-89 85-89 år,2025,Personer,41
4026 Tinn,1 Menn,F90-94 90-94 år,2025,Personer,15
4026 Tinn,1 Menn,F95-99 95-99 år,2025,Personer,8
4026 Tinn,1 Menn,F100G5+ 100 år eller eldre,2025,Personer,0
4028 Kviteseid,2 Kvinner,F00-04 0-4 år,2025,Personer,45
4028 Kviteseid,2 Kvinner,F05-09 5-9 år,2025,Personer,52
4028 Kviteseid,2 Kvinner,F10-14 10-14 år,2025,Personer,56
4028 Kviteseid,2 Kvinner,F15-19 15-19 år,2025,Personer,43
4028 Kviteseid,2 Kvinner,F20-24 20-24 år,2025,Personer,83
4028 Kviteseid,2 Kvinner,F25-29 25-29 år,2025,Personer,46
4028 Kviteseid,2 Kvinner,F30-34 30-34 år,2025,Personer,57
4028 Kviteseid,2 Kvinner,F35-39 35-39 år,2025,Personer,64
4028 Kviteseid,2 Kvinner,F40-44 40-44 år,2025,Personer,64
4028 Kviteseid,2 Kvinner,F45-49 45-49 år,2025,Personer,65
4028 Kviteseid,2 Kvinner,F50-54 50-54 år,2025,Personer,103
4028 Kviteseid,2 Kvinner,F55-59 55-59 år,2025,Personer,97
4028 Kviteseid,2 Kvinner,F60-64 60-64 år,2025,Personer,107
4028 Kviteseid,2 Kvinner,F65-69 65-69 år,2025,Personer,83
4028 Kviteseid,2 Kvinner,F70-74 70-74 år,2025,Personer,67
4028 Kviteseid,2 Kvinner,F75-79 75-79 år,2025,Personer,60
4028 Kviteseid,2 Kvinner,F80-84 80-84 år,2025,Personer,55
4028 Kviteseid,2 Kvinner,F85-89 85-89 år,2025,Personer,30
4028 Kviteseid,2 Kvinner,F90-94 90-94 år,2025,Personer,24
4028 Kviteseid,2 Kvinner,F95-99 95-99 år,2025,Personer,5
4028 Kviteseid,2 Kvinner,F100G5+ 100 år eller eldre,2025,Personer,0
4028 Kviteseid,1 Menn,F00-04 0-4 år,2025,Personer,66
4028 Kviteseid,1 Menn,F05-09 5-9 år,2025,Personer,52
4028 Kviteseid,1 Menn,F10-14 10-14 år,2025,Personer,76
4028 Kviteseid,1 Menn,F15-19 15-19 år,2025,Personer,66
4028 Kviteseid,1 Menn,F20-24 20-24 år,2025,Personer,61
4028 Kviteseid,1 Menn,F25-29 25-29 år,2025,Personer,53
4028 Kviteseid,1 Menn,F30-34 30-34 år,2025,Personer,68
4028 Kviteseid,1 Menn,F35-39 35-39 år,2025,Personer,82
4028 Kviteseid,1 Menn,F40-44 40-44 år,2025,Personer,68
4028 Kviteseid,1 Menn,F45-49 45-49 år,2025,Personer,71
4028 Kviteseid,1 Menn,F50-54 50-54 år,2025,Personer,89
4028 Kviteseid,1 Menn,F55-59 55-59 år,2025,Personer,90
4028 Kviteseid,1 Menn,F60-64 60-64 år,2025,Personer,120
4028 Kviteseid,1 Menn,F65-69 65-69 år,2025,Personer,94
4028 Kviteseid,1 Menn,F70-74 70-74 år,2025,Personer,85
4028 Kviteseid,1 Menn,F75-79 75-79 år,2025,Personer,63
4028 Kviteseid,1 Menn,F80-84 80-84 år,2025,Personer,31
4028 Kviteseid,1 Menn,F85-89 85-89 år,2025,Personer,23
4028 Kviteseid,1 Menn,F90-94 90-94 år,2025,Personer,9
4028 Kviteseid,1 Menn,F95-99 95-99 år,2025,Personer,0
4028 Kviteseid,1 Menn,F100G5+ 100 år eller eldre,2025,Personer,0
4030 Nissedal,2 Kvinner,F00-04 0-4 år,2025,Personer,37
4030 Nissedal,2 Kvinner,F05-09 5-9 år,2025,Personer,41
4030 Nissedal,2 Kvinner,F10-14 10-14 år,2025,Personer,44
4030 Nissedal,2 Kvinner,F15-19 15-19 år,2025,Personer,51
4030 Nissedal,2 Kvinner,F20-24 20-24 år,2025,Personer,29
4030 Nissedal,2 Kvinner,F25-29 25-29 år,2025,Personer,20
4030 Nissedal,2 Kvinner,F30-34 30-34 år,2025,Personer,34
4030 Nissedal,2 Kvinner,F35-39 35-39 år,2025,Personer,40
4030 Nissedal,2 Kvinner,F40-44 40-44 år,2025,Personer,34
4030 Nissedal,2 Kvinner,F45-49 45-49 år,2025,Personer,56
4030 Nissedal,2 Kvinner,F50-54 50-54 år,2025,Personer,46
4030 Nissedal,2 Kvinner,F55-59 55-59 år,2025,Personer,49
4030 Nissedal,2 Kvinner,F60-64 60-64 år,2025,Personer,55
4030 Nissedal,2 Kvinner,F65-69 65-69 år,2025,Personer,61
4030 Nissedal,2 Kvinner,F70-74 70-74 år,2025,Personer,53
4030 Nissedal,2 Kvinner,F75-79 75-79 år,2025,Personer,39
4030 Nissedal,2 Kvinner,F80-84 80-84 år,2025,Personer,25
4030 Nissedal,2 Kvinner,F85-89 85-89 år,2025,Personer,14
4030 Nissedal,2 Kvinner,F90-94 90-94 år,2025,Personer,4
4030 Nissedal,2 Kvinner,F95-99 95-99 år,2025,Personer,3
4030 Nissedal,2 Kvinner,F100G5+ 100 år eller eldre,2025,Personer,1
4030 Nissedal,1 Menn,F00-04 0-4 år,2025,Personer,30
4030 Nissedal,1 Menn,F05-09 5-9 år,2025,Personer,33
4030 Nissedal,1 Menn,F10-14 10-14 år,2025,Personer,50
4030 Nissedal,1 Menn,F15-19 15-19 år,2025,Personer,38
4030 Nissedal,1 Menn,F20-24 20-24 år,2025,Personer,41
4030 Nissedal,1 Menn,F25-29 25-29 år,2025,Personer,37
4030 Nissedal,1 Menn,F30-34 30-34 år,2025,Personer,32
4030 Nissedal,1 Menn,F35-39 35-39 år,2025,Personer,40
4030 Nissedal,1 Menn,F40-44 40-44 år,2025,Personer,41
4030 Nissedal,1 Menn,F45-49 45-49 år,2025,Personer,43
4030 Nissedal,1 Menn,F50-54 50-54 år,2025,Personer,53
4030 Nissedal,1 Menn,F55-59 55-59 år,2025,Personer,59
4030 Nissedal,1 Menn,F60-64 60-64 år,2025,Personer,51
4030 Nissedal,1 Menn,F65-69 65-69 år,2025,Personer,60
4030 Nissedal,1 Menn,F70-74 70-74 år,2025,Personer,61
4030 Nissedal,1 Menn,F75-79 75-79 år,2025,Personer,46
4030 Nissedal,1 Menn,F80-84 80-84 år,2025,Personer,20
4030 Nissedal,1 Menn,F85-89 85-89 år,2025,Personer,10
4030 Nissedal,1 Menn,F90-94 90-94 år,2025,Personer,4
4030 Nissedal,1 Menn,F95-99 95-99 år,2025,Personer,1
4030 Nissedal,1 Menn,F100G5+ 100 år eller eldre,2025,Personer,0
4032 Fyresdal,2 Kvinner,F00-04 0-4 år,2025,Personer,19
4032 Fyresdal,2 Kvinner,F05-09 5-9 år,2025,Personer,23
4032 Fyresdal,2 Kvinner,F10-14 10-14 år,2025,Personer,37
4032 Fyresdal,2 Kvinner,F15-19 15-19 år,2025,Personer,37
4032 Fyresdal,2 Kvinner,F20-24 20-24 år,2025,Personer,32
4032 Fyresdal,2 Kvinner,F25-29 25-29 år,2025,Personer,22
4032 Fyresdal,2 Kvinner,F30-34 30-34 år,2025,Personer,38
4032 Fyresdal,2 Kvinner,F35-39 35-39 år,2025,Personer,27
4032 Fyresdal,2 Kvinner,F40-44 40-44 år,2025,Personer,34
4032 Fyresdal,2 Kvinner,F45-49 45-49 år,2025,Personer,44
4032 Fyresdal,2 Kvinner,F50-54 50-54 år,2025,Personer,41
4032 Fyresdal,2 Kvinner,F55-59 55-59 år,2025,Personer,50
4032 Fyresdal,2 Kvinner,F60-64 60-64 år,2025,Personer,38
4032 Fyresdal,2 Kvinner,F65-69 65-69 år,2025,Personer,58
4032 Fyresdal,2 Kvinner,F70-74 70-74 år,2025,Personer,32
4032 Fyresdal,2 Kvinner,F75-79 75-79 år,2025,Personer,35
4032 Fyresdal,2 Kvinner,F80-84 80-84 år,2025,Personer,25
4032 Fyresdal,2 Kvinner,F85-89 85-89 år,2025,Personer,12
4032 Fyresdal,2 Kvinner,F90-94 90-94 år,2025,Personer,5
4032 Fyresdal,2 Kvinner,F95-99 95-99 år,2025,Personer,1
4032 Fyresdal,2 Kvinner,F100G5+ 100 år eller eldre,2025,Personer,0
4032 Fyresdal,1 Menn,F00-04 0-4 år,2025,Personer,27
4032 Fyresdal,1 Menn,F05-09 5-9 år,2025,Personer,29
4032 Fyresdal,1 Menn,F10-14 10-14 år,2025,Personer,39
4032 Fyresdal,1 Menn,F15-19 15-19 år,2025,Personer,42
4032 Fyresdal,1 Menn,F20-24 20-24 år,2025,Personer,35
4032 Fyresdal,1 Menn,F25-29 25-29 år,2025,Personer,32
4032 Fyresdal,1 Menn,F30-34 30-34 år,2025,Personer,30
4032 Fyresdal,1 Menn,F35-39 35-39 år,2025,Personer,34
4032 Fyresdal,1 Menn,F40-44 40-44 år,2025,Personer,38
4032 Fyresdal,1 Menn,F45-49 45-49 år,2025,Personer,39
4032 Fyresdal,1 Menn,F50-54 50-54 år,2025,Personer,49
4032 Fyresdal,1 Menn,F55-59 55-59 år,2025,Personer,43
4032 Fyresdal,1 Menn,F60-64 60-64 år,2025,Personer,53
4032 Fyresdal,1 Menn,F65-69 65-69 år,2025,Personer,46
4032 Fyresdal,1 Menn,F70-74 70-74 år,2025,Personer,46
4032 Fyresdal,1 Menn,F75-79 75-79 år,2025,Personer,31
4032 Fyresdal,1 Menn,F80-84 80-84 år,2025,Personer,18
4032 Fyresdal,1 Menn,F85-89 85-89 år,2025,Personer,8
4032 Fyresdal,1 Menn,F90-94 90-94 år,2025,Personer,4
4032 Fyresdal,1 Menn,F95-99 95-99 år,2025,Personer,2
4032 Fyresdal,1 Menn,F100G5+ 100 år eller eldre,2025,Personer,1
4034 Tokke,2 Kvinner,F00-04 0-4 år,2025,Personer,46
4034 Tokke,2 Kvinner,F05-09 5-9 år,2025,Personer,46
4034 Tokke,2 Kvinner,F10-14 10-14 år,2025,Personer,63
4034 Tokke,2 Kvinner,F15-19 15-19 år,2025,Personer,75
4034 Tokke,2 Kvinner,F20-24 20-24 år,2025,Personer,46
4034 Tokke,2 Kvinner,F25-29 25-29 år,2025,Personer,57
4034 Tokke,2 Kvinner,F30-34 30-34 år,2025,Personer,59
4034 Tokke,2 Kvinner,F35-39 35-39 år,2025,Personer,59
4034 Tokke,2 Kvinner,F40-44 40-44 år,2025,Personer,61
4034 Tokke,2 Kvinner,F45-49 45-49 år,2025,Personer,60
4034 Tokke,2 Kvinner,F50-54 50-54 år,2025,Personer,77
4034 Tokke,2 Kvinner,F55-59 55-59 år,2025,Personer,77
4034 Tokke,2 Kvinner,F60-64 60-64 år,2025,Personer,84
4034 Tokke,2 Kvinner,F65-69 65-69 år,2025,Personer,79
4034 Tokke,2 Kvinner,F70-74 70-74 år,2025,Personer,71
4034 Tokke,2 Kvinner,F75-79 75-79 år,2025,Personer,60
4034 Tokke,2 Kvinner,F80-84 80-84 år,2025,Personer,25
4034 Tokke,2 Kvinner,F85-89 85-89 år,2025,Personer,30
4034 Tokke,2 Kvinner,F90-94 90-94 år,2025,Personer,14
4034 Tokke,2 Kvinner,F95-99 95-99 år,2025,Personer,4
4034 Tokke,2 Kvinner,F100G5+ 100 år eller eldre,2025,Personer,4
4034 Tokke,1 Menn,F00-04 0-4 år,2025,Personer,62
4034 Tokke,1 Menn,F05-09 5-9 år,2025,Personer,51
4034 Tokke,1 Menn,F10-14 10-14 år,2025,Personer,59
4034 Tokke,1 Menn,F15-19 15-19 år,2025,Personer,70
4034 Tokke,1 Menn,F20-24 20-24 år,2025,Personer,53
4034 Tokke,1 Menn,F25-29 25-29 år,2025,Personer,58
4034 Tokke,1 Menn,F30-34 30-34 år,2025,Personer,74
4034 Tokke,1 Menn,F35-39 35-39 år,2025,Personer,65
4034 Tokke,1 Menn,F40-44 40-44 år,2025,Personer,55
4034 Tokke,1 Menn,F45-49 45-49 år,2025,Personer,63
4034 Tokke,1 Menn,F50-54 50-54 år,2025,Personer,86
4034 Tokke,1 Menn,F55-59 55-59 år,2025,Personer,86
4034 Tokke,1 Menn,F60-64 60-64 år,2025,Personer,82
4034 Tokke,1 Menn,F65-69 65-69 år,2025,Personer,99
4034 Tokke,1 Menn,F70-74 70-74 år,2025,Personer,67
4034 Tokke,1 Menn,F75-79 75-79 år,2025,Personer,50
4034 Tokke,1 Menn,F80-84 80-84 år,2025,Personer,32
4034 Tokke,1 Menn,F85-89 85-89 år,2025,Personer,21
4034 Tokke,1 Menn,F90-94 90-94 år,2025,Personer,6
4034 Tokke,1 Menn,F95-99 95-99 år,2025,Personer,2
4034 Tokke,1 Menn,F100G5+ 100 år eller eldre,2025,Personer,0
4036 Vinje,2 Kvinner,F00-04 0-4 år,2025,Personer,83
4036 Vinje,2 Kvinner,F05-09 5-9 år,2025,Personer,92
4036 Vinje,2 Kvinner,F10-14 10-14 år,2025,Personer,98
4036 Vinje,2 Kvinner,F15-19 15-19 år,2025,Personer,103
4036 Vinje,2 Kvinner,F20-24 20-24 år,2025,Personer,96
4036 Vinje,2 Kvinner,F25-29 25-29 år,2025,Personer,111
4036 Vinje,2 Kvinner,F30-34 30-34 år,2025,Personer,119
4036 Vinje,2 Kvinner,F35-39 35-39 år,2025,Personer,99
4036 Vinje,2 Kvinner,F40-44 40-44 år,2025,Personer,117
4036 Vinje,2 Kvinner,F45-49 45-49 år,2025,Personer,94
4036 Vinje,2 Kvinner,F50-54 50-54 år,2025,Personer,121
4036 Vinje,2 Kvinner,F55-59 55-59 år,2025,Personer,156
4036 Vinje,2 Kvinner,F60-64 60-64 år,2025,Personer,115
4036 Vinje,2 Kvinner,F65-69 65-69 år,2025,Personer,126
4036 Vinje,2 Kvinner,F70-74 70-74 år,2025,Personer,104
4036 Vinje,2 Kvinner,F75-79 75-79 år,2025,Personer,116
4036 Vinje,2 Kvinner,F80-84 80-84 år,2025,Personer,75
4036 Vinje,2 Kvinner,F85-89 85-89 år,2025,Personer,37
4036 Vinje,2 Kvinner,F90-94 90-94 år,2025,Personer,22
4036 Vinje,2 Kvinner,F95-99 95-99 år,2025,Personer,5
4036 Vinje,2 Kvinner,F100G5+ 100 år eller eldre,2025,Personer,2
4036 Vinje,1 Menn,F00-04 0-4 år,2025,Personer,99
4036 Vinje,1 Menn,F05-09 5-9 år,2025,Personer,113
4036 Vinje,1 Menn,F10-14 10-14 år,2025,Personer,122
4036 Vinje,1 Menn,F15-19 15-19 år,2025,Personer,101
4036 Vinje,1 Menn,F20-24 20-24 år,2025,Personer,118
4036 Vinje,1 Menn,F25-29 25-29 år,2025,Personer,101
4036 Vinje,1 Menn,F30-34 30-34 år,2025,Personer,124
4036 Vinje,1 Menn,F35-39 35-39 år,2025,Personer,121
4036 Vinje,1 Menn,F40-44 40-44 år,2025,Personer,125
4036 Vinje,1 Menn,F45-49 45-49 år,2025,Personer,105
4036 Vinje,1 Menn,F50-54 50-54 år,2025,Personer,133
4036 Vinje,1 Menn,F55-59 55-59 år,2025,Personer,131
4036 Vinje,1 Menn,F60-64 60-64 år,2025,Personer,150
4036 Vinje,1 Menn,F65-69 65-69 år,2025,Personer,114
4036 Vinje,1 Menn,F70-74 70-74 år,2025,Personer,117
4036 Vinje,1 Menn,F75-79 75-79 år,2025,Personer,92
4036 Vinje,1 Menn,F80-84 80-84 år,2025,Personer,58
4036 Vinje,1 Menn,F85-89 85-89 år,2025,Personer,39
4036 Vinje,1 Menn,F90-94 90-94 år,2025,Personer,5
4036 Vinje,1 Menn,F95-99 95-99 år,2025,Personer,2
4036 Vinje,1 Menn,F100G5+ 100 år eller eldre,2025,Personer,0
4201 Risør,2 Kvinner,F00-04 0-4 år,2025,Personer,129
4201 Risør,2 Kvinner,F05-09 5-9 år,2025,Personer,129
4201 Risør,2 Kvinner,F10-14 10-14 år,2025,Personer,170
4201 Risør,2 Kvinner,F15-19 15-19 år,2025,Personer,193
4201 Risør,2 Kvinner,F20-24 20-24 år,2025,Personer,156
4201 Risør,2 Kvinner,F25-29 25-29 år,2025,Personer,142
4201 Risør,2 Kvinner,F30-34 30-34 år,2025,Personer,165
4201 Risør,2 Kvinner,F35-39 35-39 år,2025,Personer,176
4201 Risør,2 Kvinner,F40-44 40-44 år,2025,Personer,172
4201 Risør,2 Kvinner,F45-49 45-49 år,2025,Personer,201
4201 Risør,2 Kvinner,F50-54 50-54 år,2025,Personer,258
4201 Risør,2 Kvinner,F55-59 55-59 år,2025,Personer,240
4201 Risør,2 Kvinner,F60-64 60-64 år,2025,Personer,251
4201 Risør,2 Kvinner,F65-69 65-69 år,2025,Personer,255
4201 Risør,2 Kvinner,F70-74 70-74 år,2025,Personer,230
4201 Risør,2 Kvinner,F75-79 75-79 år,2025,Personer,226
4201 Risør,2 Kvinner,F80-84 80-84 år,2025,Personer,121
4201 Risør,2 Kvinner,F85-89 85-89 år,2025,Personer,64
4201 Risør,2 Kvinner,F90-94 90-94 år,2025,Personer,42
4201 Risør,2 Kvinner,F95-99 95-99 år,2025,Personer,10
4201 Risør,2 Kvinner,F100G5+ 100 år eller eldre,2025,Personer,3
4201 Risør,1 Menn,F00-04 0-4 år,2025,Personer,134
4201 Risør,1 Menn,F05-09 5-9 år,2025,Personer,164
4201 Risør,1 Menn,F10-14 10-14 år,2025,Personer,182
4201 Risør,1 Menn,F15-19 15-19 år,2025,Personer,192
4201 Risør,1 Menn,F20-24 20-24 år,2025,Personer,165
4201 Risør,1 Menn,F25-29 25-29 år,2025,Personer,165
4201 Risør,1 Menn,F30-34 30-34 år,2025,Personer,169
4201 Risør,1 Menn,F35-39 35-39 år,2025,Personer,184
4201 Risør,1 Menn,F40-44 40-44 år,2025,Personer,174
4201 Risør,1 Menn,F45-49 45-49 år,2025,Personer,212
4201 Risør,1 Menn,F50-54 50-54 år,2025,Personer,260
4201 Risør,1 Menn,F55-59 55-59 år,2025,Personer,225
4201 Risør,1 Menn,F60-64 60-64 år,2025,Personer,240
4201 Risør,1 Menn,F65-69 65-69 år,2025,Personer,242
4201 Risør,1 Menn,F70-74 70-74 år,2025,Personer,231
4201 Risør,1 Menn,F75-79 75-79 år,2025,Personer,224
4201 Risør,1 Menn,F80-84 80-84 år,2025,Personer,120
4201 Risør,1 Menn,F85-89 85-89 år,2025,Personer,52
4201 Risør,1 Menn,F90-94 90-94 år,2025,Personer,14
4201 Risør,1 Menn,F95-99 95-99 år,2025,Personer,5
4201 Risør,1 Menn,F100G5+ 100 år eller eldre,2025,Personer,0
4202 Grimstad,2 Kvinner,F00-04 0-4 år,2025,Personer,668
4202 Grimstad,2 Kvinner,F05-09 5-9 år,2025,Personer,712
4202 Grimstad,2 Kvinner,F10-14 10-14 år,2025,Personer,811
4202 Grimstad,2 Kvinner,F15-19 15-19 år,2025,Personer,830
4202 Grimstad,2 Kvinner,F20-24 20-24 år,2025,Personer,847
4202 Grimstad,2 Kvinner,F25-29 25-29 år,2025,Personer,796
4202 Grimstad,2 Kvinner,F30-34 30-34 år,2025,Personer,847
4202 Grimstad,2 Kvinner,F35-39 35-39 år,2025,Personer,817
4202 Grimstad,2 Kvinner,F40-44 40-44 år,2025,Personer,798
4202 Grimstad,2 Kvinner,F45-49 45-49 år,2025,Personer,780
4202 Grimstad,2 Kvinner,F50-54 50-54 år,2025,Personer,845
4202 Grimstad,2 Kvinner,F55-59 55-59 år,2025,Personer,781
4202 Grimstad,2 Kvinner,F60-64 60-64 år,2025,Personer,716
4202 Grimstad,2 Kvinner,F65-69 65-69 år,2025,Personer,644
4202 Grimstad,2 Kvinner,F70-74 70-74 år,2025,Personer,558
4202 Grimstad,2 Kvinner,F75-79 75-79 år,2025,Personer,559
4202 Grimstad,2 Kvinner,F80-84 80-84 år,2025,Personer,334
4202 Grimstad,2 Kvinner,F85-89 85-89 år,2025,Personer,190
4202 Grimstad,2 Kvinner,F90-94 90-94 år,2025,Personer,87
4202 Grimstad,2 Kvinner,F95-99 95-99 år,2025,Personer,19
4202 Grimstad,2 Kvinner,F100G5+ 100 år eller eldre,2025,Personer,3
4202 Grimstad,1 Menn,F00-04 0-4 år,2025,Personer,630
4202 Grimstad,1 Menn,F05-09 5-9 år,2025,Personer,741
4202 Grimstad,1 Menn,F10-14 10-14 år,2025,Personer,807
4202 Grimstad,1 Menn,F15-19 15-19 år,2025,Personer,837
4202 Grimstad,1 Menn,F20-24 20-24 år,2025,Personer,1042
4202 Grimstad,1 Menn,F25-29 25-29 år,2025,Personer,965
4202 Grimstad,1 Menn,F30-34 30-34 år,2025,Personer,876
4202 Grimstad,1 Menn,F35-39 35-39 år,2025,Personer,808
4202 Grimstad,1 Menn,F40-44 40-44 år,2025,Personer,793
4202 Grimstad,1 Menn,F45-49 45-49 år,2025,Personer,796
4202 Grimstad,1 Menn,F50-54 50-54 år,2025,Personer,872
4202 Grimstad,1 Menn,F55-59 55-59 år,2025,Personer,820
4202 Grimstad,1 Menn,F60-64 60-64 år,2025,Personer,654
4202 Grimstad,1 Menn,F65-69 65-69 år,2025,Personer,607
4202 Grimstad,1 Menn,F70-74 70-74 år,2025,Personer,525
4202 Grimstad,1 Menn,F75-79 75-79 år,2025,Personer,499
4202 Grimstad,1 Menn,F80-84 80-84 år,2025,Personer,294
4202 Grimstad,1 Menn,F85-89 85-89 år,2025,Personer,156
4202 Grimstad,1 Menn,F90-94 90-94 år,2025,Personer,46
4202 Grimstad,1 Menn,F95-99 95-99 år,2025,Personer,8
4202 Grimstad,1 Menn,F100G5+ 100 år eller eldre,2025,Personer,1
4203 Arendal,2 Kvinner,F00-04 0-4 år,2025,Personer,999
4203 Arendal,2 Kvinner,F05-09 5-9 år,2025,Personer,1148
4203 Arendal,2 Kvinner,F10-14 10-14 år,2025,Personer,1381
4203 Arendal,2 Kvinner,F15-19 15-19 år,2025,Personer,1527
4203 Arendal,2 Kvinner,F20-24 20-24 år,2025,Personer,1119
4203 Arendal,2 Kvinner,F25-29 25-29 år,2025,Personer,1189
4203 Arendal,2 Kvinner,F30-34 30-34 år,2025,Personer,1363
4203 Arendal,2 Kvinner,F35-39 35-39 år,2025,Personer,1451
4203 Arendal,2 Kvinner,F40-44 40-44 år,2025,Personer,1594
4203 Arendal,2 Kvinner,F45-49 45-49 år,2025,Personer,1550
4203 Arendal,2 Kvinner,F50-54 50-54 år,2025,Personer,1638
4203 Arendal,2 Kvinner,F55-59 55-59 år,2025,Personer,1602
4203 Arendal,2 Kvinner,F60-64 60-64 år,2025,Personer,1504
4203 Arendal,2 Kvinner,F65-69 65-69 år,2025,Personer,1469
4203 Arendal,2 Kvinner,F70-74 70-74 år,2025,Personer,1295
4203 Arendal,2 Kvinner,F75-79 75-79 år,2025,Personer,1084
4203 Arendal,2 Kvinner,F80-84 80-84 år,2025,Personer,747
4203 Arendal,2 Kvinner,F85-89 85-89 år,2025,Personer,417
4203 Arendal,2 Kvinner,F90-94 90-94 år,2025,Personer,187
4203 Arendal,2 Kvinner,F95-99 95-99 år,2025,Personer,54
4203 Arendal,2 Kvinner,F100G5+ 100 år eller eldre,2025,Personer,9
4203 Arendal,1 Menn,F00-04 0-4 år,2025,Personer,990
4203 Arendal,1 Menn,F05-09 5-9 år,2025,Personer,1258
4203 Arendal,1 Menn,F10-14 10-14 år,2025,Personer,1456
4203 Arendal,1 Menn,F15-19 15-19 år,2025,Personer,1540
4203 Arendal,1 Menn,F20-24 20-24 år,2025,Personer,1319
4203 Arendal,1 Menn,F25-29 25-29 år,2025,Personer,1297
4203 Arendal,1 Menn,F30-34 30-34 år,2025,Personer,1383
4203 Arendal,1 Menn,F35-39 35-39 år,2025,Personer,1483
4203 Arendal,1 Menn,F40-44 40-44 år,2025,Personer,1509
4203 Arendal,1 Menn,F45-49 45-49 år,2025,Personer,1522
4203 Arendal,1 Menn,F50-54 50-54 år,2025,Personer,1665
4203 Arendal,1 Menn,F55-59 55-59 år,2025,Personer,1681
4203 Arendal,1 Menn,F60-64 60-64 år,2025,Personer,1393
4203 Arendal,1 Menn,F65-69 65-69 år,2025,Personer,1402
4203 Arendal,1 Menn,F70-74 70-74 år,2025,Personer,1224
4203 Arendal,1 Menn,F75-79 75-79 år,2025,Personer,1074
4203 Arendal,1 Menn,F80-84 80-84 år,2025,Personer,583
4203 Arendal,1 Menn,F85-89 85-89 år,2025,Personer,330
4203 Arendal,1 Menn,F90-94 90-94 år,2025,Personer,102
4203 Arendal,1 Menn,F95-99 95-99 år,2025,Personer,26
4203 Arendal,1 Menn,F100G5+ 100 år eller eldre,2025,Personer,4
4204 Kristiansand,2 Kvinner,F00-04 0-4 år,2025,Personer,2955
4204 Kristiansand,2 Kvinner,F05-09 5-9 år,2025,Personer,3246
4204 Kristiansand,2 Kvinner,F10-14 10-14 år,2025,Personer,3490
4204 Kristiansand,2 Kvinner,F15-19 15-19 år,2025,Personer,3761
4204 Kristiansand,2 Kvinner,F20-24 20-24 år,2025,Personer,4533
4204 Kristiansand,2 Kvinner,F25-29 25-29 år,2025,Personer,4064
4204 Kristiansand,2 Kvinner,F30-34 30-34 år,2025,Personer,4050
4204 Kristiansand,2 Kvinner,F35-39 35-39 år,2025,Personer,3948
4204 Kristiansand,2 Kvinner,F40-44 40-44 år,2025,Personer,3858
4204 Kristiansand,2 Kvinner,F45-49 45-49 år,2025,Personer,3675
4204 Kristiansand,2 Kvinner,F50-54 50-54 år,2025,Personer,3841
4204 Kristiansand,2 Kvinner,F55-59 55-59 år,2025,Personer,3634
4204 Kristiansand,2 Kvinner,F60-64 60-64 år,2025,Personer,3280
4204 Kristiansand,2 Kvinner,F65-69 65-69 år,2025,Personer,2935
4204 Kristiansand,2 Kvinner,F70-74 70-74 år,2025,Personer,2569
4204 Kristiansand,2 Kvinner,F75-79 75-79 år,2025,Personer,2233
4204 Kristiansand,2 Kvinner,F80-84 80-84 år,2025,Personer,1568
4204 Kristiansand,2 Kvinner,F85-89 85-89 år,2025,Personer,876
4204 Kristiansand,2 Kvinner,F90-94 90-94 år,2025,Personer,491
4204 Kristiansand,2 Kvinner,F95-99 95-99 år,2025,Personer,120
4204 Kristiansand,2 Kvinner,F100G5+ 100 år eller eldre,2025,Personer,10
4204 Kristiansand,1 Menn,F00-04 0-4 år,2025,Personer,3145
4204 Kristiansand,1 Menn,F05-09 5-9 år,2025,Personer,3524
4204 Kristiansand,1 Menn,F10-14 10-14 år,2025,Personer,3780
4204 Kristiansand,1 Menn,F15-19 15-19 år,2025,Personer,3936
4204 Kristiansand,1 Menn,F20-24 20-24 år,2025,Personer,4236
4204 Kristiansand,1 Menn,F25-29 25-29 år,2025,Personer,4255
4204 Kristiansand,1 Menn,F30-34 30-34 år,2025,Personer,4241
4204 Kristiansand,1 Menn,F35-39 35-39 år,2025,Personer,4025
4204 Kristiansand,1 Menn,F40-44 40-44 år,2025,Personer,4022
4204 Kristiansand,1 Menn,F45-49 45-49 år,2025,Personer,3649
4204 Kristiansand,1 Menn,F50-54 50-54 år,2025,Personer,3807
4204 Kristiansand,1 Menn,F55-59 55-59 år,2025,Personer,3666
4204 Kristiansand,1 Menn,F60-64 60-64 år,2025,Personer,3459
4204 Kristiansand,1 Menn,F65-69 65-69 år,2025,Personer,2845
4204 Kristiansand,1 Menn,F70-74 70-74 år,2025,Personer,2461
4204 Kristiansand,1 Menn,F75-79 75-79 år,2025,Personer,1942
4204 Kristiansand,1 Menn,F80-84 80-84 år,2025,Personer,1191
4204 Kristiansand,1 Menn,F85-89 85-89 år,2025,Personer,602
4204 Kristiansand,1 Menn,F90-94 90-94 år,2025,Personer,248
4204 Kristiansand,1 Menn,F95-99 95-99 år,2025,Personer,46
4204 Kristiansand,1 Menn,F100G5+ 100 år eller eldre,2025,Personer,4
4205 Lindesnes,2 Kvinner,F00-04 0-4 år,2025,Personer,531
4205 Lindesnes,2 Kvinner,F05-09 5-9 år,2025,Personer,636
4205 Lindesnes,2 Kvinner,F10-14 10-14 år,2025,Personer,703
4205 Lindesnes,2 Kvinner,F15-19 15-19 år,2025,Personer,821
4205 Lindesnes,2 Kvinner,F20-24 20-24 år,2025,Personer,621
4205 Lindesnes,2 Kvinner,F25-29 25-29 år,2025,Personer,596
4205 Lindesnes,2 Kvinner,F30-34 30-34 år,2025,Personer,683
4205 Lindesnes,2 Kvinner,F35-39 35-39 år,2025,Personer,744
4205 Lindesnes,2 Kvinner,F40-44 40-44 år,2025,Personer,738
4205 Lindesnes,2 Kvinner,F45-49 45-49 år,2025,Personer,739
4205 Lindesnes,2 Kvinner,F50-54 50-54 år,2025,Personer,800
4205 Lindesnes,2 Kvinner,F55-59 55-59 år,2025,Personer,799
4205 Lindesnes,2 Kvinner,F60-64 60-64 år,2025,Personer,738
4205 Lindesnes,2 Kvinner,F65-69 65-69 år,2025,Personer,724
4205 Lindesnes,2 Kvinner,F70-74 70-74 år,2025,Personer,624
4205 Lindesnes,2 Kvinner,F75-79 75-79 år,2025,Personer,560
4205 Lindesnes,2 Kvinner,F80-84 80-84 år,2025,Personer,369
4205 Lindesnes,2 Kvinner,F85-89 85-89 år,2025,Personer,212
4205 Lindesnes,2 Kvinner,F90-94 90-94 år,2025,Personer,95
4205 Lindesnes,2 Kvinner,F95-99 95-99 år,2025,Personer,40
4205 Lindesnes,2 Kvinner,F100G5+ 100 år eller eldre,2025,Personer,8
4205 Lindesnes,1 Menn,F00-04 0-4 år,2025,Personer,581
4205 Lindesnes,1 Menn,F05-09 5-9 år,2025,Personer,681
4205 Lindesnes,1 Menn,F10-14 10-14 år,2025,Personer,784
4205 Lindesnes,1 Menn,F15-19 15-19 år,2025,Personer,848
4205 Lindesnes,1 Menn,F20-24 20-24 år,2025,Personer,714
4205 Lindesnes,1 Menn,F25-29 25-29 år,2025,Personer,678
4205 Lindesnes,1 Menn,F30-34 30-34 år,2025,Personer,702
4205 Lindesnes,1 Menn,F35-39 35-39 år,2025,Personer,702
4205 Lindesnes,1 Menn,F40-44 40-44 år,2025,Personer,747
4205 Lindesnes,1 Menn,F45-49 45-49 år,2025,Personer,730
4205 Lindesnes,1 Menn,F50-54 50-54 år,2025,Personer,820
4205 Lindesnes,1 Menn,F55-59 55-59 år,2025,Personer,831
4205 Lindesnes,1 Menn,F60-64 60-64 år,2025,Personer,745
4205 Lindesnes,1 Menn,F65-69 65-69 år,2025,Personer,748
4205 Lindesnes,1 Menn,F70-74 70-74 år,2025,Personer,639
4205 Lindesnes,1 Menn,F75-79 75-79 år,2025,Personer,547
4205 Lindesnes,1 Menn,F80-84 80-84 år,2025,Personer,297
4205 Lindesnes,1 Menn,F85-89 85-89 år,2025,Personer,130
4205 Lindesnes,1 Menn,F90-94 90-94 år,2025,Personer,46
4205 Lindesnes,1 Menn,F95-99 95-99 år,2025,Personer,17
4205 Lindesnes,1 Menn,F100G5+ 100 år eller eldre,2025,Personer,0
4206 Farsund,2 Kvinner,F00-04 0-4 år,2025,Personer,228
4206 Farsund,2 Kvinner,F05-09 5-9 år,2025,Personer,265
4206 Farsund,2 Kvinner,F10-14 10-14 år,2025,Personer,291
4206 Farsund,2 Kvinner,F15-19 15-19 år,2025,Personer,327
4206 Farsund,2 Kvinner,F20-24 20-24 år,2025,Personer,251
4206 Farsund,2 Kvinner,F25-29 25-29 år,2025,Personer,255
4206 Farsund,2 Kvinner,F30-34 30-34 år,2025,Personer,278
4206 Farsund,2 Kvinner,F35-39 35-39 år,2025,Personer,275
4206 Farsund,2 Kvinner,F40-44 40-44 år,2025,Personer,273
4206 Farsund,2 Kvinner,F45-49 45-49 år,2025,Personer,321
4206 Farsund,2 Kvinner,F50-54 50-54 år,2025,Personer,338
4206 Farsund,2 Kvinner,F55-59 55-59 år,2025,Personer,347
4206 Farsund,2 Kvinner,F60-64 60-64 år,2025,Personer,281
4206 Farsund,2 Kvinner,F65-69 65-69 år,2025,Personer,293
4206 Farsund,2 Kvinner,F70-74 70-74 år,2025,Personer,281
4206 Farsund,2 Kvinner,F75-79 75-79 år,2025,Personer,277
4206 Farsund,2 Kvinner,F80-84 80-84 år,2025,Personer,177
4206 Farsund,2 Kvinner,F85-89 85-89 år,2025,Personer,102
4206 Farsund,2 Kvinner,F90-94 90-94 år,2025,Personer,40
4206 Farsund,2 Kvinner,F95-99 95-99 år,2025,Personer,14
4206 Farsund,2 Kvinner,F100G5+ 100 år eller eldre,2025,Personer,2
4206 Farsund,1 Menn,F00-04 0-4 år,2025,Personer,226
4206 Farsund,1 Menn,F05-09 5-9 år,2025,Personer,270
4206 Farsund,1 Menn,F10-14 10-14 år,2025,Personer,306
4206 Farsund,1 Menn,F15-19 15-19 år,2025,Personer,379
4206 Farsund,1 Menn,F20-24 20-24 år,2025,Personer,263
4206 Farsund,1 Menn,F25-29 25-29 år,2025,Personer,279
4206 Farsund,1 Menn,F30-34 30-34 år,2025,Personer,277
4206 Farsund,1 Menn,F35-39 35-39 år,2025,Personer,280
4206 Farsund,1 Menn,F40-44 40-44 år,2025,Personer,311
4206 Farsund,1 Menn,F45-49 45-49 år,2025,Personer,287
4206 Farsund,1 Menn,F50-54 50-54 år,2025,Personer,349
4206 Farsund,1 Menn,F55-59 55-59 år,2025,Personer,362
4206 Farsund,1 Menn,F60-64 60-64 år,2025,Personer,311
4206 Farsund,1 Menn,F65-69 65-69 år,2025,Personer,272
4206 Farsund,1 Menn,F70-74 70-74 år,2025,Personer,280
4206 Farsund,1 Menn,F75-79 75-79 år,2025,Personer,248
4206 Farsund,1 Menn,F80-84 80-84 år,2025,Personer,170
4206 Farsund,1 Menn,F85-89 85-89 år,2025,Personer,65
4206 Farsund,1 Menn,F90-94 90-94 år,2025,Personer,26
4206 Farsund,1 Menn,F95-99 95-99 år,2025,Personer,3
4206 Farsund,1 Menn,F100G5+ 100 år eller eldre,2025,Personer,0
4207 Flekkefjord,2 Kvinner,F00-04 0-4 år,2025,Personer,253
4207 Flekkefjord,2 Kvinner,F05-09 5-9 år,2025,Personer,229
4207 Flekkefjord,2 Kvinner,F10-14 10-14 år,2025,Personer,290
4207 Flekkefjord,2 Kvinner,F15-19 15-19 år,2025,Personer,317
4207 Flekkefjord,2 Kvinner,F20-24 20-24 år,2025,Personer,217
4207 Flekkefjord,2 Kvinner,F25-29 25-29 år,2025,Personer,237
4207 Flekkefjord,2 Kvinner,F30-34 30-34 år,2025,Personer,254
4207 Flekkefjord,2 Kvinner,F35-39 35-39 år,2025,Personer,263
4207 Flekkefjord,2 Kvinner,F40-44 40-44 år,2025,Personer,273
4207 Flekkefjord,2 Kvinner,F45-49 45-49 år,2025,Personer,279
4207 Flekkefjord,2 Kvinner,F50-54 50-54 år,2025,Personer,297
4207 Flekkefjord,2 Kvinner,F55-59 55-59 år,2025,Personer,316
4207 Flekkefjord,2 Kvinner,F60-64 60-64 år,2025,Personer,286
4207 Flekkefjord,2 Kvinner,F65-69 65-69 år,2025,Personer,286
4207 Flekkefjord,2 Kvinner,F70-74 70-74 år,2025,Personer,265
4207 Flekkefjord,2 Kvinner,F75-79 75-79 år,2025,Personer,222
4207 Flekkefjord,2 Kvinner,F80-84 80-84 år,2025,Personer,166
4207 Flekkefjord,2 Kvinner,F85-89 85-89 år,2025,Personer,98
4207 Flekkefjord,2 Kvinner,F90-94 90-94 år,2025,Personer,46
4207 Flekkefjord,2 Kvinner,F95-99 95-99 år,2025,Personer,16
4207 Flekkefjord,2 Kvinner,F100G5+ 100 år eller eldre,2025,Personer,5
4207 Flekkefjord,1 Menn,F00-04 0-4 år,2025,Personer,239
4207 Flekkefjord,1 Menn,F05-09 5-9 år,2025,Personer,271
4207 Flekkefjord,1 Menn,F10-14 10-14 år,2025,Personer,296
4207 Flekkefjord,1 Menn,F15-19 15-19 år,2025,Personer,313
4207 Flekkefjord,1 Menn,F20-24 20-24 år,2025,Personer,256
4207 Flekkefjord,1 Menn,F25-29 25-29 år,2025,Personer,265
4207 Flekkefjord,1 Menn,F30-34 30-34 år,2025,Personer,297
4207 Flekkefjord,1 Menn,F35-39 35-39 år,2025,Personer,328
4207 Flekkefjord,1 Menn,F40-44 40-44 år,2025,Personer,261
4207 Flekkefjord,1 Menn,F45-49 45-49 år,2025,Personer,263
4207 Flekkefjord,1 Menn,F50-54 50-54 år,2025,Personer,292
4207 Flekkefjord,1 Menn,F55-59 55-59 år,2025,Personer,333
4207 Flekkefjord,1 Menn,F60-64 60-64 år,2025,Personer,325
4207 Flekkefjord,1 Menn,F65-69 65-69 år,2025,Personer,267
4207 Flekkefjord,1 Menn,F70-74 70-74 år,2025,Personer,243
4207 Flekkefjord,1 Menn,F75-79 75-79 år,2025,Personer,223
4207 Flekkefjord,1 Menn,F80-84 80-84 år,2025,Personer,147
4207 Flekkefjord,1 Menn,F85-89 85-89 år,2025,Personer,64
4207 Flekkefjord,1 Menn,F90-94 90-94 år,2025,Personer,22
4207 Flekkefjord,1 Menn,F95-99 95-99 år,2025,Personer,9
4207 Flekkefjord,1 Menn,F100G5+ 100 år eller eldre,2025,Personer,0
4211 Gjerstad,2 Kvinner,F00-04 0-4 år,2025,Personer,44
4211 Gjerstad,2 Kvinner,F05-09 5-9 år,2025,Personer,51
4211 Gjerstad,2 Kvinner,F10-14 10-14 år,2025,Personer,70
4211 Gjerstad,2 Kvinner,F15-19 15-19 år,2025,Personer,61
4211 Gjerstad,2 Kvinner,F20-24 20-24 år,2025,Personer,58
4211 Gjerstad,2 Kvinner,F25-29 25-29 år,2025,Personer,61
4211 Gjerstad,2 Kvinner,F30-34 30-34 år,2025,Personer,69
4211 Gjerstad,2 Kvinner,F35-39 35-39 år,2025,Personer,70
4211 Gjerstad,2 Kvinner,F40-44 40-44 år,2025,Personer,64
4211 Gjerstad,2 Kvinner,F45-49 45-49 år,2025,Personer,80
4211 Gjerstad,2 Kvinner,F50-54 50-54 år,2025,Personer,98
4211 Gjerstad,2 Kvinner,F55-59 55-59 år,2025,Personer,93
4211 Gjerstad,2 Kvinner,F60-64 60-64 år,2025,Personer,74
4211 Gjerstad,2 Kvinner,F65-69 65-69 år,2025,Personer,92
4211 Gjerstad,2 Kvinner,F70-74 70-74 år,2025,Personer,71
4211 Gjerstad,2 Kvinner,F75-79 75-79 år,2025,Personer,72
4211 Gjerstad,2 Kvinner,F80-84 80-84 år,2025,Personer,46
4211 Gjerstad,2 Kvinner,F85-89 85-89 år,2025,Personer,22
4211 Gjerstad,2 Kvinner,F90-94 90-94 år,2025,Personer,11
4211 Gjerstad,2 Kvinner,F95-99 95-99 år,2025,Personer,6
4211 Gjerstad,2 Kvinner,F100G5+ 100 år eller eldre,2025,Personer,1
4211 Gjerstad,1 Menn,F00-04 0-4 år,2025,Personer,53
4211 Gjerstad,1 Menn,F05-09 5-9 år,2025,Personer,59
4211 Gjerstad,1 Menn,F10-14 10-14 år,2025,Personer,64
4211 Gjerstad,1 Menn,F15-19 15-19 år,2025,Personer,72
4211 Gjerstad,1 Menn,F20-24 20-24 år,2025,Personer,72
4211 Gjerstad,1 Menn,F25-29 25-29 år,2025,Personer,83
4211 Gjerstad,1 Menn,F30-34 30-34 år,2025,Personer,63
4211 Gjerstad,1 Menn,F35-39 35-39 år,2025,Personer,65
4211 Gjerstad,1 Menn,F40-44 40-44 år,2025,Personer,69
4211 Gjerstad,1 Menn,F45-49 45-49 år,2025,Personer,86
4211 Gjerstad,1 Menn,F50-54 50-54 år,2025,Personer,98
4211 Gjerstad,1 Menn,F55-59 55-59 år,2025,Personer,100
4211 Gjerstad,1 Menn,F60-64 60-64 år,2025,Personer,92
4211 Gjerstad,1 Menn,F65-69 65-69 år,2025,Personer,80
4211 Gjerstad,1 Menn,F70-74 70-74 år,2025,Personer,78
4211 Gjerstad,1 Menn,F75-79 75-79 år,2025,Personer,65
4211 Gjerstad,1 Menn,F80-84 80-84 år,2025,Personer,52
4211 Gjerstad,1 Menn,F85-89 85-89 år,2025,Personer,22
4211 Gjerstad,1 Menn,F90-94 90-94 år,2025,Personer,5
4211 Gjerstad,1 Menn,F95-99 95-99 år,2025,Personer,0
4211 Gjerstad,1 Menn,F100G5+ 100 år eller eldre,2025,Personer,0
4212 Vegårshei,2 Kvinner,F00-04 0-4 år,2025,Personer,52
4212 Vegårshei,2 Kvinner,F05-09 5-9 år,2025,Personer,72
4212 Vegårshei,2 Kvinner,F10-14 10-14 år,2025,Personer,74
4212 Vegårshei,2 Kvinner,F15-19 15-19 år,2025,Personer,72
4212 Vegårshei,2 Kvinner,F20-24 20-24 år,2025,Personer,54
4212 Vegårshei,2 Kvinner,F25-29 25-29 år,2025,Personer,69
4212 Vegårshei,2 Kvinner,F30-34 30-34 år,2025,Personer,70
4212 Vegårshei,2 Kvinner,F35-39 35-39 år,2025,Personer,70
4212 Vegårshei,2 Kvinner,F40-44 40-44 år,2025,Personer,64
4212 Vegårshei,2 Kvinner,F45-49 45-49 år,2025,Personer,82
4212 Vegårshei,2 Kvinner,F50-54 50-54 år,2025,Personer,67
4212 Vegårshei,2 Kvinner,F55-59 55-59 år,2025,Personer,86
4212 Vegårshei,2 Kvinner,F60-64 60-64 år,2025,Personer,77
4212 Vegårshei,2 Kvinner,F65-69 65-69 år,2025,Personer,66
4212 Vegårshei,2 Kvinner,F70-74 70-74 år,2025,Personer,44
4212 Vegårshei,2 Kvinner,F75-79 75-79 år,2025,Personer,51
4212 Vegårshei,2 Kvinner,F80-84 80-84 år,2025,Personer,24
4212 Vegårshei,2 Kvinner,F85-89 85-89 år,2025,Personer,26
4212 Vegårshei,2 Kvinner,F90-94 90-94 år,2025,Personer,11
4212 Vegårshei,2 Kvinner,F95-99 95-99 år,2025,Personer,2
4212 Vegårshei,2 Kvinner,F100G5+ 100 år eller eldre,2025,Personer,3
4212 Vegårshei,1 Menn,F00-04 0-4 år,2025,Personer,66
4212 Vegårshei,1 Menn,F05-09 5-9 år,2025,Personer,64
4212 Vegårshei,1 Menn,F10-14 10-14 år,2025,Personer,79
4212 Vegårshei,1 Menn,F15-19 15-19 år,2025,Personer,78
4212 Vegårshei,1 Menn,F20-24 20-24 år,2025,Personer,57
4212 Vegårshei,1 Menn,F25-29 25-29 år,2025,Personer,59
4212 Vegårshei,1 Menn,F30-34 30-34 år,2025,Personer,74
4212 Vegårshei,1 Menn,F35-39 35-39 år,2025,Personer,73
4212 Vegårshei,1 Menn,F40-44 40-44 år,2025,Personer,56
4212 Vegårshei,1 Menn,F45-49 45-49 år,2025,Personer,85
4212 Vegårshei,1 Menn,F50-54 50-54 år,2025,Personer,72
4212 Vegårshei,1 Menn,F55-59 55-59 år,2025,Personer,81
4212 Vegårshei,1 Menn,F60-64 60-64 år,2025,Personer,82
4212 Vegårshei,1 Menn,F65-69 65-69 år,2025,Personer,84
4212 Vegårshei,1 Menn,F70-74 70-74 år,2025,Personer,51
4212 Vegårshei,1 Menn,F75-79 75-79 år,2025,Personer,52
4212 Vegårshei,1 Menn,F80-84 80-84 år,2025,Personer,18
4212 Vegårshei,1 Menn,F85-89 85-89 år,2025,Personer,13
4212 Vegårshei,1 Menn,F90-94 90-94 år,2025,Personer,5
4212 Vegårshei,1 Menn,F95-99 95-99 år,2025,Personer,0
4212 Vegårshei,1 Menn,F100G5+ 100 år eller eldre,2025,Personer,0
4213 Tvedestrand,2 Kvinner,F00-04 0-4 år,2025,Personer,123
4213 Tvedestrand,2 Kvinner,F05-09 5-9 år,2025,Personer,153
4213 Tvedestrand,2 Kvinner,F10-14 10-14 år,2025,Personer,162
4213 Tvedestrand,2 Kvinner,F15-19 15-19 år,2025,Personer,185
4213 Tvedestrand,2 Kvinner,F20-24 20-24 år,2025,Personer,176
4213 Tvedestrand,2 Kvinner,F25-29 25-29 år,2025,Personer,140
4213 Tvedestrand,2 Kvinner,F30-34 30-34 år,2025,Personer,180
4213 Tvedestrand,2 Kvinner,F35-39 35-39 år,2025,Personer,184
4213 Tvedestrand,2 Kvinner,F40-44 40-44 år,2025,Personer,194
4213 Tvedestrand,2 Kvinner,F45-49 45-49 år,2025,Personer,217
4213 Tvedestrand,2 Kvinner,F50-54 50-54 år,2025,Personer,218
4213 Tvedestrand,2 Kvinner,F55-59 55-59 år,2025,Personer,195
4213 Tvedestrand,2 Kvinner,F60-64 60-64 år,2025,Personer,245
4213 Tvedestrand,2 Kvinner,F65-69 65-69 år,2025,Personer,224
4213 Tvedestrand,2 Kvinner,F70-74 70-74 år,2025,Personer,191
4213 Tvedestrand,2 Kvinner,F75-79 75-79 år,2025,Personer,187
4213 Tvedestrand,2 Kvinner,F80-84 80-84 år,2025,Personer,86
4213 Tvedestrand,2 Kvinner,F85-89 85-89 år,2025,Personer,59
4213 Tvedestrand,2 Kvinner,F90-94 90-94 år,2025,Personer,32
4213 Tvedestrand,2 Kvinner,F95-99 95-99 år,2025,Personer,6
4213 Tvedestrand,2 Kvinner,F100G5+ 100 år eller eldre,2025,Personer,5
4213 Tvedestrand,1 Menn,F00-04 0-4 år,2025,Personer,157
4213 Tvedestrand,1 Menn,F05-09 5-9 år,2025,Personer,160
4213 Tvedestrand,1 Menn,F10-14 10-14 år,2025,Personer,190
4213 Tvedestrand,1 Menn,F15-19 15-19 år,2025,Personer,211
4213 Tvedestrand,1 Menn,F20-24 20-24 år,2025,Personer,167
4213 Tvedestrand,1 Menn,F25-29 25-29 år,2025,Personer,165
4213 Tvedestrand,1 Menn,F30-34 30-34 år,2025,Personer,186
4213 Tvedestrand,1 Menn,F35-39 35-39 år,2025,Personer,177
4213 Tvedestrand,1 Menn,F40-44 40-44 år,2025,Personer,199
4213 Tvedestrand,1 Menn,F45-49 45-49 år,2025,Personer,199
4213 Tvedestrand,1 Menn,F50-54 50-54 år,2025,Personer,264
4213 Tvedestrand,1 Menn,F55-59 55-59 år,2025,Personer,202
4213 Tvedestrand,1 Menn,F60-64 60-64 år,2025,Personer,211
4213 Tvedestrand,1 Menn,F65-69 65-69 år,2025,Personer,241
4213 Tvedestrand,1 Menn,F70-74 70-74 år,2025,Personer,216
4213 Tvedestrand,1 Menn,F75-79 75-79 år,2025,Personer,199
4213 Tvedestrand,1 Menn,F80-84 80-84 år,2025,Personer,104
4213 Tvedestrand,1 Menn,F85-89 85-89 år,2025,Personer,37
4213 Tvedestrand,1 Menn,F90-94 90-94 år,2025,Personer,14
4213 Tvedestrand,1 Menn,F95-99 95-99 år,2025,Personer,3
4213 Tvedestrand,1 Menn,F100G5+ 100 år eller eldre,2025,Personer,0
4214 Froland,2 Kvinner,F00-04 0-4 år,2025,Personer,156
4214 Froland,2 Kvinner,F05-09 5-9 år,2025,Personer,195
4214 Froland,2 Kvinner,F10-14 10-14 år,2025,Personer,190
4214 Froland,2 Kvinner,F15-19 15-19 år,2025,Personer,179
4214 Froland,2 Kvinner,F20-24 20-24 år,2025,Personer,162
4214 Froland,2 Kvinner,F25-29 25-29 år,2025,Personer,182
4214 Froland,2 Kvinner,F30-34 30-34 år,2025,Personer,225
4214 Froland,2 Kvinner,F35-39 35-39 år,2025,Personer,217
4214 Froland,2 Kvinner,F40-44 40-44 år,2025,Personer,195
4214 Froland,2 Kvinner,F45-49 45-49 år,2025,Personer,211
4214 Froland,2 Kvinner,F50-54 50-54 år,2025,Personer,196
4214 Froland,2 Kvinner,F55-59 55-59 år,2025,Personer,209
4214 Froland,2 Kvinner,F60-64 60-64 år,2025,Personer,166
4214 Froland,2 Kvinner,F65-69 65-69 år,2025,Personer,135
4214 Froland,2 Kvinner,F70-74 70-74 år,2025,Personer,152
4214 Froland,2 Kvinner,F75-79 75-79 år,2025,Personer,115
4214 Froland,2 Kvinner,F80-84 80-84 år,2025,Personer,87
4214 Froland,2 Kvinner,F85-89 85-89 år,2025,Personer,34
4214 Froland,2 Kvinner,F90-94 90-94 år,2025,Personer,17
4214 Froland,2 Kvinner,F95-99 95-99 år,2025,Personer,8
4214 Froland,2 Kvinner,F100G5+ 100 år eller eldre,2025,Personer,0
4214 Froland,1 Menn,F00-04 0-4 år,2025,Personer,190
4214 Froland,1 Menn,F05-09 5-9 år,2025,Personer,201
4214 Froland,1 Menn,F10-14 10-14 år,2025,Personer,226
4214 Froland,1 Menn,F15-19 15-19 år,2025,Personer,207
4214 Froland,1 Menn,F20-24 20-24 år,2025,Personer,184
4214 Froland,1 Menn,F25-29 25-29 år,2025,Personer,203
4214 Froland,1 Menn,F30-34 30-34 år,2025,Personer,226
4214 Froland,1 Menn,F35-39 35-39 år,2025,Personer,213
4214 Froland,1 Menn,F40-44 40-44 år,2025,Personer,197
4214 Froland,1 Menn,F45-49 45-49 år,2025,Personer,225
4214 Froland,1 Menn,F50-54 50-54 år,2025,Personer,216
4214 Froland,1 Menn,F55-59 55-59 år,2025,Personer,210
4214 Froland,1 Menn,F60-64 60-64 år,2025,Personer,188
4214 Froland,1 Menn,F65-69 65-69 år,2025,Personer,157
4214 Froland,1 Menn,F70-74 70-74 år,2025,Personer,151
4214 Froland,1 Menn,F75-79 75-79 år,2025,Personer,124
4214 Froland,1 Menn,F80-84 80-84 år,2025,Personer,65
4214 Froland,1 Menn,F85-89 85-89 år,2025,Personer,34
4214 Froland,1 Menn,F90-94 90-94 år,2025,Personer,9
4214 Froland,1 Menn,F95-99 95-99 år,2025,Personer,3
4214 Froland,1 Menn,F100G5+ 100 år eller eldre,2025,Personer,0
4215 Lillesand,2 Kvinner,F00-04 0-4 år,2025,Personer,260
4215 Lillesand,2 Kvinner,F05-09 5-9 år,2025,Personer,319
4215 Lillesand,2 Kvinner,F10-14 10-14 år,2025,Personer,394
4215 Lillesand,2 Kvinner,F15-19 15-19 år,2025,Personer,391
4215 Lillesand,2 Kvinner,F20-24 20-24 år,2025,Personer,286
4215 Lillesand,2 Kvinner,F25-29 25-29 år,2025,Personer,296
4215 Lillesand,2 Kvinner,F30-34 30-34 år,2025,Personer,338
4215 Lillesand,2 Kvinner,F35-39 35-39 år,2025,Personer,390
4215 Lillesand,2 Kvinner,F40-44 40-44 år,2025,Personer,388
4215 Lillesand,2 Kvinner,F45-49 45-49 år,2025,Personer,380
4215 Lillesand,2 Kvinner,F50-54 50-54 år,2025,Personer,385
4215 Lillesand,2 Kvinner,F55-59 55-59 år,2025,Personer,432
4215 Lillesand,2 Kvinner,F60-64 60-64 år,2025,Personer,343
4215 Lillesand,2 Kvinner,F65-69 65-69 år,2025,Personer,342
4215 Lillesand,2 Kvinner,F70-74 70-74 år,2025,Personer,313
4215 Lillesand,2 Kvinner,F75-79 75-79 år,2025,Personer,257
4215 Lillesand,2 Kvinner,F80-84 80-84 år,2025,Personer,176
4215 Lillesand,2 Kvinner,F85-89 85-89 år,2025,Personer,107
4215 Lillesand,2 Kvinner,F90-94 90-94 år,2025,Personer,38
4215 Lillesand,2 Kvinner,F95-99 95-99 år,2025,Personer,10
4215 Lillesand,2 Kvinner,F100G5+ 100 år eller eldre,2025,Personer,1
4215 Lillesand,1 Menn,F00-04 0-4 år,2025,Personer,276
4215 Lillesand,1 Menn,F05-09 5-9 år,2025,Personer,340
4215 Lillesand,1 Menn,F10-14 10-14 år,2025,Personer,403
4215 Lillesand,1 Menn,F15-19 15-19 år,2025,Personer,426
4215 Lillesand,1 Menn,F20-24 20-24 år,2025,Personer,340
4215 Lillesand,1 Menn,F25-29 25-29 år,2025,Personer,298
4215 Lillesand,1 Menn,F30-34 30-34 år,2025,Personer,343
4215 Lillesand,1 Menn,F35-39 35-39 år,2025,Personer,364
4215 Lillesand,1 Menn,F40-44 40-44 år,2025,Personer,400
4215 Lillesand,1 Menn,F45-49 45-49 år,2025,Personer,404
4215 Lillesand,1 Menn,F50-54 50-54 år,2025,Personer,361
4215 Lillesand,1 Menn,F55-59 55-59 år,2025,Personer,383
4215 Lillesand,1 Menn,F60-64 60-64 år,2025,Personer,397
4215 Lillesand,1 Menn,F65-69 65-69 år,2025,Personer,350
4215 Lillesand,1 Menn,F70-74 70-74 år,2025,Personer,279
4215 Lillesand,1 Menn,F75-79 75-79 år,2025,Personer,267
4215 Lillesand,1 Menn,F80-84 80-84 år,2025,Personer,152
4215 Lillesand,1 Menn,F85-89 85-89 år,2025,Personer,79
4215 Lillesand,1 Menn,F90-94 90-94 år,2025,Personer,23
4215 Lillesand,1 Menn,F95-99 95-99 år,2025,Personer,2
4215 Lillesand,1 Menn,F100G5+ 100 år eller eldre,2025,Personer,1
4216 Birkenes,2 Kvinner,F00-04 0-4 år,2025,Personer,120
4216 Birkenes,2 Kvinner,F05-09 5-9 år,2025,Personer,171
4216 Birkenes,2 Kvinner,F10-14 10-14 år,2025,Personer,183
4216 Birkenes,2 Kvinner,F15-19 15-19 år,2025,Personer,194
4216 Birkenes,2 Kvinner,F20-24 20-24 år,2025,Personer,153
4216 Birkenes,2 Kvinner,F25-29 25-29 år,2025,Personer,162
4216 Birkenes,2 Kvinner,F30-34 30-34 år,2025,Personer,161
4216 Birkenes,2 Kvinner,F35-39 35-39 år,2025,Personer,154
4216 Birkenes,2 Kvinner,F40-44 40-44 år,2025,Personer,190
4216 Birkenes,2 Kvinner,F45-49 45-49 år,2025,Personer,185
4216 Birkenes,2 Kvinner,F50-54 50-54 år,2025,Personer,171
4216 Birkenes,2 Kvinner,F55-59 55-59 år,2025,Personer,161
4216 Birkenes,2 Kvinner,F60-64 60-64 år,2025,Personer,132
4216 Birkenes,2 Kvinner,F65-69 65-69 år,2025,Personer,115
4216 Birkenes,2 Kvinner,F70-74 70-74 år,2025,Personer,119
4216 Birkenes,2 Kvinner,F75-79 75-79 år,2025,Personer,104
4216 Birkenes,2 Kvinner,F80-84 80-84 år,2025,Personer,72
4216 Birkenes,2 Kvinner,F85-89 85-89 år,2025,Personer,28
4216 Birkenes,2 Kvinner,F90-94 90-94 år,2025,Personer,26
4216 Birkenes,2 Kvinner,F95-99 95-99 år,2025,Personer,8
4216 Birkenes,2 Kvinner,F100G5+ 100 år eller eldre,2025,Personer,2
4216 Birkenes,1 Menn,F00-04 0-4 år,2025,Personer,146
4216 Birkenes,1 Menn,F05-09 5-9 år,2025,Personer,183
4216 Birkenes,1 Menn,F10-14 10-14 år,2025,Personer,214
4216 Birkenes,1 Menn,F15-19 15-19 år,2025,Personer,229
4216 Birkenes,1 Menn,F20-24 20-24 år,2025,Personer,140
4216 Birkenes,1 Menn,F25-29 25-29 år,2025,Personer,183
4216 Birkenes,1 Menn,F30-34 30-34 år,2025,Personer,198
4216 Birkenes,1 Menn,F35-39 35-39 år,2025,Personer,167
4216 Birkenes,1 Menn,F40-44 40-44 år,2025,Personer,184
4216 Birkenes,1 Menn,F45-49 45-49 år,2025,Personer,186
4216 Birkenes,1 Menn,F50-54 50-54 år,2025,Personer,182
4216 Birkenes,1 Menn,F55-59 55-59 år,2025,Personer,188
4216 Birkenes,1 Menn,F60-64 60-64 år,2025,Personer,143
4216 Birkenes,1 Menn,F65-69 65-69 år,2025,Personer,119
4216 Birkenes,1 Menn,F70-74 70-74 år,2025,Personer,115
4216 Birkenes,1 Menn,F75-79 75-79 år,2025,Personer,104
4216 Birkenes,1 Menn,F80-84 80-84 år,2025,Personer,75
4216 Birkenes,1 Menn,F85-89 85-89 år,2025,Personer,34
4216 Birkenes,1 Menn,F90-94 90-94 år,2025,Personer,11
4216 Birkenes,1 Menn,F95-99 95-99 år,2025,Personer,1
4216 Birkenes,1 Menn,F100G5+ 100 år eller eldre,2025,Personer,0
4217 Åmli,2 Kvinner,F00-04 0-4 år,2025,Personer,31
4217 Åmli,2 Kvinner,F05-09 5-9 år,2025,Personer,57
4217 Åmli,2 Kvinner,F10-14 10-14 år,2025,Personer,53
4217 Åmli,2 Kvinner,F15-19 15-19 år,2025,Personer,39
4217 Åmli,2 Kvinner,F20-24 20-24 år,2025,Personer,42
4217 Åmli,2 Kvinner,F25-29 25-29 år,2025,Personer,48
4217 Åmli,2 Kvinner,F30-34 30-34 år,2025,Personer,44
4217 Åmli,2 Kvinner,F35-39 35-39 år,2025,Personer,44
4217 Åmli,2 Kvinner,F40-44 40-44 år,2025,Personer,50
4217 Åmli,2 Kvinner,F45-49 45-49 år,2025,Personer,51
4217 Åmli,2 Kvinner,F50-54 50-54 år,2025,Personer,54
4217 Åmli,2 Kvinner,F55-59 55-59 år,2025,Personer,59
4217 Åmli,2 Kvinner,F60-64 60-64 år,2025,Personer,63
4217 Åmli,2 Kvinner,F65-69 65-69 år,2025,Personer,51
4217 Åmli,2 Kvinner,F70-74 70-74 år,2025,Personer,54
4217 Åmli,2 Kvinner,F75-79 75-79 år,2025,Personer,49
4217 Åmli,2 Kvinner,F80-84 80-84 år,2025,Personer,26
4217 Åmli,2 Kvinner,F85-89 85-89 år,2025,Personer,24
4217 Åmli,2 Kvinner,F90-94 90-94 år,2025,Personer,10
4217 Åmli,2 Kvinner,F95-99 95-99 år,2025,Personer,2
4217 Åmli,2 Kvinner,F100G5+ 100 år eller eldre,2025,Personer,1
4217 Åmli,1 Menn,F00-04 0-4 år,2025,Personer,43
4217 Åmli,1 Menn,F05-09 5-9 år,2025,Personer,48
4217 Åmli,1 Menn,F10-14 10-14 år,2025,Personer,52
4217 Åmli,1 Menn,F15-19 15-19 år,2025,Personer,42
4217 Åmli,1 Menn,F20-24 20-24 år,2025,Personer,51
4217 Åmli,1 Menn,F25-29 25-29 år,2025,Personer,53
4217 Åmli,1 Menn,F30-34 30-34 år,2025,Personer,47
4217 Åmli,1 Menn,F35-39 35-39 år,2025,Personer,56
4217 Åmli,1 Menn,F40-44 40-44 år,2025,Personer,48
4217 Åmli,1 Menn,F45-49 45-49 år,2025,Personer,71
4217 Åmli,1 Menn,F50-54 50-54 år,2025,Personer,56
4217 Åmli,1 Menn,F55-59 55-59 år,2025,Personer,70
4217 Åmli,1 Menn,F60-64 60-64 år,2025,Personer,63
4217 Åmli,1 Menn,F65-69 65-69 år,2025,Personer,70
4217 Åmli,1 Menn,F70-74 70-74 år,2025,Personer,62
4217 Åmli,1 Menn,F75-79 75-79 år,2025,Personer,47
4217 Åmli,1 Menn,F80-84 80-84 år,2025,Personer,28
4217 Åmli,1 Menn,F85-89 85-89 år,2025,Personer,11
4217 Åmli,1 Menn,F90-94 90-94 år,2025,Personer,5
4217 Åmli,1 Menn,F95-99 95-99 år,2025,Personer,3
4217 Åmli,1 Menn,F100G5+ 100 år eller eldre,2025,Personer,0
4218 Iveland,2 Kvinner,F00-04 0-4 år,2025,Personer,41
4218 Iveland,2 Kvinner,F05-09 5-9 år,2025,Personer,50
4218 Iveland,2 Kvinner,F10-14 10-14 år,2025,Personer,50
4218 Iveland,2 Kvinner,F15-19 15-19 år,2025,Personer,51
4218 Iveland,2 Kvinner,F20-24 20-24 år,2025,Personer,27
4218 Iveland,2 Kvinner,F25-29 25-29 år,2025,Personer,38
4218 Iveland,2 Kvinner,F30-34 30-34 år,2025,Personer,43
4218 Iveland,2 Kvinner,F35-39 35-39 år,2025,Personer,57
4218 Iveland,2 Kvinner,F40-44 40-44 år,2025,Personer,46
4218 Iveland,2 Kvinner,F45-49 45-49 år,2025,Personer,39
4218 Iveland,2 Kvinner,F50-54 50-54 år,2025,Personer,47
4218 Iveland,2 Kvinner,F55-59 55-59 år,2025,Personer,41
4218 Iveland,2 Kvinner,F60-64 60-64 år,2025,Personer,48
4218 Iveland,2 Kvinner,F65-69 65-69 år,2025,Personer,34
4218 Iveland,2 Kvinner,F70-74 70-74 år,2025,Personer,29
4218 Iveland,2 Kvinner,F75-79 75-79 år,2025,Personer,20
4218 Iveland,2 Kvinner,F80-84 80-84 år,2025,Personer,15
4218 Iveland,2 Kvinner,F85-89 85-89 år,2025,Personer,5
4218 Iveland,2 Kvinner,F90-94 90-94 år,2025,Personer,4
4218 Iveland,2 Kvinner,F95-99 95-99 år,2025,Personer,3
4218 Iveland,2 Kvinner,F100G5+ 100 år eller eldre,2025,Personer,0
4218 Iveland,1 Menn,F00-04 0-4 år,2025,Personer,35
4218 Iveland,1 Menn,F05-09 5-9 år,2025,Personer,50
4218 Iveland,1 Menn,F10-14 10-14 år,2025,Personer,59
4218 Iveland,1 Menn,F15-19 15-19 år,2025,Personer,41
4218 Iveland,1 Menn,F20-24 20-24 år,2025,Personer,35
4218 Iveland,1 Menn,F25-29 25-29 år,2025,Personer,41
4218 Iveland,1 Menn,F30-34 30-34 år,2025,Personer,40
4218 Iveland,1 Menn,F35-39 35-39 år,2025,Personer,51
4218 Iveland,1 Menn,F40-44 40-44 år,2025,Personer,52
4218 Iveland,1 Menn,F45-49 45-49 år,2025,Personer,41
4218 Iveland,1 Menn,F50-54 50-54 år,2025,Personer,49
4218 Iveland,1 Menn,F55-59 55-59 år,2025,Personer,49
4218 Iveland,1 Menn,F60-64 60-64 år,2025,Personer,47
4218 Iveland,1 Menn,F65-69 65-69 år,2025,Personer,43
4218 Iveland,1 Menn,F70-74 70-74 år,2025,Personer,35
4218 Iveland,1 Menn,F75-79 75-79 år,2025,Personer,21
4218 Iveland,1 Menn,F80-84 80-84 år,2025,Personer,14
4218 Iveland,1 Menn,F85-89 85-89 år,2025,Personer,7
4218 Iveland,1 Menn,F90-94 90-94 år,2025,Personer,0
4218 Iveland,1 Menn,F95-99 95-99 år,2025,Personer,1
4218 Iveland,1 Menn,F100G5+ 100 år eller eldre,2025,Personer,0
4219 Evje og Hornnes,2 Kvinner,F00-04 0-4 år,2025,Personer,102
4219 Evje og Hornnes,2 Kvinner,F05-09 5-9 år,2025,Personer,98
4219 Evje og Hornnes,2 Kvinner,F10-14 10-14 år,2025,Personer,123
4219 Evje og Hornnes,2 Kvinner,F15-19 15-19 år,2025,Personer,122
4219 Evje og Hornnes,2 Kvinner,F20-24 20-24 år,2025,Personer,88
4219 Evje og Hornnes,2 Kvinner,F25-29 25-29 år,2025,Personer,111
4219 Evje og Hornnes,2 Kvinner,F30-34 30-34 år,2025,Personer,97
4219 Evje og Hornnes,2 Kvinner,F35-39 35-39 år,2025,Personer,117
4219 Evje og Hornnes,2 Kvinner,F40-44 40-44 år,2025,Personer,142
4219 Evje og Hornnes,2 Kvinner,F45-49 45-49 år,2025,Personer,121
4219 Evje og Hornnes,2 Kvinner,F50-54 50-54 år,2025,Personer,110
4219 Evje og Hornnes,2 Kvinner,F55-59 55-59 år,2025,Personer,132
4219 Evje og Hornnes,2 Kvinner,F60-64 60-64 år,2025,Personer,102
4219 Evje og Hornnes,2 Kvinner,F65-69 65-69 år,2025,Personer,120
4219 Evje og Hornnes,2 Kvinner,F70-74 70-74 år,2025,Personer,117
4219 Evje og Hornnes,2 Kvinner,F75-79 75-79 år,2025,Personer,94
4219 Evje og Hornnes,2 Kvinner,F80-84 80-84 år,2025,Personer,56
4219 Evje og Hornnes,2 Kvinner,F85-89 85-89 år,2025,Personer,32
4219 Evje og Hornnes,2 Kvinner,F90-94 90-94 år,2025,Personer,13
4219 Evje og Hornnes,2 Kvinner,F95-99 95-99 år,2025,Personer,4
4219 Evje og Hornnes,2 Kvinner,F100G5+ 100 år eller eldre,2025,Personer,1
4219 Evje og Hornnes,1 Menn,F00-04 0-4 år,2025,Personer,91
4219 Evje og Hornnes,1 Menn,F05-09 5-9 år,2025,Personer,108
4219 Evje og Hornnes,1 Menn,F10-14 10-14 år,2025,Personer,145
4219 Evje og Hornnes,1 Menn,F15-19 15-19 år,2025,Personer,135
4219 Evje og Hornnes,1 Menn,F20-24 20-24 år,2025,Personer,112
4219 Evje og Hornnes,1 Menn,F25-29 25-29 år,2025,Personer,110
4219 Evje og Hornnes,1 Menn,F30-34 30-34 år,2025,Personer,104
4219 Evje og Hornnes,1 Menn,F35-39 35-39 år,2025,Personer,110
4219 Evje og Hornnes,1 Menn,F40-44 40-44 år,2025,Personer,138
4219 Evje og Hornnes,1 Menn,F45-49 45-49 år,2025,Personer,138
4219 Evje og Hornnes,1 Menn,F50-54 50-54 år,2025,Personer,126
4219 Evje og Hornnes,1 Menn,F55-59 55-59 år,2025,Personer,106
4219 Evje og Hornnes,1 Menn,F60-64 60-64 år,2025,Personer,121
4219 Evje og Hornnes,1 Menn,F65-69 65-69 år,2025,Personer,106
4219 Evje og Hornnes,1 Menn,F70-74 70-74 år,2025,Personer,88
4219 Evje og Hornnes,1 Menn,F75-79 75-79 år,2025,Personer,100
4219 Evje og Hornnes,1 Menn,F80-84 80-84 år,2025,Personer,56
4219 Evje og Hornnes,1 Menn,F85-89 85-89 år,2025,Personer,24
4219 Evje og Hornnes,1 Menn,F90-94 90-94 år,2025,Personer,7
4219 Evje og Hornnes,1 Menn,F95-99 95-99 år,2025,Personer,1
4219 Evje og Hornnes,1 Menn,F100G5+ 100 år eller eldre,2025,Personer,0
4220 Bygland,2 Kvinner,F00-04 0-4 år,2025,Personer,25
4220 Bygland,2 Kvinner,F05-09 5-9 år,2025,Personer,17
4220 Bygland,2 Kvinner,F10-14 10-14 år,2025,Personer,33
4220 Bygland,2 Kvinner,F15-19 15-19 år,2025,Personer,31
4220 Bygland,2 Kvinner,F20-24 20-24 år,2025,Personer,28
4220 Bygland,2 Kvinner,F25-29 25-29 år,2025,Personer,30
4220 Bygland,2 Kvinner,F30-34 30-34 år,2025,Personer,24
4220 Bygland,2 Kvinner,F35-39 35-39 år,2025,Personer,33
4220 Bygland,2 Kvinner,F40-44 40-44 år,2025,Personer,30
4220 Bygland,2 Kvinner,F45-49 45-49 år,2025,Personer,46
4220 Bygland,2 Kvinner,F50-54 50-54 år,2025,Personer,45
4220 Bygland,2 Kvinner,F55-59 55-59 år,2025,Personer,31
4220 Bygland,2 Kvinner,F60-64 60-64 år,2025,Personer,36
4220 Bygland,2 Kvinner,F65-69 65-69 år,2025,Personer,42
4220 Bygland,2 Kvinner,F70-74 70-74 år,2025,Personer,49
4220 Bygland,2 Kvinner,F75-79 75-79 år,2025,Personer,36
4220 Bygland,2 Kvinner,F80-84 80-84 år,2025,Personer,12
4220 Bygland,2 Kvinner,F85-89 85-89 år,2025,Personer,9
4220 Bygland,2 Kvinner,F90-94 90-94 år,2025,Personer,0
4220 Bygland,2 Kvinner,F95-99 95-99 år,2025,Personer,0
4220 Bygland,2 Kvinner,F100G5+ 100 år eller eldre,2025,Personer,1
4220 Bygland,1 Menn,F00-04 0-4 år,2025,Personer,22
4220 Bygland,1 Menn,F05-09 5-9 år,2025,Personer,41
4220 Bygland,1 Menn,F10-14 10-14 år,2025,Personer,26
4220 Bygland,1 Menn,F15-19 15-19 år,2025,Personer,28
4220 Bygland,1 Menn,F20-24 20-24 år,2025,Personer,26
4220 Bygland,1 Menn,F25-29 25-29 år,2025,Personer,21
4220 Bygland,1 Menn,F30-34 30-34 år,2025,Personer,37
4220 Bygland,1 Menn,F35-39 35-39 år,2025,Personer,35
4220 Bygland,1 Menn,F40-44 40-44 år,2025,Personer,35
4220 Bygland,1 Menn,F45-49 45-49 år,2025,Personer,42
4220 Bygland,1 Menn,F50-54 50-54 år,2025,Personer,53
4220 Bygland,1 Menn,F55-59 55-59 år,2025,Personer,43
4220 Bygland,1 Menn,F60-64 60-64 år,2025,Personer,40
4220 Bygland,1 Menn,F65-69 65-69 år,2025,Personer,43
4220 Bygland,1 Menn,F70-74 70-74 år,2025,Personer,48
4220 Bygland,1 Menn,F75-79 75-79 år,2025,Personer,31
4220 Bygland,1 Menn,F80-84 80-84 år,2025,Personer,21
4220 Bygland,1 Menn,F85-89 85-89 år,2025,Personer,8
4220 Bygland,1 Menn,F90-94 90-94 år,2025,Personer,4
4220 Bygland,1 Menn,F95-99 95-99 år,2025,Personer,0
4220 Bygland,1 Menn,F100G5+ 100 år eller eldre,2025,Personer,0
4221 Valle,2 Kvinner,F00-04 0-4 år,2025,Personer,27
4221 Valle,2 Kvinner,F05-09 5-9 år,2025,Personer,33
4221 Valle,2 Kvinner,F10-14 10-14 år,2025,Personer,20
4221 Valle,2 Kvinner,F15-19 15-19 år,2025,Personer,31
4221 Valle,2 Kvinner,F20-24 20-24 år,2025,Personer,37
4221 Valle,2 Kvinner,F25-29 25-29 år,2025,Personer,29
4221 Valle,2 Kvinner,F30-34 30-34 år,2025,Personer,40
4221 Valle,2 Kvinner,F35-39 35-39 år,2025,Personer,27
4221 Valle,2 Kvinner,F40-44 40-44 år,2025,Personer,39
4221 Valle,2 Kvinner,F45-49 45-49 år,2025,Personer,26
4221 Valle,2 Kvinner,F50-54 50-54 år,2025,Personer,46
4221 Valle,2 Kvinner,F55-59 55-59 år,2025,Personer,39
4221 Valle,2 Kvinner,F60-64 60-64 år,2025,Personer,31
4221 Valle,2 Kvinner,F65-69 65-69 år,2025,Personer,43
4221 Valle,2 Kvinner,F70-74 70-74 år,2025,Personer,43
4221 Valle,2 Kvinner,F75-79 75-79 år,2025,Personer,32
4221 Valle,2 Kvinner,F80-84 80-84 år,2025,Personer,22
4221 Valle,2 Kvinner,F85-89 85-89 år,2025,Personer,13
4221 Valle,2 Kvinner,F90-94 90-94 år,2025,Personer,4
4221 Valle,2 Kvinner,F95-99 95-99 år,2025,Personer,1
4221 Valle,2 Kvinner,F100G5+ 100 år eller eldre,2025,Personer,0
4221 Valle,1 Menn,F00-04 0-4 år,2025,Personer,40
4221 Valle,1 Menn,F05-09 5-9 år,2025,Personer,24
4221 Valle,1 Menn,F10-14 10-14 år,2025,Personer,27
4221 Valle,1 Menn,F15-19 15-19 år,2025,Personer,41
4221 Valle,1 Menn,F20-24 20-24 år,2025,Personer,32
4221 Valle,1 Menn,F25-29 25-29 år,2025,Personer,35
4221 Valle,1 Menn,F30-34 30-34 år,2025,Personer,34
4221 Valle,1 Menn,F35-39 35-39 år,2025,Personer,32
4221 Valle,1 Menn,F40-44 40-44 år,2025,Personer,38
4221 Valle,1 Menn,F45-49 45-49 år,2025,Personer,46
4221 Valle,1 Menn,F50-54 50-54 år,2025,Personer,45
4221 Valle,1 Menn,F55-59 55-59 år,2025,Personer,40
4221 Valle,1 Menn,F60-64 60-64 år,2025,Personer,26
4221 Valle,1 Menn,F65-69 65-69 år,2025,Personer,54
4221 Valle,1 Menn,F70-74 70-74 år,2025,Personer,45
4221 Valle,1 Menn,F75-79 75-79 år,2025,Personer,27
4221 Valle,1 Menn,F80-84 80-84 år,2025,Personer,25
4221 Valle,1 Menn,F85-89 85-89 år,2025,Personer,9
4221 Valle,1 Menn,F90-94 90-94 år,2025,Personer,1
4221 Valle,1 Menn,F95-99 95-99 år,2025,Personer,1
4221 Valle,1 Menn,F100G5+ 100 år eller eldre,2025,Personer,0
4222 Bykle,2 Kvinner,F00-04 0-4 år,2025,Personer,26
4222 Bykle,2 Kvinner,F05-09 5-9 år,2025,Personer,27
4222 Bykle,2 Kvinner,F10-14 10-14 år,2025,Personer,28
4222 Bykle,2 Kvinner,F15-19 15-19 år,2025,Personer,21
4222 Bykle,2 Kvinner,F20-24 20-24 år,2025,Personer,19
4222 Bykle,2 Kvinner,F25-29 25-29 år,2025,Personer,39
4222 Bykle,2 Kvinner,F30-34 30-34 år,2025,Personer,37
4222 Bykle,2 Kvinner,F35-39 35-39 år,2025,Personer,32
4222 Bykle,2 Kvinner,F40-44 40-44 år,2025,Personer,32
4222 Bykle,2 Kvinner,F45-49 45-49 år,2025,Personer,41
4222 Bykle,2 Kvinner,F50-54 50-54 år,2025,Personer,43
4222 Bykle,2 Kvinner,F55-59 55-59 år,2025,Personer,41
4222 Bykle,2 Kvinner,F60-64 60-64 år,2025,Personer,34
4222 Bykle,2 Kvinner,F65-69 65-69 år,2025,Personer,24
4222 Bykle,2 Kvinner,F70-74 70-74 år,2025,Personer,25
4222 Bykle,2 Kvinner,F75-79 75-79 år,2025,Personer,15
4222 Bykle,2 Kvinner,F80-84 80-84 år,2025,Personer,14
4222 Bykle,2 Kvinner,F85-89 85-89 år,2025,Personer,9
4222 Bykle,2 Kvinner,F90-94 90-94 år,2025,Personer,3
4222 Bykle,2 Kvinner,F95-99 95-99 år,2025,Personer,0
4222 Bykle,2 Kvinner,F100G5+ 100 år eller eldre,2025,Personer,0
4222 Bykle,1 Menn,F00-04 0-4 år,2025,Personer,21
4222 Bykle,1 Menn,F05-09 5-9 år,2025,Personer,22
4222 Bykle,1 Menn,F10-14 10-14 år,2025,Personer,29
4222 Bykle,1 Menn,F15-19 15-19 år,2025,Personer,29
4222 Bykle,1 Menn,F20-24 20-24 år,2025,Personer,26
4222 Bykle,1 Menn,F25-29 25-29 år,2025,Personer,33
4222 Bykle,1 Menn,F30-34 30-34 år,2025,Personer,34
4222 Bykle,1 Menn,F35-39 35-39 år,2025,Personer,36
4222 Bykle,1 Menn,F40-44 40-44 år,2025,Personer,47
4222 Bykle,1 Menn,F45-49 45-49 år,2025,Personer,41
4222 Bykle,1 Menn,F50-54 50-54 år,2025,Personer,38
4222 Bykle,1 Menn,F55-59 55-59 år,2025,Personer,44
4222 Bykle,1 Menn,F60-64 60-64 år,2025,Personer,39
4222 Bykle,1 Menn,F65-69 65-69 år,2025,Personer,34
4222 Bykle,1 Menn,F70-74 70-74 år,2025,Personer,20
4222 Bykle,1 Menn,F75-79 75-79 år,2025,Personer,21
4222 Bykle,1 Menn,F80-84 80-84 år,2025,Personer,8
4222 Bykle,1 Menn,F85-89 85-89 år,2025,Personer,4
4222 Bykle,1 Menn,F90-94 90-94 år,2025,Personer,2
4222 Bykle,1 Menn,F95-99 95-99 år,2025,Personer,0
4222 Bykle,1 Menn,F100G5+ 100 år eller eldre,2025,Personer,1
4223 Vennesla,2 Kvinner,F00-04 0-4 år,2025,Personer,403
4223 Vennesla,2 Kvinner,F05-09 5-9 år,2025,Personer,454
4223 Vennesla,2 Kvinner,F10-14 10-14 år,2025,Personer,511
4223 Vennesla,2 Kvinner,F15-19 15-19 år,2025,Personer,524
4223 Vennesla,2 Kvinner,F20-24 20-24 år,2025,Personer,398
4223 Vennesla,2 Kvinner,F25-29 25-29 år,2025,Personer,511
4223 Vennesla,2 Kvinner,F30-34 30-34 år,2025,Personer,569
4223 Vennesla,2 Kvinner,F35-39 35-39 år,2025,Personer,531
4223 Vennesla,2 Kvinner,F40-44 40-44 år,2025,Personer,530
4223 Vennesla,2 Kvinner,F45-49 45-49 år,2025,Personer,483
4223 Vennesla,2 Kvinner,F50-54 50-54 år,2025,Personer,493
4223 Vennesla,2 Kvinner,F55-59 55-59 år,2025,Personer,466
4223 Vennesla,2 Kvinner,F60-64 60-64 år,2025,Personer,442
4223 Vennesla,2 Kvinner,F65-69 65-69 år,2025,Personer,387
4223 Vennesla,2 Kvinner,F70-74 70-74 år,2025,Personer,326
4223 Vennesla,2 Kvinner,F75-79 75-79 år,2025,Personer,312
4223 Vennesla,2 Kvinner,F80-84 80-84 år,2025,Personer,203
4223 Vennesla,2 Kvinner,F85-89 85-89 år,2025,Personer,125
4223 Vennesla,2 Kvinner,F90-94 90-94 år,2025,Personer,57
4223 Vennesla,2 Kvinner,F95-99 95-99 år,2025,Personer,18
4223 Vennesla,2 Kvinner,F100G5+ 100 år eller eldre,2025,Personer,0
4223 Vennesla,1 Menn,F00-04 0-4 år,2025,Personer,438
4223 Vennesla,1 Menn,F05-09 5-9 år,2025,Personer,466
4223 Vennesla,1 Menn,F10-14 10-14 år,2025,Personer,533
4223 Vennesla,1 Menn,F15-19 15-19 år,2025,Personer,505
4223 Vennesla,1 Menn,F20-24 20-24 år,2025,Personer,455
4223 Vennesla,1 Menn,F25-29 25-29 år,2025,Personer,562
4223 Vennesla,1 Menn,F30-34 30-34 år,2025,Personer,588
4223 Vennesla,1 Menn,F35-39 35-39 år,2025,Personer,550
4223 Vennesla,1 Menn,F40-44 40-44 år,2025,Personer,554
4223 Vennesla,1 Menn,F45-49 45-49 år,2025,Personer,489
4223 Vennesla,1 Menn,F50-54 50-54 år,2025,Personer,525
4223 Vennesla,1 Menn,F55-59 55-59 år,2025,Personer,519
4223 Vennesla,1 Menn,F60-64 60-64 år,2025,Personer,469
4223 Vennesla,1 Menn,F65-69 65-69 år,2025,Personer,393
4223 Vennesla,1 Menn,F70-74 70-74 år,2025,Personer,317
4223 Vennesla,1 Menn,F75-79 75-79 år,2025,Personer,265
4223 Vennesla,1 Menn,F80-84 80-84 år,2025,Personer,146
4223 Vennesla,1 Menn,F85-89 85-89 år,2025,Personer,73
4223 Vennesla,1 Menn,F90-94 90-94 år,2025,Personer,27
4223 Vennesla,1 Menn,F95-99 95-99 år,2025,Personer,5
4223 Vennesla,1 Menn,F100G5+ 100 år eller eldre,2025,Personer,0
4224 Åseral,2 Kvinner,F00-04 0-4 år,2025,Personer,20
4224 Åseral,2 Kvinner,F05-09 5-9 år,2025,Personer,28
4224 Åseral,2 Kvinner,F10-14 10-14 år,2025,Personer,34
4224 Åseral,2 Kvinner,F15-19 15-19 år,2025,Personer,29
4224 Åseral,2 Kvinner,F20-24 20-24 år,2025,Personer,28
4224 Åseral,2 Kvinner,F25-29 25-29 år,2025,Personer,21
4224 Åseral,2 Kvinner,F30-34 30-34 år,2025,Personer,23
4224 Åseral,2 Kvinner,F35-39 35-39 år,2025,Personer,28
4224 Åseral,2 Kvinner,F40-44 40-44 år,2025,Personer,25
4224 Åseral,2 Kvinner,F45-49 45-49 år,2025,Personer,26
4224 Åseral,2 Kvinner,F50-54 50-54 år,2025,Personer,28
4224 Åseral,2 Kvinner,F55-59 55-59 år,2025,Personer,40
4224 Åseral,2 Kvinner,F60-64 60-64 år,2025,Personer,31
4224 Åseral,2 Kvinner,F65-69 65-69 år,2025,Personer,21
4224 Åseral,2 Kvinner,F70-74 70-74 år,2025,Personer,22
4224 Åseral,2 Kvinner,F75-79 75-79 år,2025,Personer,14
4224 Åseral,2 Kvinner,F80-84 80-84 år,2025,Personer,15
4224 Åseral,2 Kvinner,F85-89 85-89 år,2025,Personer,12
4224 Åseral,2 Kvinner,F90-94 90-94 år,2025,Personer,8
4224 Åseral,2 Kvinner,F95-99 95-99 år,2025,Personer,1
4224 Åseral,2 Kvinner,F100G5+ 100 år eller eldre,2025,Personer,1
4224 Åseral,1 Menn,F00-04 0-4 år,2025,Personer,21
4224 Åseral,1 Menn,F05-09 5-9 år,2025,Personer,20
4224 Åseral,1 Menn,F10-14 10-14 år,2025,Personer,32
4224 Åseral,1 Menn,F15-19 15-19 år,2025,Personer,24
4224 Åseral,1 Menn,F20-24 20-24 år,2025,Personer,33
4224 Åseral,1 Menn,F25-29 25-29 år,2025,Personer,30
4224 Åseral,1 Menn,F30-34 30-34 år,2025,Personer,26
4224 Åseral,1 Menn,F35-39 35-39 år,2025,Personer,20
4224 Åseral,1 Menn,F40-44 40-44 år,2025,Personer,32
4224 Åseral,1 Menn,F45-49 45-49 år,2025,Personer,27
4224 Åseral,1 Menn,F50-54 50-54 år,2025,Personer,26
4224 Åseral,1 Menn,F55-59 55-59 år,2025,Personer,46
4224 Åseral,1 Menn,F60-64 60-64 år,2025,Personer,45
4224 Åseral,1 Menn,F65-69 65-69 år,2025,Personer,32
4224 Åseral,1 Menn,F70-74 70-74 år,2025,Personer,21
4224 Åseral,1 Menn,F75-79 75-79 år,2025,Personer,13
4224 Åseral,1 Menn,F80-84 80-84 år,2025,Personer,5
4224 Åseral,1 Menn,F85-89 85-89 år,2025,Personer,3
4224 Åseral,1 Menn,F90-94 90-94 år,2025,Personer,3
4224 Åseral,1 Menn,F95-99 95-99 år,2025,Personer,1
4224 Åseral,1 Menn,F100G5+ 100 år eller eldre,2025,Personer,0
4225 Lyngdal,2 Kvinner,F00-04 0-4 år,2025,Personer,269
4225 Lyngdal,2 Kvinner,F05-09 5-9 år,2025,Personer,331
4225 Lyngdal,2 Kvinner,F10-14 10-14 år,2025,Personer,359
4225 Lyngdal,2 Kvinner,F15-19 15-19 år,2025,Personer,381
4225 Lyngdal,2 Kvinner,F20-24 20-24 år,2025,Personer,324
4225 Lyngdal,2 Kvinner,F25-29 25-29 år,2025,Personer,308
4225 Lyngdal,2 Kvinner,F30-34 30-34 år,2025,Personer,284
4225 Lyngdal,2 Kvinner,F35-39 35-39 år,2025,Personer,355
4225 Lyngdal,2 Kvinner,F40-44 40-44 år,2025,Personer,359
4225 Lyngdal,2 Kvinner,F45-49 45-49 år,2025,Personer,321
4225 Lyngdal,2 Kvinner,F50-54 50-54 år,2025,Personer,348
4225 Lyngdal,2 Kvinner,F55-59 55-59 år,2025,Personer,334
4225 Lyngdal,2 Kvinner,F60-64 60-64 år,2025,Personer,296
4225 Lyngdal,2 Kvinner,F65-69 65-69 år,2025,Personer,262
4225 Lyngdal,2 Kvinner,F70-74 70-74 år,2025,Personer,280
4225 Lyngdal,2 Kvinner,F75-79 75-79 år,2025,Personer,234
4225 Lyngdal,2 Kvinner,F80-84 80-84 år,2025,Personer,152
4225 Lyngdal,2 Kvinner,F85-89 85-89 år,2025,Personer,106
4225 Lyngdal,2 Kvinner,F90-94 90-94 år,2025,Personer,35
4225 Lyngdal,2 Kvinner,F95-99 95-99 år,2025,Personer,8
4225 Lyngdal,2 Kvinner,F100G5+ 100 år eller eldre,2025,Personer,1
4225 Lyngdal,1 Menn,F00-04 0-4 år,2025,Personer,319
4225 Lyngdal,1 Menn,F05-09 5-9 år,2025,Personer,378
4225 Lyngdal,1 Menn,F10-14 10-14 år,2025,Personer,393
4225 Lyngdal,1 Menn,F15-19 15-19 år,2025,Personer,447
4225 Lyngdal,1 Menn,F20-24 20-24 år,2025,Personer,338
4225 Lyngdal,1 Menn,F25-29 25-29 år,2025,Personer,337
4225 Lyngdal,1 Menn,F30-34 30-34 år,2025,Personer,340
4225 Lyngdal,1 Menn,F35-39 35-39 år,2025,Personer,319
4225 Lyngdal,1 Menn,F40-44 40-44 år,2025,Personer,367
4225 Lyngdal,1 Menn,F45-49 45-49 år,2025,Personer,339
4225 Lyngdal,1 Menn,F50-54 50-54 år,2025,Personer,361
4225 Lyngdal,1 Menn,F55-59 55-59 år,2025,Personer,351
4225 Lyngdal,1 Menn,F60-64 60-64 år,2025,Personer,265
4225 Lyngdal,1 Menn,F65-69 65-69 år,2025,Personer,261
4225 Lyngdal,1 Menn,F70-74 70-74 år,2025,Personer,259
4225 Lyngdal,1 Menn,F75-79 75-79 år,2025,Personer,212
4225 Lyngdal,1 Menn,F80-84 80-84 år,2025,Personer,139
4225 Lyngdal,1 Menn,F85-89 85-89 år,2025,Personer,63
4225 Lyngdal,1 Menn,F90-94 90-94 år,2025,Personer,29
4225 Lyngdal,1 Menn,F95-99 95-99 år,2025,Personer,5
4225 Lyngdal,1 Menn,F100G5+ 100 år eller eldre,2025,Personer,0
4226 Hægebostad,2 Kvinner,F00-04 0-4 år,2025,Personer,37
4226 Hægebostad,2 Kvinner,F05-09 5-9 år,2025,Personer,58
4226 Hægebostad,2 Kvinner,F10-14 10-14 år,2025,Personer,52
4226 Hægebostad,2 Kvinner,F15-19 15-19 år,2025,Personer,60
4226 Hægebostad,2 Kvinner,F20-24 20-24 år,2025,Personer,45
4226 Hægebostad,2 Kvinner,F25-29 25-29 år,2025,Personer,65
4226 Hægebostad,2 Kvinner,F30-34 30-34 år,2025,Personer,45
4226 Hægebostad,2 Kvinner,F35-39 35-39 år,2025,Personer,59
4226 Hægebostad,2 Kvinner,F40-44 40-44 år,2025,Personer,50
4226 Hægebostad,2 Kvinner,F45-49 45-49 år,2025,Personer,51
4226 Hægebostad,2 Kvinner,F50-54 50-54 år,2025,Personer,62
4226 Hægebostad,2 Kvinner,F55-59 55-59 år,2025,Personer,49
4226 Hægebostad,2 Kvinner,F60-64 60-64 år,2025,Personer,47
4226 Hægebostad,2 Kvinner,F65-69 65-69 år,2025,Personer,50
4226 Hægebostad,2 Kvinner,F70-74 70-74 år,2025,Personer,30
4226 Hægebostad,2 Kvinner,F75-79 75-79 år,2025,Personer,32
4226 Hægebostad,2 Kvinner,F80-84 80-84 år,2025,Personer,30
4226 Hægebostad,2 Kvinner,F85-89 85-89 år,2025,Personer,21
4226 Hægebostad,2 Kvinner,F90-94 90-94 år,2025,Personer,8
4226 Hægebostad,2 Kvinner,F95-99 95-99 år,2025,Personer,3
4226 Hægebostad,2 Kvinner,F100G5+ 100 år eller eldre,2025,Personer,0
4226 Hægebostad,1 Menn,F00-04 0-4 år,2025,Personer,59
4226 Hægebostad,1 Menn,F05-09 5-9 år,2025,Personer,67
4226 Hægebostad,1 Menn,F10-14 10-14 år,2025,Personer,63
4226 Hægebostad,1 Menn,F15-19 15-19 år,2025,Personer,50
4226 Hægebostad,1 Menn,F20-24 20-24 år,2025,Personer,59
4226 Hægebostad,1 Menn,F25-29 25-29 år,2025,Personer,49
4226 Hægebostad,1 Menn,F30-34 30-34 år,2025,Personer,55
4226 Hægebostad,1 Menn,F35-39 35-39 år,2025,Personer,62
4226 Hægebostad,1 Menn,F40-44 40-44 år,2025,Personer,57
4226 Hægebostad,1 Menn,F45-49 45-49 år,2025,Personer,71
4226 Hægebostad,1 Menn,F50-54 50-54 år,2025,Personer,66
4226 Hægebostad,1 Menn,F55-59 55-59 år,2025,Personer,66
4226 Hægebostad,1 Menn,F60-64 60-64 år,2025,Personer,52
4226 Hægebostad,1 Menn,F65-69 65-69 år,2025,Personer,39
4226 Hægebostad,1 Menn,F70-74 70-74 år,2025,Personer,47
4226 Hægebostad,1 Menn,F75-79 75-79 år,2025,Personer,35
4226 Hægebostad,1 Menn,F80-84 80-84 år,2025,Personer,16
4226 Hægebostad,1 Menn,F85-89 85-89 år,2025,Personer,17
4226 Hægebostad,1 Menn,F90-94 90-94 år,2025,Personer,1
4226 Hægebostad,1 Menn,F95-99 95-99 år,2025,Personer,1
4226 Hægebostad,1 Menn,F100G5+ 100 år eller eldre,2025,Personer,0
4227 Kvinesdal,2 Kvinner,F00-04 0-4 år,2025,Personer,135
4227 Kvinesdal,2 Kvinner,F05-09 5-9 år,2025,Personer,195
4227 Kvinesdal,2 Kvinner,F10-14 10-14 år,2025,Personer,197
4227 Kvinesdal,2 Kvinner,F15-19 15-19 år,2025,Personer,181
4227 Kvinesdal,2 Kvinner,F20-24 20-24 år,2025,Personer,174
4227 Kvinesdal,2 Kvinner,F25-29 25-29 år,2025,Personer,131
4227 Kvinesdal,2 Kvinner,F30-34 30-34 år,2025,Personer,201
4227 Kvinesdal,2 Kvinner,F35-39 35-39 år,2025,Personer,179
4227 Kvinesdal,2 Kvinner,F40-44 40-44 år,2025,Personer,172
4227 Kvinesdal,2 Kvinner,F45-49 45-49 år,2025,Personer,171
4227 Kvinesdal,2 Kvinner,F50-54 50-54 år,2025,Personer,199
4227 Kvinesdal,2 Kvinner,F55-59 55-59 år,2025,Personer,226
4227 Kvinesdal,2 Kvinner,F60-64 60-64 år,2025,Personer,214
4227 Kvinesdal,2 Kvinner,F65-69 65-69 år,2025,Personer,172
4227 Kvinesdal,2 Kvinner,F70-74 70-74 år,2025,Personer,153
4227 Kvinesdal,2 Kvinner,F75-79 75-79 år,2025,Personer,123
4227 Kvinesdal,2 Kvinner,F80-84 80-84 år,2025,Personer,122
4227 Kvinesdal,2 Kvinner,F85-89 85-89 år,2025,Personer,71
4227 Kvinesdal,2 Kvinner,F90-94 90-94 år,2025,Personer,29
4227 Kvinesdal,2 Kvinner,F95-99 95-99 år,2025,Personer,8
4227 Kvinesdal,2 Kvinner,F100G5+ 100 år eller eldre,2025,Personer,1
4227 Kvinesdal,1 Menn,F00-04 0-4 år,2025,Personer,161
4227 Kvinesdal,1 Menn,F05-09 5-9 år,2025,Personer,172
4227 Kvinesdal,1 Menn,F10-14 10-14 år,2025,Personer,206
4227 Kvinesdal,1 Menn,F15-19 15-19 år,2025,Personer,195
4227 Kvinesdal,1 Menn,F20-24 20-24 år,2025,Personer,175
4227 Kvinesdal,1 Menn,F25-29 25-29 år,2025,Personer,177
4227 Kvinesdal,1 Menn,F30-34 30-34 år,2025,Personer,209
4227 Kvinesdal,1 Menn,F35-39 35-39 år,2025,Personer,213
4227 Kvinesdal,1 Menn,F40-44 40-44 år,2025,Personer,177
4227 Kvinesdal,1 Menn,F45-49 45-49 år,2025,Personer,177
4227 Kvinesdal,1 Menn,F50-54 50-54 år,2025,Personer,219
4227 Kvinesdal,1 Menn,F55-59 55-59 år,2025,Personer,205
4227 Kvinesdal,1 Menn,F60-64 60-64 år,2025,Personer,229
4227 Kvinesdal,1 Menn,F65-69 65-69 år,2025,Personer,189
4227 Kvinesdal,1 Menn,F70-74 70-74 år,2025,Personer,144
4227 Kvinesdal,1 Menn,F75-79 75-79 år,2025,Personer,119
4227 Kvinesdal,1 Menn,F80-84 80-84 år,2025,Personer,82
4227 Kvinesdal,1 Menn,F85-89 85-89 år,2025,Personer,45
4227 Kvinesdal,1 Menn,F90-94 90-94 år,2025,Personer,14
4227 Kvinesdal,1 Menn,F95-99 95-99 år,2025,Personer,1
4227 Kvinesdal,1 Menn,F100G5+ 100 år eller eldre,2025,Personer,0
4228 Sirdal,2 Kvinner,F00-04 0-4 år,2025,Personer,40
4228 Sirdal,2 Kvinner,F05-09 5-9 år,2025,Personer,53
4228 Sirdal,2 Kvinner,F10-14 10-14 år,2025,Personer,54
4228 Sirdal,2 Kvinner,F15-19 15-19 år,2025,Personer,68
4228 Sirdal,2 Kvinner,F20-24 20-24 år,2025,Personer,57
4228 Sirdal,2 Kvinner,F25-29 25-29 år,2025,Personer,65
4228 Sirdal,2 Kvinner,F30-34 30-34 år,2025,Personer,47
4228 Sirdal,2 Kvinner,F35-39 35-39 år,2025,Personer,54
4228 Sirdal,2 Kvinner,F40-44 40-44 år,2025,Personer,58
4228 Sirdal,2 Kvinner,F45-49 45-49 år,2025,Personer,60
4228 Sirdal,2 Kvinner,F50-54 50-54 år,2025,Personer,53
4228 Sirdal,2 Kvinner,F55-59 55-59 år,2025,Personer,64
4228 Sirdal,2 Kvinner,F60-64 60-64 år,2025,Personer,54
4228 Sirdal,2 Kvinner,F65-69 65-69 år,2025,Personer,44
4228 Sirdal,2 Kvinner,F70-74 70-74 år,2025,Personer,40
4228 Sirdal,2 Kvinner,F75-79 75-79 år,2025,Personer,52
4228 Sirdal,2 Kvinner,F80-84 80-84 år,2025,Personer,20
4228 Sirdal,2 Kvinner,F85-89 85-89 år,2025,Personer,14
4228 Sirdal,2 Kvinner,F90-94 90-94 år,2025,Personer,11
4228 Sirdal,2 Kvinner,F95-99 95-99 år,2025,Personer,2
4228 Sirdal,2 Kvinner,F100G5+ 100 år eller eldre,2025,Personer,2
4228 Sirdal,1 Menn,F00-04 0-4 år,2025,Personer,46
4228 Sirdal,1 Menn,F05-09 5-9 år,2025,Personer,48
4228 Sirdal,1 Menn,F10-14 10-14 år,2025,Personer,80
4228 Sirdal,1 Menn,F15-19 15-19 år,2025,Personer,58
4228 Sirdal,1 Menn,F20-24 20-24 år,2025,Personer,64
4228 Sirdal,1 Menn,F25-29 25-29 år,2025,Personer,58
4228 Sirdal,1 Menn,F30-34 30-34 år,2025,Personer,65
4228 Sirdal,1 Menn,F35-39 35-39 år,2025,Personer,64
4228 Sirdal,1 Menn,F40-44 40-44 år,2025,Personer,56
4228 Sirdal,1 Menn,F45-49 45-49 år,2025,Personer,54
4228 Sirdal,1 Menn,F50-54 50-54 år,2025,Personer,79
4228 Sirdal,1 Menn,F55-59 55-59 år,2025,Personer,60
4228 Sirdal,1 Menn,F60-64 60-64 år,2025,Personer,63
4228 Sirdal,1 Menn,F65-69 65-69 år,2025,Personer,55
4228 Sirdal,1 Menn,F70-74 70-74 år,2025,Personer,42
4228 Sirdal,1 Menn,F75-79 75-79 år,2025,Personer,48
4228 Sirdal,1 Menn,F80-84 80-84 år,2025,Personer,27
4228 Sirdal,1 Menn,F85-89 85-89 år,2025,Personer,11
4228 Sirdal,1 Menn,F90-94 90-94 år,2025,Personer,9
4228 Sirdal,1 Menn,F95-99 95-99 år,2025,Personer,3
4228 Sirdal,1 Menn,F100G5+ 100 år eller eldre,2025,Personer,0
1101 Eigersund,2 Kvinner,F00-04 0-4 år,2025,Personer,399
1101 Eigersund,2 Kvinner,F05-09 5-9 år,2025,Personer,444
1101 Eigersund,2 Kvinner,F10-14 10-14 år,2025,Personer,465
1101 Eigersund,2 Kvinner,F15-19 15-19 år,2025,Personer,507
1101 Eigersund,2 Kvinner,F20-24 20-24 år,2025,Personer,388
1101 Eigersund,2 Kvinner,F25-29 25-29 år,2025,Personer,424
1101 Eigersund,2 Kvinner,F30-34 30-34 år,2025,Personer,459
1101 Eigersund,2 Kvinner,F35-39 35-39 år,2025,Personer,460
1101 Eigersund,2 Kvinner,F40-44 40-44 år,2025,Personer,506
1101 Eigersund,2 Kvinner,F45-49 45-49 år,2025,Personer,436
1101 Eigersund,2 Kvinner,F50-54 50-54 år,2025,Personer,531
1101 Eigersund,2 Kvinner,F55-59 55-59 år,2025,Personer,517
1101 Eigersund,2 Kvinner,F60-64 60-64 år,2025,Personer,436
1101 Eigersund,2 Kvinner,F65-69 65-69 år,2025,Personer,447
1101 Eigersund,2 Kvinner,F70-74 70-74 år,2025,Personer,383
1101 Eigersund,2 Kvinner,F75-79 75-79 år,2025,Personer,325
1101 Eigersund,2 Kvinner,F80-84 80-84 år,2025,Personer,230
1101 Eigersund,2 Kvinner,F85-89 85-89 år,2025,Personer,131
1101 Eigersund,2 Kvinner,F90-94 90-94 år,2025,Personer,69
1101 Eigersund,2 Kvinner,F95-99 95-99 år,2025,Personer,15
1101 Eigersund,2 Kvinner,F100G5+ 100 år eller eldre,2025,Personer,0
1101 Eigersund,1 Menn,F00-04 0-4 år,2025,Personer,377
1101 Eigersund,1 Menn,F05-09 5-9 år,2025,Personer,452
1101 Eigersund,1 Menn,F10-14 10-14 år,2025,Personer,507
1101 Eigersund,1 Menn,F15-19 15-19 år,2025,Personer,524
1101 Eigersund,1 Menn,F20-24 20-24 år,2025,Personer,477
1101 Eigersund,1 Menn,F25-29 25-29 år,2025,Personer,463
1101 Eigersund,1 Menn,F30-34 30-34 år,2025,Personer,533
1101 Eigersund,1 Menn,F35-39 35-39 år,2025,Personer,473
1101 Eigersund,1 Menn,F40-44 40-44 år,2025,Personer,532
1101 Eigersund,1 Menn,F45-49 45-49 år,2025,Personer,512
1101 Eigersund,1 Menn,F50-54 50-54 år,2025,Personer,547
1101 Eigersund,1 Menn,F55-59 55-59 år,2025,Personer,522
1101 Eigersund,1 Menn,F60-64 60-64 år,2025,Personer,437
1101 Eigersund,1 Menn,F65-69 65-69 år,2025,Personer,424
1101 Eigersund,1 Menn,F70-74 70-74 år,2025,Personer,406
1101 Eigersund,1 Menn,F75-79 75-79 år,2025,Personer,328
1101 Eigersund,1 Menn,F80-84 80-84 år,2025,Personer,191
1101 Eigersund,1 Menn,F85-89 85-89 år,2025,Personer,67
1101 Eigersund,1 Menn,F90-94 90-94 år,2025,Personer,26
1101 Eigersund,1 Menn,F95-99 95-99 år,2025,Personer,5
1101 Eigersund,1 Menn,F100G5+ 100 år eller eldre,2025,Personer,0
1103 Stavanger,2 Kvinner,F00-04 0-4 år,2025,Personer,3740
1103 Stavanger,2 Kvinner,F05-09 5-9 år,2025,Personer,4250
1103 Stavanger,2 Kvinner,F10-14 10-14 år,2025,Personer,4549
1103 Stavanger,2 Kvinner,F15-19 15-19 år,2025,Personer,4570
1103 Stavanger,2 Kvinner,F20-24 20-24 år,2025,Personer,4794
1103 Stavanger,2 Kvinner,F25-29 25-29 år,2025,Personer,5204
1103 Stavanger,2 Kvinner,F30-34 30-34 år,2025,Personer,5293
1103 Stavanger,2 Kvinner,F35-39 35-39 år,2025,Personer,5621
1103 Stavanger,2 Kvinner,F40-44 40-44 år,2025,Personer,5122
1103 Stavanger,2 Kvinner,F45-49 45-49 år,2025,Personer,4893
1103 Stavanger,2 Kvinner,F50-54 50-54 år,2025,Personer,4941
1103 Stavanger,2 Kvinner,F55-59 55-59 år,2025,Personer,4686
1103 Stavanger,2 Kvinner,F60-64 60-64 år,2025,Personer,4247
1103 Stavanger,2 Kvinner,F65-69 65-69 år,2025,Personer,3665
1103 Stavanger,2 Kvinner,F70-74 70-74 år,2025,Personer,3137
1103 Stavanger,2 Kvinner,F75-79 75-79 år,2025,Personer,2543
1103 Stavanger,2 Kvinner,F80-84 80-84 år,2025,Personer,1734
1103 Stavanger,2 Kvinner,F85-89 85-89 år,2025,Personer,969
1103 Stavanger,2 Kvinner,F90-94 90-94 år,2025,Personer,515
1103 Stavanger,2 Kvinner,F95-99 95-99 år,2025,Personer,171
1103 Stavanger,2 Kvinner,F100G5+ 100 år eller eldre,2025,Personer,20
1103 Stavanger,1 Menn,F00-04 0-4 år,2025,Personer,3965
1103 Stavanger,1 Menn,F05-09 5-9 år,2025,Personer,4411
1103 Stavanger,1 Menn,F10-14 10-14 år,2025,Personer,4694
1103 Stavanger,1 Menn,F15-19 15-19 år,2025,Personer,4803
1103 Stavanger,1 Menn,F20-24 20-24 år,2025,Personer,4803
1103 Stavanger,1 Menn,F25-29 25-29 år,2025,Personer,5548
1103 Stavanger,1 Menn,F30-34 30-34 år,2025,Personer,5526
1103 Stavanger,1 Menn,F35-39 35-39 år,2025,Personer,5609
1103 Stavanger,1 Menn,F40-44 40-44 år,2025,Personer,5508
1103 Stavanger,1 Menn,F45-49 45-49 år,2025,Personer,5324
1103 Stavanger,1 Menn,F50-54 50-54 år,2025,Personer,5027
1103 Stavanger,1 Menn,F55-59 55-59 år,2025,Personer,4706
1103 Stavanger,1 Menn,F60-64 60-64 år,2025,Personer,4195
1103 Stavanger,1 Menn,F65-69 65-69 år,2025,Personer,3536
1103 Stavanger,1 Menn,F70-74 70-74 år,2025,Personer,3047
1103 Stavanger,1 Menn,F75-79 75-79 år,2025,Personer,2411
1103 Stavanger,1 Menn,F80-84 80-84 år,2025,Personer,1370
1103 Stavanger,1 Menn,F85-89 85-89 år,2025,Personer,670
1103 Stavanger,1 Menn,F90-94 90-94 år,2025,Personer,244
1103 Stavanger,1 Menn,F95-99 95-99 år,2025,Personer,59
1103 Stavanger,1 Menn,F100G5+ 100 år eller eldre,2025,Personer,3
1106 Haugesund,2 Kvinner,F00-04 0-4 år,2025,Personer,910
1106 Haugesund,2 Kvinner,F05-09 5-9 år,2025,Personer,901
1106 Haugesund,2 Kvinner,F10-14 10-14 år,2025,Personer,1105
1106 Haugesund,2 Kvinner,F15-19 15-19 år,2025,Personer,1138
1106 Haugesund,2 Kvinner,F20-24 20-24 år,2025,Personer,1136
1106 Haugesund,2 Kvinner,F25-29 25-29 år,2025,Personer,1082
1106 Haugesund,2 Kvinner,F30-34 30-34 år,2025,Personer,1133
1106 Haugesund,2 Kvinner,F35-39 35-39 år,2025,Personer,1276
1106 Haugesund,2 Kvinner,F40-44 40-44 år,2025,Personer,1288
1106 Haugesund,2 Kvinner,F45-49 45-49 år,2025,Personer,1300
1106 Haugesund,2 Kvinner,F50-54 50-54 år,2025,Personer,1324
1106 Haugesund,2 Kvinner,F55-59 55-59 år,2025,Personer,1262
1106 Haugesund,2 Kvinner,F60-64 60-64 år,2025,Personer,1060
1106 Haugesund,2 Kvinner,F65-69 65-69 år,2025,Personer,1044
1106 Haugesund,2 Kvinner,F70-74 70-74 år,2025,Personer,978
1106 Haugesund,2 Kvinner,F75-79 75-79 år,2025,Personer,824
1106 Haugesund,2 Kvinner,F80-84 80-84 år,2025,Personer,500
1106 Haugesund,2 Kvinner,F85-89 85-89 år,2025,Personer,331
1106 Haugesund,2 Kvinner,F90-94 90-94 år,2025,Personer,167
1106 Haugesund,2 Kvinner,F95-99 95-99 år,2025,Personer,58
1106 Haugesund,2 Kvinner,F100G5+ 100 år eller eldre,2025,Personer,8
1106 Haugesund,1 Menn,F00-04 0-4 år,2025,Personer,913
1106 Haugesund,1 Menn,F05-09 5-9 år,2025,Personer,1051
1106 Haugesund,1 Menn,F10-14 10-14 år,2025,Personer,1101
1106 Haugesund,1 Menn,F15-19 15-19 år,2025,Personer,1262
1106 Haugesund,1 Menn,F20-24 20-24 år,2025,Personer,1228
1106 Haugesund,1 Menn,F25-29 25-29 år,2025,Personer,1247
1106 Haugesund,1 Menn,F30-34 30-34 år,2025,Personer,1332
1106 Haugesund,1 Menn,F35-39 35-39 år,2025,Personer,1381
1106 Haugesund,1 Menn,F40-44 40-44 år,2025,Personer,1413
1106 Haugesund,1 Menn,F45-49 45-49 år,2025,Personer,1436
1106 Haugesund,1 Menn,F50-54 50-54 år,2025,Personer,1451
1106 Haugesund,1 Menn,F55-59 55-59 år,2025,Personer,1378
1106 Haugesund,1 Menn,F60-64 60-64 år,2025,Personer,1076
1106 Haugesund,1 Menn,F65-69 65-69 år,2025,Personer,1019
1106 Haugesund,1 Menn,F70-74 70-74 år,2025,Personer,876
1106 Haugesund,1 Menn,F75-79 75-79 år,2025,Personer,724
1106 Haugesund,1 Menn,F80-84 80-84 år,2025,Personer,455
1106 Haugesund,1 Menn,F85-89 85-89 år,2025,Personer,194
1106 Haugesund,1 Menn,F90-94 90-94 år,2025,Personer,61
1106 Haugesund,1 Menn,F95-99 95-99 år,2025,Personer,16
1106 Haugesund,1 Menn,F100G5+ 100 år eller eldre,2025,Personer,2
1108 Sandnes,2 Kvinner,F00-04 0-4 år,2025,Personer,2417
1108 Sandnes,2 Kvinner,F05-09 5-9 år,2025,Personer,2750
1108 Sandnes,2 Kvinner,F10-14 10-14 år,2025,Personer,2905
1108 Sandnes,2 Kvinner,F15-19 15-19 år,2025,Personer,2731
1108 Sandnes,2 Kvinner,F20-24 20-24 år,2025,Personer,2325
1108 Sandnes,2 Kvinner,F25-29 25-29 år,2025,Personer,2449
1108 Sandnes,2 Kvinner,F30-34 30-34 år,2025,Personer,3043
1108 Sandnes,2 Kvinner,F35-39 35-39 år,2025,Personer,3344
1108 Sandnes,2 Kvinner,F40-44 40-44 år,2025,Personer,3232
1108 Sandnes,2 Kvinner,F45-49 45-49 år,2025,Personer,2788
1108 Sandnes,2 Kvinner,F50-54 50-54 år,2025,Personer,2679
1108 Sandnes,2 Kvinner,F55-59 55-59 år,2025,Personer,2472
1108 Sandnes,2 Kvinner,F60-64 60-64 år,2025,Personer,2166
1108 Sandnes,2 Kvinner,F65-69 65-69 år,2025,Personer,1924
1108 Sandnes,2 Kvinner,F70-74 70-74 år,2025,Personer,1586
1108 Sandnes,2 Kvinner,F75-79 75-79 år,2025,Personer,1305
1108 Sandnes,2 Kvinner,F80-84 80-84 år,2025,Personer,864
1108 Sandnes,2 Kvinner,F85-89 85-89 år,2025,Personer,480
1108 Sandnes,2 Kvinner,F90-94 90-94 år,2025,Personer,241
1108 Sandnes,2 Kvinner,F95-99 95-99 år,2025,Personer,62
1108 Sandnes,2 Kvinner,F100G5+ 100 år eller eldre,2025,Personer,15
1108 Sandnes,1 Menn,F00-04 0-4 år,2025,Personer,2500
1108 Sandnes,1 Menn,F05-09 5-9 år,2025,Personer,2864
1108 Sandnes,1 Menn,F10-14 10-14 år,2025,Personer,3045
1108 Sandnes,1 Menn,F15-19 15-19 år,2025,Personer,2921
1108 Sandnes,1 Menn,F20-24 20-24 år,2025,Personer,2503
1108 Sandnes,1 Menn,F25-29 25-29 år,2025,Personer,2622
1108 Sandnes,1 Menn,F30-34 30-34 år,2025,Personer,3153
1108 Sandnes,1 Menn,F35-39 35-39 år,2025,Personer,3379
1108 Sandnes,1 Menn,F40-44 40-44 år,2025,Personer,3461
1108 Sandnes,1 Menn,F45-49 45-49 år,2025,Personer,3102
1108 Sandnes,1 Menn,F50-54 50-54 år,2025,Personer,2838
1108 Sandnes,1 Menn,F55-59 55-59 år,2025,Personer,2594
1108 Sandnes,1 Menn,F60-64 60-64 år,2025,Personer,2322
1108 Sandnes,1 Menn,F65-69 65-69 år,2025,Personer,1901
1108 Sandnes,1 Menn,F70-74 70-74 år,2025,Personer,1567
1108 Sandnes,1 Menn,F75-79 75-79 år,2025,Personer,1162
1108 Sandnes,1 Menn,F80-84 80-84 år,2025,Personer,723
1108 Sandnes,1 Menn,F85-89 85-89 år,2025,Personer,325
1108 Sandnes,1 Menn,F90-94 90-94 år,2025,Personer,133
1108 Sandnes,1 Menn,F95-99 95-99 år,2025,Personer,14
1108 Sandnes,1 Menn,F100G5+ 100 år eller eldre,2025,Personer,1
1111 Sokndal,2 Kvinner,F00-04 0-4 år,2025,Personer,91
1111 Sokndal,2 Kvinner,F05-09 5-9 år,2025,Personer,96
1111 Sokndal,2 Kvinner,F10-14 10-14 år,2025,Personer,121
1111 Sokndal,2 Kvinner,F15-19 15-19 år,2025,Personer,121
1111 Sokndal,2 Kvinner,F20-24 20-24 år,2025,Personer,88
1111 Sokndal,2 Kvinner,F25-29 25-29 år,2025,Personer,66
1111 Sokndal,2 Kvinner,F30-34 30-34 år,2025,Personer,99
1111 Sokndal,2 Kvinner,F35-39 35-39 år,2025,Personer,98
1111 Sokndal,2 Kvinner,F40-44 40-44 år,2025,Personer,92
1111 Sokndal,2 Kvinner,F45-49 45-49 år,2025,Personer,110
1111 Sokndal,2 Kvinner,F50-54 50-54 år,2025,Personer,100
1111 Sokndal,2 Kvinner,F55-59 55-59 år,2025,Personer,102
1111 Sokndal,2 Kvinner,F60-64 60-64 år,2025,Personer,99
1111 Sokndal,2 Kvinner,F65-69 65-69 år,2025,Personer,109
1111 Sokndal,2 Kvinner,F70-74 70-74 år,2025,Personer,99
1111 Sokndal,2 Kvinner,F75-79 75-79 år,2025,Personer,72
1111 Sokndal,2 Kvinner,F80-84 80-84 år,2025,Personer,57
1111 Sokndal,2 Kvinner,F85-89 85-89 år,2025,Personer,32
1111 Sokndal,2 Kvinner,F90-94 90-94 år,2025,Personer,23
1111 Sokndal,2 Kvinner,F95-99 95-99 år,2025,Personer,4
1111 Sokndal,2 Kvinner,F100G5+ 100 år eller eldre,2025,Personer,1
1111 Sokndal,1 Menn,F00-04 0-4 år,2025,Personer,82
1111 Sokndal,1 Menn,F05-09 5-9 år,2025,Personer,91
1111 Sokndal,1 Menn,F10-14 10-14 år,2025,Personer,110
1111 Sokndal,1 Menn,F15-19 15-19 år,2025,Personer,138
1111 Sokndal,1 Menn,F20-24 20-24 år,2025,Personer,83
1111 Sokndal,1 Menn,F25-29 25-29 år,2025,Personer,93
1111 Sokndal,1 Menn,F30-34 30-34 år,2025,Personer,104
1111 Sokndal,1 Menn,F35-39 35-39 år,2025,Personer,89
1111 Sokndal,1 Menn,F40-44 40-44 år,2025,Personer,98
1111 Sokndal,1 Menn,F45-49 45-49 år,2025,Personer,105
1111 Sokndal,1 Menn,F50-54 50-54 år,2025,Personer,105
1111 Sokndal,1 Menn,F55-59 55-59 år,2025,Personer,122
1111 Sokndal,1 Menn,F60-64 60-64 år,2025,Personer,118
1111 Sokndal,1 Menn,F65-69 65-69 år,2025,Personer,97
1111 Sokndal,1 Menn,F70-74 70-74 år,2025,Personer,102
1111 Sokndal,1 Menn,F75-79 75-79 år,2025,Personer,82
1111 Sokndal,1 Menn,F80-84 80-84 år,2025,Personer,40
1111 Sokndal,1 Menn,F85-89 85-89 år,2025,Personer,20
1111 Sokndal,1 Menn,F90-94 90-94 år,2025,Personer,11
1111 Sokndal,1 Menn,F95-99 95-99 år,2025,Personer,1
1111 Sokndal,1 Menn,F100G5+ 100 år eller eldre,2025,Personer,0
1112 Lund,2 Kvinner,F00-04 0-4 år,2025,Personer,90
1112 Lund,2 Kvinner,F05-09 5-9 år,2025,Personer,90
1112 Lund,2 Kvinner,F10-14 10-14 år,2025,Personer,118
1112 Lund,2 Kvinner,F15-19 15-19 år,2025,Personer,109
1112 Lund,2 Kvinner,F20-24 20-24 år,2025,Personer,89
1112 Lund,2 Kvinner,F25-29 25-29 år,2025,Personer,72
1112 Lund,2 Kvinner,F30-34 30-34 år,2025,Personer,87
1112 Lund,2 Kvinner,F35-39 35-39 år,2025,Personer,101
1112 Lund,2 Kvinner,F40-44 40-44 år,2025,Personer,98
1112 Lund,2 Kvinner,F45-49 45-49 år,2025,Personer,93
1112 Lund,2 Kvinner,F50-54 50-54 år,2025,Personer,101
1112 Lund,2 Kvinner,F55-59 55-59 år,2025,Personer,114
1112 Lund,2 Kvinner,F60-64 60-64 år,2025,Personer,102
1112 Lund,2 Kvinner,F65-69 65-69 år,2025,Personer,105
1112 Lund,2 Kvinner,F70-74 70-74 år,2025,Personer,76
1112 Lund,2 Kvinner,F75-79 75-79 år,2025,Personer,76
1112 Lund,2 Kvinner,F80-84 80-84 år,2025,Personer,47
1112 Lund,2 Kvinner,F85-89 85-89 år,2025,Personer,34
1112 Lund,2 Kvinner,F90-94 90-94 år,2025,Personer,14
1112 Lund,2 Kvinner,F95-99 95-99 år,2025,Personer,4
1112 Lund,2 Kvinner,F100G5+ 100 år eller eldre,2025,Personer,0
1112 Lund,1 Menn,F00-04 0-4 år,2025,Personer,89
1112 Lund,1 Menn,F05-09 5-9 år,2025,Personer,97
1112 Lund,1 Menn,F10-14 10-14 år,2025,Personer,123
1112 Lund,1 Menn,F15-19 15-19 år,2025,Personer,120
1112 Lund,1 Menn,F20-24 20-24 år,2025,Personer,81
1112 Lund,1 Menn,F25-29 25-29 år,2025,Personer,83
1112 Lund,1 Menn,F30-34 30-34 år,2025,Personer,100
1112 Lund,1 Menn,F35-39 35-39 år,2025,Personer,98
1112 Lund,1 Menn,F40-44 40-44 år,2025,Personer,92
1112 Lund,1 Menn,F45-49 45-49 år,2025,Personer,90
1112 Lund,1 Menn,F50-54 50-54 år,2025,Personer,112
1112 Lund,1 Menn,F55-59 55-59 år,2025,Personer,120
1112 Lund,1 Menn,F60-64 60-64 år,2025,Personer,100
1112 Lund,1 Menn,F65-69 65-69 år,2025,Personer,109
1112 Lund,1 Menn,F70-74 70-74 år,2025,Personer,81
1112 Lund,1 Menn,F75-79 75-79 år,2025,Personer,72
1112 Lund,1 Menn,F80-84 80-84 år,2025,Personer,40
1112 Lund,1 Menn,F85-89 85-89 år,2025,Personer,27
1112 Lund,1 Menn,F90-94 90-94 år,2025,Personer,5
1112 Lund,1 Menn,F95-99 95-99 år,2025,Personer,0
1112 Lund,1 Menn,F100G5+ 100 år eller eldre,2025,Personer,0
1114 Bjerkreim,2 Kvinner,F00-04 0-4 år,2025,Personer,66
1114 Bjerkreim,2 Kvinner,F05-09 5-9 år,2025,Personer,85
1114 Bjerkreim,2 Kvinner,F10-14 10-14 år,2025,Personer,120
1114 Bjerkreim,2 Kvinner,F15-19 15-19 år,2025,Personer,96
1114 Bjerkreim,2 Kvinner,F20-24 20-24 år,2025,Personer,86
1114 Bjerkreim,2 Kvinner,F25-29 25-29 år,2025,Personer,71
1114 Bjerkreim,2 Kvinner,F30-34 30-34 år,2025,Personer,78
1114 Bjerkreim,2 Kvinner,F35-39 35-39 år,2025,Personer,110
1114 Bjerkreim,2 Kvinner,F40-44 40-44 år,2025,Personer,96
1114 Bjerkreim,2 Kvinner,F45-49 45-49 år,2025,Personer,86
1114 Bjerkreim,2 Kvinner,F50-54 50-54 år,2025,Personer,88
1114 Bjerkreim,2 Kvinner,F55-59 55-59 år,2025,Personer,94
1114 Bjerkreim,2 Kvinner,F60-64 60-64 år,2025,Personer,86
1114 Bjerkreim,2 Kvinner,F65-69 65-69 år,2025,Personer,80
1114 Bjerkreim,2 Kvinner,F70-74 70-74 år,2025,Personer,69
1114 Bjerkreim,2 Kvinner,F75-79 75-79 år,2025,Personer,40
1114 Bjerkreim,2 Kvinner,F80-84 80-84 år,2025,Personer,38
1114 Bjerkreim,2 Kvinner,F85-89 85-89 år,2025,Personer,16
1114 Bjerkreim,2 Kvinner,F90-94 90-94 år,2025,Personer,11
1114 Bjerkreim,2 Kvinner,F95-99 95-99 år,2025,Personer,1
1114 Bjerkreim,2 Kvinner,F100G5+ 100 år eller eldre,2025,Personer,0
1114 Bjerkreim,1 Menn,F00-04 0-4 år,2025,Personer,80
1114 Bjerkreim,1 Menn,F05-09 5-9 år,2025,Personer,89
1114 Bjerkreim,1 Menn,F10-14 10-14 år,2025,Personer,102
1114 Bjerkreim,1 Menn,F15-19 15-19 år,2025,Personer,117
1114 Bjerkreim,1 Menn,F20-24 20-24 år,2025,Personer,95
1114 Bjerkreim,1 Menn,F25-29 25-29 år,2025,Personer,84
1114 Bjerkreim,1 Menn,F30-34 30-34 år,2025,Personer,79
1114 Bjerkreim,1 Menn,F35-39 35-39 år,2025,Personer,101
1114 Bjerkreim,1 Menn,F40-44 40-44 år,2025,Personer,107
1114 Bjerkreim,1 Menn,F45-49 45-49 år,2025,Personer,82
1114 Bjerkreim,1 Menn,F50-54 50-54 år,2025,Personer,102
1114 Bjerkreim,1 Menn,F55-59 55-59 år,2025,Personer,100
1114 Bjerkreim,1 Menn,F60-64 60-64 år,2025,Personer,96
1114 Bjerkreim,1 Menn,F65-69 65-69 år,2025,Personer,75
1114 Bjerkreim,1 Menn,F70-74 70-74 år,2025,Personer,77
1114 Bjerkreim,1 Menn,F75-79 75-79 år,2025,Personer,54
1114 Bjerkreim,1 Menn,F80-84 80-84 år,2025,Personer,32
1114 Bjerkreim,1 Menn,F85-89 85-89 år,2025,Personer,15
1114 Bjerkreim,1 Menn,F90-94 90-94 år,2025,Personer,1
1114 Bjerkreim,1 Menn,F95-99 95-99 år,2025,Personer,0
1114 Bjerkreim,1 Menn,F100G5+ 100 år eller eldre,2025,Personer,0
1119 Hå,2 Kvinner,F00-04 0-4 år,2025,Personer,621
1119 Hå,2 Kvinner,F05-09 5-9 år,2025,Personer,635
1119 Hå,2 Kvinner,F10-14 10-14 år,2025,Personer,761
1119 Hå,2 Kvinner,F15-19 15-19 år,2025,Personer,713
1119 Hå,2 Kvinner,F20-24 20-24 år,2025,Personer,555
1119 Hå,2 Kvinner,F25-29 25-29 år,2025,Personer,570
1119 Hå,2 Kvinner,F30-34 30-34 år,2025,Personer,627
1119 Hå,2 Kvinner,F35-39 35-39 år,2025,Personer,690
1119 Hå,2 Kvinner,F40-44 40-44 år,2025,Personer,688
1119 Hå,2 Kvinner,F45-49 45-49 år,2025,Personer,621
1119 Hå,2 Kvinner,F50-54 50-54 år,2025,Personer,568
1119 Hå,2 Kvinner,F55-59 55-59 år,2025,Personer,568
1119 Hå,2 Kvinner,F60-64 60-64 år,2025,Personer,496
1119 Hå,2 Kvinner,F65-69 65-69 år,2025,Personer,458
1119 Hå,2 Kvinner,F70-74 70-74 år,2025,Personer,437
1119 Hå,2 Kvinner,F75-79 75-79 år,2025,Personer,347
1119 Hå,2 Kvinner,F80-84 80-84 år,2025,Personer,235
1119 Hå,2 Kvinner,F85-89 85-89 år,2025,Personer,127
1119 Hå,2 Kvinner,F90-94 90-94 år,2025,Personer,55
1119 Hå,2 Kvinner,F95-99 95-99 år,2025,Personer,14
1119 Hå,2 Kvinner,F100G5+ 100 år eller eldre,2025,Personer,1
1119 Hå,1 Menn,F00-04 0-4 år,2025,Personer,629
1119 Hå,1 Menn,F05-09 5-9 år,2025,Personer,727
1119 Hå,1 Menn,F10-14 10-14 år,2025,Personer,735
1119 Hå,1 Menn,F15-19 15-19 år,2025,Personer,765
1119 Hå,1 Menn,F20-24 20-24 år,2025,Personer,674
1119 Hå,1 Menn,F25-29 25-29 år,2025,Personer,639
1119 Hå,1 Menn,F30-34 30-34 år,2025,Personer,643
1119 Hå,1 Menn,F35-39 35-39 år,2025,Personer,725
1119 Hå,1 Menn,F40-44 40-44 år,2025,Personer,689
1119 Hå,1 Menn,F45-49 45-49 år,2025,Personer,626
1119 Hå,1 Menn,F50-54 50-54 år,2025,Personer,689
1119 Hå,1 Menn,F55-59 55-59 år,2025,Personer,625
1119 Hå,1 Menn,F60-64 60-64 år,2025,Personer,560
1119 Hå,1 Menn,F65-69 65-69 år,2025,Personer,467
1119 Hå,1 Menn,F70-74 70-74 år,2025,Personer,414
1119 Hå,1 Menn,F75-79 75-79 år,2025,Personer,333
1119 Hå,1 Menn,F80-84 80-84 år,2025,Personer,179
1119 Hå,1 Menn,F85-89 85-89 år,2025,Personer,114
1119 Hå,1 Menn,F90-94 90-94 år,2025,Personer,43
1119 Hå,1 Menn,F95-99 95-99 år,2025,Personer,4
1119 Hå,1 Menn,F100G5+ 100 år eller eldre,2025,Personer,0
1120 Klepp,2 Kvinner,F00-04 0-4 år,2025,Personer,640
1120 Klepp,2 Kvinner,F05-09 5-9 år,2025,Personer,612
1120 Klepp,2 Kvinner,F10-14 10-14 år,2025,Personer,715
1120 Klepp,2 Kvinner,F15-19 15-19 år,2025,Personer,740
1120 Klepp,2 Kvinner,F20-24 20-24 år,2025,Personer,589
1120 Klepp,2 Kvinner,F25-29 25-29 år,2025,Personer,679
1120 Klepp,2 Kvinner,F30-34 30-34 år,2025,Personer,779
1120 Klepp,2 Kvinner,F35-39 35-39 år,2025,Personer,747
1120 Klepp,2 Kvinner,F40-44 40-44 år,2025,Personer,748
1120 Klepp,2 Kvinner,F45-49 45-49 år,2025,Personer,691
1120 Klepp,2 Kvinner,F50-54 50-54 år,2025,Personer,667
1120 Klepp,2 Kvinner,F55-59 55-59 år,2025,Personer,690
1120 Klepp,2 Kvinner,F60-64 60-64 år,2025,Personer,490
1120 Klepp,2 Kvinner,F65-69 65-69 år,2025,Personer,394
1120 Klepp,2 Kvinner,F70-74 70-74 år,2025,Personer,343
1120 Klepp,2 Kvinner,F75-79 75-79 år,2025,Personer,371
1120 Klepp,2 Kvinner,F80-84 80-84 år,2025,Personer,216
1120 Klepp,2 Kvinner,F85-89 85-89 år,2025,Personer,121
1120 Klepp,2 Kvinner,F90-94 90-94 år,2025,Personer,44
1120 Klepp,2 Kvinner,F95-99 95-99 år,2025,Personer,11
1120 Klepp,2 Kvinner,F100G5+ 100 år eller eldre,2025,Personer,1
1120 Klepp,1 Menn,F00-04 0-4 år,2025,Personer,662
1120 Klepp,1 Menn,F05-09 5-9 år,2025,Personer,722
1120 Klepp,1 Menn,F10-14 10-14 år,2025,Personer,744
1120 Klepp,1 Menn,F15-19 15-19 år,2025,Personer,798
1120 Klepp,1 Menn,F20-24 20-24 år,2025,Personer,662
1120 Klepp,1 Menn,F25-29 25-29 år,2025,Personer,772
1120 Klepp,1 Menn,F30-34 30-34 år,2025,Personer,814
1120 Klepp,1 Menn,F35-39 35-39 år,2025,Personer,773
1120 Klepp,1 Menn,F40-44 40-44 år,2025,Personer,762
1120 Klepp,1 Menn,F45-49 45-49 år,2025,Personer,752
1120 Klepp,1 Menn,F50-54 50-54 år,2025,Personer,739
1120 Klepp,1 Menn,F55-59 55-59 år,2025,Personer,716
1120 Klepp,1 Menn,F60-64 60-64 år,2025,Personer,529
1120 Klepp,1 Menn,F65-69 65-69 år,2025,Personer,431
1120 Klepp,1 Menn,F70-74 70-74 år,2025,Personer,353
1120 Klepp,1 Menn,F75-79 75-79 år,2025,Personer,337
1120 Klepp,1 Menn,F80-84 80-84 år,2025,Personer,206
1120 Klepp,1 Menn,F85-89 85-89 år,2025,Personer,95
1120 Klepp,1 Menn,F90-94 90-94 år,2025,Personer,25
1120 Klepp,1 Menn,F95-99 95-99 år,2025,Personer,6
1120 Klepp,1 Menn,F100G5+ 100 år eller eldre,2025,Personer,0
1121 Time,2 Kvinner,F00-04 0-4 år,2025,Personer,578
1121 Time,2 Kvinner,F05-09 5-9 år,2025,Personer,617
1121 Time,2 Kvinner,F10-14 10-14 år,2025,Personer,696
1121 Time,2 Kvinner,F15-19 15-19 år,2025,Personer,666
1121 Time,2 Kvinner,F20-24 20-24 år,2025,Personer,550
1121 Time,2 Kvinner,F25-29 25-29 år,2025,Personer,639
1121 Time,2 Kvinner,F30-34 30-34 år,2025,Personer,708
1121 Time,2 Kvinner,F35-39 35-39 år,2025,Personer,682
1121 Time,2 Kvinner,F40-44 40-44 år,2025,Personer,676
1121 Time,2 Kvinner,F45-49 45-49 år,2025,Personer,624
1121 Time,2 Kvinner,F50-54 50-54 år,2025,Personer,609
1121 Time,2 Kvinner,F55-59 55-59 år,2025,Personer,603
1121 Time,2 Kvinner,F60-64 60-64 år,2025,Personer,516
1121 Time,2 Kvinner,F65-69 65-69 år,2025,Personer,514
1121 Time,2 Kvinner,F70-74 70-74 år,2025,Personer,408
1121 Time,2 Kvinner,F75-79 75-79 år,2025,Personer,363
1121 Time,2 Kvinner,F80-84 80-84 år,2025,Personer,219
1121 Time,2 Kvinner,F85-89 85-89 år,2025,Personer,145
1121 Time,2 Kvinner,F90-94 90-94 år,2025,Personer,72
1121 Time,2 Kvinner,F95-99 95-99 år,2025,Personer,13
1121 Time,2 Kvinner,F100G5+ 100 år eller eldre,2025,Personer,1
1121 Time,1 Menn,F00-04 0-4 år,2025,Personer,590
1121 Time,1 Menn,F05-09 5-9 år,2025,Personer,640
1121 Time,1 Menn,F10-14 10-14 år,2025,Personer,772
1121 Time,1 Menn,F15-19 15-19 år,2025,Personer,709
1121 Time,1 Menn,F20-24 20-24 år,2025,Personer,612
1121 Time,1 Menn,F25-29 25-29 år,2025,Personer,661
1121 Time,1 Menn,F30-34 30-34 år,2025,Personer,761
1121 Time,1 Menn,F35-39 35-39 år,2025,Personer,749
1121 Time,1 Menn,F40-44 40-44 år,2025,Personer,734
1121 Time,1 Menn,F45-49 45-49 år,2025,Personer,714
1121 Time,1 Menn,F50-54 50-54 år,2025,Personer,656
1121 Time,1 Menn,F55-59 55-59 år,2025,Personer,597
1121 Time,1 Menn,F60-64 60-64 år,2025,Personer,525
1121 Time,1 Menn,F65-69 65-69 år,2025,Personer,494
1121 Time,1 Menn,F70-74 70-74 år,2025,Personer,411
1121 Time,1 Menn,F75-79 75-79 år,2025,Personer,313
1121 Time,1 Menn,F80-84 80-84 år,2025,Personer,173
1121 Time,1 Menn,F85-89 85-89 år,2025,Personer,102
1121 Time,1 Menn,F90-94 90-94 år,2025,Personer,39
1121 Time,1 Menn,F95-99 95-99 år,2025,Personer,6
1121 Time,1 Menn,F100G5+ 100 år eller eldre,2025,Personer,0
1122 Gjesdal,2 Kvinner,F00-04 0-4 år,2025,Personer,337
1122 Gjesdal,2 Kvinner,F05-09 5-9 år,2025,Personer,479
1122 Gjesdal,2 Kvinner,F10-14 10-14 år,2025,Personer,493
1122 Gjesdal,2 Kvinner,F15-19 15-19 år,2025,Personer,440
1122 Gjesdal,2 Kvinner,F20-24 20-24 år,2025,Personer,328
1122 Gjesdal,2 Kvinner,F25-29 25-29 år,2025,Personer,341
1122 Gjesdal,2 Kvinner,F30-34 30-34 år,2025,Personer,425
1122 Gjesdal,2 Kvinner,F35-39 35-39 år,2025,Personer,499
1122 Gjesdal,2 Kvinner,F40-44 40-44 år,2025,Personer,476
1122 Gjesdal,2 Kvinner,F45-49 45-49 år,2025,Personer,429
1122 Gjesdal,2 Kvinner,F50-54 50-54 år,2025,Personer,352
1122 Gjesdal,2 Kvinner,F55-59 55-59 år,2025,Personer,365
1122 Gjesdal,2 Kvinner,F60-64 60-64 år,2025,Personer,346
1122 Gjesdal,2 Kvinner,F65-69 65-69 år,2025,Personer,270
1122 Gjesdal,2 Kvinner,F70-74 70-74 år,2025,Personer,223
1122 Gjesdal,2 Kvinner,F75-79 75-79 år,2025,Personer,183
1122 Gjesdal,2 Kvinner,F80-84 80-84 år,2025,Personer,105
1122 Gjesdal,2 Kvinner,F85-89 85-89 år,2025,Personer,59
1122 Gjesdal,2 Kvinner,F90-94 90-94 år,2025,Personer,21
1122 Gjesdal,2 Kvinner,F95-99 95-99 år,2025,Personer,10
1122 Gjesdal,2 Kvinner,F100G5+ 100 år eller eldre,2025,Personer,0
1122 Gjesdal,1 Menn,F00-04 0-4 år,2025,Personer,387
1122 Gjesdal,1 Menn,F05-09 5-9 år,2025,Personer,461
1122 Gjesdal,1 Menn,F10-14 10-14 år,2025,Personer,527
1122 Gjesdal,1 Menn,F15-19 15-19 år,2025,Personer,444
1122 Gjesdal,1 Menn,F20-24 20-24 år,2025,Personer,333
1122 Gjesdal,1 Menn,F25-29 25-29 år,2025,Personer,369
1122 Gjesdal,1 Menn,F30-34 30-34 år,2025,Personer,436
1122 Gjesdal,1 Menn,F35-39 35-39 år,2025,Personer,487
1122 Gjesdal,1 Menn,F40-44 40-44 år,2025,Personer,471
1122 Gjesdal,1 Menn,F45-49 45-49 år,2025,Personer,460
1122 Gjesdal,1 Menn,F50-54 50-54 år,2025,Personer,407
1122 Gjesdal,1 Menn,F55-59 55-59 år,2025,Personer,382
1122 Gjesdal,1 Menn,F60-64 60-64 år,2025,Personer,365
1122 Gjesdal,1 Menn,F65-69 65-69 år,2025,Personer,285
1122 Gjesdal,1 Menn,F70-74 70-74 år,2025,Personer,228
1122 Gjesdal,1 Menn,F75-79 75-79 år,2025,Personer,179
1122 Gjesdal,1 Menn,F80-84 80-84 år,2025,Personer,86
1122 Gjesdal,1 Menn,F85-89 85-89 år,2025,Personer,35
1122 Gjesdal,1 Menn,F90-94 90-94 år,2025,Personer,11
1122 Gjesdal,1 Menn,F95-99 95-99 år,2025,Personer,2
1122 Gjesdal,1 Menn,F100G5+ 100 år eller eldre,2025,Personer,0
1124 Sola,2 Kvinner,F00-04 0-4 år,2025,Personer,808
1124 Sola,2 Kvinner,F05-09 5-9 år,2025,Personer,930
1124 Sola,2 Kvinner,F10-14 10-14 år,2025,Personer,967
1124 Sola,2 Kvinner,F15-19 15-19 år,2025,Personer,970
1124 Sola,2 Kvinner,F20-24 20-24 år,2025,Personer,792
1124 Sola,2 Kvinner,F25-29 25-29 år,2025,Personer,869
1124 Sola,2 Kvinner,F30-34 30-34 år,2025,Personer,978
1124 Sola,2 Kvinner,F35-39 35-39 år,2025,Personer,1115
1124 Sola,2 Kvinner,F40-44 40-44 år,2025,Personer,1090
1124 Sola,2 Kvinner,F45-49 45-49 år,2025,Personer,894
1124 Sola,2 Kvinner,F50-54 50-54 år,2025,Personer,920
1124 Sola,2 Kvinner,F55-59 55-59 år,2025,Personer,857
1124 Sola,2 Kvinner,F60-64 60-64 år,2025,Personer,792
1124 Sola,2 Kvinner,F65-69 65-69 år,2025,Personer,617
1124 Sola,2 Kvinner,F70-74 70-74 år,2025,Personer,497
1124 Sola,2 Kvinner,F75-79 75-79 år,2025,Personer,399
1124 Sola,2 Kvinner,F80-84 80-84 år,2025,Personer,315
1124 Sola,2 Kvinner,F85-89 85-89 år,2025,Personer,196
1124 Sola,2 Kvinner,F90-94 90-94 år,2025,Personer,76
1124 Sola,2 Kvinner,F95-99 95-99 år,2025,Personer,25
1124 Sola,2 Kvinner,F100G5+ 100 år eller eldre,2025,Personer,2
1124 Sola,1 Menn,F00-04 0-4 år,2025,Personer,885
1124 Sola,1 Menn,F05-09 5-9 år,2025,Personer,952
1124 Sola,1 Menn,F10-14 10-14 år,2025,Personer,1009
1124 Sola,1 Menn,F15-19 15-19 år,2025,Personer,1010
1124 Sola,1 Menn,F20-24 20-24 år,2025,Personer,877
1124 Sola,1 Menn,F25-29 25-29 år,2025,Personer,970
1124 Sola,1 Menn,F30-34 30-34 år,2025,Personer,1065
1124 Sola,1 Menn,F35-39 35-39 år,2025,Personer,1182
1124 Sola,1 Menn,F40-44 40-44 år,2025,Personer,1143
1124 Sola,1 Menn,F45-49 45-49 år,2025,Personer,1066
1124 Sola,1 Menn,F50-54 50-54 år,2025,Personer,976
1124 Sola,1 Menn,F55-59 55-59 år,2025,Personer,967
1124 Sola,1 Menn,F60-64 60-64 år,2025,Personer,829
1124 Sola,1 Menn,F65-69 65-69 år,2025,Personer,688
1124 Sola,1 Menn,F70-74 70-74 år,2025,Personer,515
1124 Sola,1 Menn,F75-79 75-79 år,2025,Personer,431
1124 Sola,1 Menn,F80-84 80-84 år,2025,Personer,280
1124 Sola,1 Menn,F85-89 85-89 år,2025,Personer,138
1124 Sola,1 Menn,F90-94 90-94 år,2025,Personer,53
1124 Sola,1 Menn,F95-99 95-99 år,2025,Personer,7
1124 Sola,1 Menn,F100G5+ 100 år eller eldre,2025,Personer,1
1127 Randaberg,2 Kvinner,F00-04 0-4 år,2025,Personer,319
1127 Randaberg,2 Kvinner,F05-09 5-9 år,2025,Personer,371
1127 Randaberg,2 Kvinner,F10-14 10-14 år,2025,Personer,407
1127 Randaberg,2 Kvinner,F15-19 15-19 år,2025,Personer,373
1127 Randaberg,2 Kvinner,F20-24 20-24 år,2025,Personer,380
1127 Randaberg,2 Kvinner,F25-29 25-29 år,2025,Personer,319
1127 Randaberg,2 Kvinner,F30-34 30-34 år,2025,Personer,349
1127 Randaberg,2 Kvinner,F35-39 35-39 år,2025,Personer,408
1127 Randaberg,2 Kvinner,F40-44 40-44 år,2025,Personer,406
1127 Randaberg,2 Kvinner,F45-49 45-49 år,2025,Personer,354
1127 Randaberg,2 Kvinner,F50-54 50-54 år,2025,Personer,374
1127 Randaberg,2 Kvinner,F55-59 55-59 år,2025,Personer,429
1127 Randaberg,2 Kvinner,F60-64 60-64 år,2025,Personer,339
1127 Randaberg,2 Kvinner,F65-69 65-69 år,2025,Personer,273
1127 Randaberg,2 Kvinner,F70-74 70-74 år,2025,Personer,223
1127 Randaberg,2 Kvinner,F75-79 75-79 år,2025,Personer,202
1127 Randaberg,2 Kvinner,F80-84 80-84 år,2025,Personer,194
1127 Randaberg,2 Kvinner,F85-89 85-89 år,2025,Personer,87
1127 Randaberg,2 Kvinner,F90-94 90-94 år,2025,Personer,39
1127 Randaberg,2 Kvinner,F95-99 95-99 år,2025,Personer,12
1127 Randaberg,2 Kvinner,F100G5+ 100 år eller eldre,2025,Personer,4
1127 Randaberg,1 Menn,F00-04 0-4 år,2025,Personer,331
1127 Randaberg,1 Menn,F05-09 5-9 år,2025,Personer,389
1127 Randaberg,1 Menn,F10-14 10-14 år,2025,Personer,405
1127 Randaberg,1 Menn,F15-19 15-19 år,2025,Personer,425
1127 Randaberg,1 Menn,F20-24 20-24 år,2025,Personer,386
1127 Randaberg,1 Menn,F25-29 25-29 år,2025,Personer,368
1127 Randaberg,1 Menn,F30-34 30-34 år,2025,Personer,412
1127 Randaberg,1 Menn,F35-39 35-39 år,2025,Personer,363
1127 Randaberg,1 Menn,F40-44 40-44 år,2025,Personer,402
1127 Randaberg,1 Menn,F45-49 45-49 år,2025,Personer,368
1127 Randaberg,1 Menn,F50-54 50-54 år,2025,Personer,350
1127 Randaberg,1 Menn,F55-59 55-59 år,2025,Personer,419
1127 Randaberg,1 Menn,F60-64 60-64 år,2025,Personer,363
1127 Randaberg,1 Menn,F65-69 65-69 år,2025,Personer,284
1127 Randaberg,1 Menn,F70-74 70-74 år,2025,Personer,250
1127 Randaberg,1 Menn,F75-79 75-79 år,2025,Personer,164
1127 Randaberg,1 Menn,F80-84 80-84 år,2025,Personer,147
1127 Randaberg,1 Menn,F85-89 85-89 år,2025,Personer,76
1127 Randaberg,1 Menn,F90-94 90-94 år,2025,Personer,27
1127 Randaberg,1 Menn,F95-99 95-99 år,2025,Personer,4
1127 Randaberg,1 Menn,F100G5+ 100 år eller eldre,2025,Personer,0
1130 Strand,2 Kvinner,F00-04 0-4 år,2025,Personer,399
1130 Strand,2 Kvinner,F05-09 5-9 år,2025,Personer,429
1130 Strand,2 Kvinner,F10-14 10-14 år,2025,Personer,482
1130 Strand,2 Kvinner,F15-19 15-19 år,2025,Personer,465
1130 Strand,2 Kvinner,F20-24 20-24 år,2025,Personer,381
1130 Strand,2 Kvinner,F25-29 25-29 år,2025,Personer,379
1130 Strand,2 Kvinner,F30-34 30-34 år,2025,Personer,443
1130 Strand,2 Kvinner,F35-39 35-39 år,2025,Personer,497
1130 Strand,2 Kvinner,F40-44 40-44 år,2025,Personer,438
1130 Strand,2 Kvinner,F45-49 45-49 år,2025,Personer,438
1130 Strand,2 Kvinner,F50-54 50-54 år,2025,Personer,455
1130 Strand,2 Kvinner,F55-59 55-59 år,2025,Personer,409
1130 Strand,2 Kvinner,F60-64 60-64 år,2025,Personer,349
1130 Strand,2 Kvinner,F65-69 65-69 år,2025,Personer,361
1130 Strand,2 Kvinner,F70-74 70-74 år,2025,Personer,291
1130 Strand,2 Kvinner,F75-79 75-79 år,2025,Personer,249
1130 Strand,2 Kvinner,F80-84 80-84 år,2025,Personer,176
1130 Strand,2 Kvinner,F85-89 85-89 år,2025,Personer,110
1130 Strand,2 Kvinner,F90-94 90-94 år,2025,Personer,43
1130 Strand,2 Kvinner,F95-99 95-99 år,2025,Personer,13
1130 Strand,2 Kvinner,F100G5+ 100 år eller eldre,2025,Personer,1
1130 Strand,1 Menn,F00-04 0-4 år,2025,Personer,446
1130 Strand,1 Menn,F05-09 5-9 år,2025,Personer,472
1130 Strand,1 Menn,F10-14 10-14 år,2025,Personer,510
1130 Strand,1 Menn,F15-19 15-19 år,2025,Personer,508
1130 Strand,1 Menn,F20-24 20-24 år,2025,Personer,439
1130 Strand,1 Menn,F25-29 25-29 år,2025,Personer,380
1130 Strand,1 Menn,F30-34 30-34 år,2025,Personer,455
1130 Strand,1 Menn,F35-39 35-39 år,2025,Personer,489
1130 Strand,1 Menn,F40-44 40-44 år,2025,Personer,476
1130 Strand,1 Menn,F45-49 45-49 år,2025,Personer,411
1130 Strand,1 Menn,F50-54 50-54 år,2025,Personer,481
1130 Strand,1 Menn,F55-59 55-59 år,2025,Personer,411
1130 Strand,1 Menn,F60-64 60-64 år,2025,Personer,370
1130 Strand,1 Menn,F65-69 65-69 år,2025,Personer,344
1130 Strand,1 Menn,F70-74 70-74 år,2025,Personer,290
1130 Strand,1 Menn,F75-79 75-79 år,2025,Personer,247
1130 Strand,1 Menn,F80-84 80-84 år,2025,Personer,158
1130 Strand,1 Menn,F85-89 85-89 år,2025,Personer,83
1130 Strand,1 Menn,F90-94 90-94 år,2025,Personer,32
1130 Strand,1 Menn,F95-99 95-99 år,2025,Personer,3
1130 Strand,1 Menn,F100G5+ 100 år eller eldre,2025,Personer,0
1133 Hjelmeland,2 Kvinner,F00-04 0-4 år,2025,Personer,59
1133 Hjelmeland,2 Kvinner,F05-09 5-9 år,2025,Personer,69
1133 Hjelmeland,2 Kvinner,F10-14 10-14 år,2025,Personer,88
1133 Hjelmeland,2 Kvinner,F15-19 15-19 år,2025,Personer,106
1133 Hjelmeland,2 Kvinner,F20-24 20-24 år,2025,Personer,65
1133 Hjelmeland,2 Kvinner,F25-29 25-29 år,2025,Personer,64
1133 Hjelmeland,2 Kvinner,F30-34 30-34 år,2025,Personer,75
1133 Hjelmeland,2 Kvinner,F35-39 35-39 år,2025,Personer,66
1133 Hjelmeland,2 Kvinner,F40-44 40-44 år,2025,Personer,89
1133 Hjelmeland,2 Kvinner,F45-49 45-49 år,2025,Personer,85
1133 Hjelmeland,2 Kvinner,F50-54 50-54 år,2025,Personer,63
1133 Hjelmeland,2 Kvinner,F55-59 55-59 år,2025,Personer,92
1133 Hjelmeland,2 Kvinner,F60-64 60-64 år,2025,Personer,77
1133 Hjelmeland,2 Kvinner,F65-69 65-69 år,2025,Personer,80
1133 Hjelmeland,2 Kvinner,F70-74 70-74 år,2025,Personer,61
1133 Hjelmeland,2 Kvinner,F75-79 75-79 år,2025,Personer,75
1133 Hjelmeland,2 Kvinner,F80-84 80-84 år,2025,Personer,45
1133 Hjelmeland,2 Kvinner,F85-89 85-89 år,2025,Personer,25
1133 Hjelmeland,2 Kvinner,F90-94 90-94 år,2025,Personer,20
1133 Hjelmeland,2 Kvinner,F95-99 95-99 år,2025,Personer,4
1133 Hjelmeland,2 Kvinner,F100G5+ 100 år eller eldre,2025,Personer,2
1133 Hjelmeland,1 Menn,F00-04 0-4 år,2025,Personer,72
1133 Hjelmeland,1 Menn,F05-09 5-9 år,2025,Personer,84
1133 Hjelmeland,1 Menn,F10-14 10-14 år,2025,Personer,97
1133 Hjelmeland,1 Menn,F15-19 15-19 år,2025,Personer,90
1133 Hjelmeland,1 Menn,F20-24 20-24 år,2025,Personer,71
1133 Hjelmeland,1 Menn,F25-29 25-29 år,2025,Personer,56
1133 Hjelmeland,1 Menn,F30-34 30-34 år,2025,Personer,68
1133 Hjelmeland,1 Menn,F35-39 35-39 år,2025,Personer,86
1133 Hjelmeland,1 Menn,F40-44 40-44 år,2025,Personer,91
1133 Hjelmeland,1 Menn,F45-49 45-49 år,2025,Personer,77
1133 Hjelmeland,1 Menn,F50-54 50-54 år,2025,Personer,94
1133 Hjelmeland,1 Menn,F55-59 55-59 år,2025,Personer,88
1133 Hjelmeland,1 Menn,F60-64 60-64 år,2025,Personer,91
1133 Hjelmeland,1 Menn,F65-69 65-69 år,2025,Personer,79
1133 Hjelmeland,1 Menn,F70-74 70-74 år,2025,Personer,89
1133 Hjelmeland,1 Menn,F75-79 75-79 år,2025,Personer,75
1133 Hjelmeland,1 Menn,F80-84 80-84 år,2025,Personer,34
1133 Hjelmeland,1 Menn,F85-89 85-89 år,2025,Personer,21
1133 Hjelmeland,1 Menn,F90-94 90-94 år,2025,Personer,7
1133 Hjelmeland,1 Menn,F95-99 95-99 år,2025,Personer,1
1133 Hjelmeland,1 Menn,F100G5+ 100 år eller eldre,2025,Personer,0
1134 Suldal,2 Kvinner,F00-04 0-4 år,2025,Personer,91
1134 Suldal,2 Kvinner,F05-09 5-9 år,2025,Personer,122
1134 Suldal,2 Kvinner,F10-14 10-14 år,2025,Personer,129
1134 Suldal,2 Kvinner,F15-19 15-19 år,2025,Personer,148
1134 Suldal,2 Kvinner,F20-24 20-24 år,2025,Personer,82
1134 Suldal,2 Kvinner,F25-29 25-29 år,2025,Personer,83
1134 Suldal,2 Kvinner,F30-34 30-34 år,2025,Personer,106
1134 Suldal,2 Kvinner,F35-39 35-39 år,2025,Personer,119
1134 Suldal,2 Kvinner,F40-44 40-44 år,2025,Personer,110
1134 Suldal,2 Kvinner,F45-49 45-49 år,2025,Personer,122
1134 Suldal,2 Kvinner,F50-54 50-54 år,2025,Personer,118
1134 Suldal,2 Kvinner,F55-59 55-59 år,2025,Personer,134
1134 Suldal,2 Kvinner,F60-64 60-64 år,2025,Personer,116
1134 Suldal,2 Kvinner,F65-69 65-69 år,2025,Personer,110
1134 Suldal,2 Kvinner,F70-74 70-74 år,2025,Personer,121
1134 Suldal,2 Kvinner,F75-79 75-79 år,2025,Personer,101
1134 Suldal,2 Kvinner,F80-84 80-84 år,2025,Personer,67
1134 Suldal,2 Kvinner,F85-89 85-89 år,2025,Personer,41
1134 Suldal,2 Kvinner,F90-94 90-94 år,2025,Personer,20
1134 Suldal,2 Kvinner,F95-99 95-99 år,2025,Personer,4
1134 Suldal,2 Kvinner,F100G5+ 100 år eller eldre,2025,Personer,1
1134 Suldal,1 Menn,F00-04 0-4 år,2025,Personer,113
1134 Suldal,1 Menn,F05-09 5-9 år,2025,Personer,113
1134 Suldal,1 Menn,F10-14 10-14 år,2025,Personer,135
1134 Suldal,1 Menn,F15-19 15-19 år,2025,Personer,148
1134 Suldal,1 Menn,F20-24 20-24 år,2025,Personer,108
1134 Suldal,1 Menn,F25-29 25-29 år,2025,Personer,87
1134 Suldal,1 Menn,F30-34 30-34 år,2025,Personer,105
1134 Suldal,1 Menn,F35-39 35-39 år,2025,Personer,102
1134 Suldal,1 Menn,F40-44 40-44 år,2025,Personer,121
1134 Suldal,1 Menn,F45-49 45-49 år,2025,Personer,127
1134 Suldal,1 Menn,F50-54 50-54 år,2025,Personer,122
1134 Suldal,1 Menn,F55-59 55-59 år,2025,Personer,123
1134 Suldal,1 Menn,F60-64 60-64 år,2025,Personer,135
1134 Suldal,1 Menn,F65-69 65-69 år,2025,Personer,125
1134 Suldal,1 Menn,F70-74 70-74 år,2025,Personer,117
1134 Suldal,1 Menn,F75-79 75-79 år,2025,Personer,112
1134 Suldal,1 Menn,F80-84 80-84 år,2025,Personer,49
1134 Suldal,1 Menn,F85-89 85-89 år,2025,Personer,32
1134 Suldal,1 Menn,F90-94 90-94 år,2025,Personer,19
1134 Suldal,1 Menn,F95-99 95-99 år,2025,Personer,1
1134 Suldal,1 Menn,F100G5+ 100 år eller eldre,2025,Personer,0
1135 Sauda,2 Kvinner,F00-04 0-4 år,2025,Personer,104
1135 Sauda,2 Kvinner,F05-09 5-9 år,2025,Personer,123
1135 Sauda,2 Kvinner,F10-14 10-14 år,2025,Personer,144
1135 Sauda,2 Kvinner,F15-19 15-19 år,2025,Personer,161
1135 Sauda,2 Kvinner,F20-24 20-24 år,2025,Personer,108
1135 Sauda,2 Kvinner,F25-29 25-29 år,2025,Personer,104
1135 Sauda,2 Kvinner,F30-34 30-34 år,2025,Personer,134
1135 Sauda,2 Kvinner,F35-39 35-39 år,2025,Personer,137
1135 Sauda,2 Kvinner,F40-44 40-44 år,2025,Personer,141
1135 Sauda,2 Kvinner,F45-49 45-49 år,2025,Personer,152
1135 Sauda,2 Kvinner,F50-54 50-54 år,2025,Personer,138
1135 Sauda,2 Kvinner,F55-59 55-59 år,2025,Personer,154
1135 Sauda,2 Kvinner,F60-64 60-64 år,2025,Personer,157
1135 Sauda,2 Kvinner,F65-69 65-69 år,2025,Personer,145
1135 Sauda,2 Kvinner,F70-74 70-74 år,2025,Personer,124
1135 Sauda,2 Kvinner,F75-79 75-79 år,2025,Personer,90
1135 Sauda,2 Kvinner,F80-84 80-84 år,2025,Personer,90
1135 Sauda,2 Kvinner,F85-89 85-89 år,2025,Personer,54
1135 Sauda,2 Kvinner,F90-94 90-94 år,2025,Personer,38
1135 Sauda,2 Kvinner,F95-99 95-99 år,2025,Personer,8
1135 Sauda,2 Kvinner,F100G5+ 100 år eller eldre,2025,Personer,0
1135 Sauda,1 Menn,F00-04 0-4 år,2025,Personer,110
1135 Sauda,1 Menn,F05-09 5-9 år,2025,Personer,133
1135 Sauda,1 Menn,F10-14 10-14 år,2025,Personer,154
1135 Sauda,1 Menn,F15-19 15-19 år,2025,Personer,137
1135 Sauda,1 Menn,F20-24 20-24 år,2025,Personer,123
1135 Sauda,1 Menn,F25-29 25-29 år,2025,Personer,115
1135 Sauda,1 Menn,F30-34 30-34 år,2025,Personer,118
1135 Sauda,1 Menn,F35-39 35-39 år,2025,Personer,155
1135 Sauda,1 Menn,F40-44 40-44 år,2025,Personer,149
1135 Sauda,1 Menn,F45-49 45-49 år,2025,Personer,141
1135 Sauda,1 Menn,F50-54 50-54 år,2025,Personer,145
1135 Sauda,1 Menn,F55-59 55-59 år,2025,Personer,160
1135 Sauda,1 Menn,F60-64 60-64 år,2025,Personer,157
1135 Sauda,1 Menn,F65-69 65-69 år,2025,Personer,162
1135 Sauda,1 Menn,F70-74 70-74 år,2025,Personer,122
1135 Sauda,1 Menn,F75-79 75-79 år,2025,Personer,93
1135 Sauda,1 Menn,F80-84 80-84 år,2025,Personer,59
1135 Sauda,1 Menn,F85-89 85-89 år,2025,Personer,39
1135 Sauda,1 Menn,F90-94 90-94 år,2025,Personer,18
1135 Sauda,1 Menn,F95-99 95-99 år,2025,Personer,4
1135 Sauda,1 Menn,F100G5+ 100 år eller eldre,2025,Personer,0
1144 Kvitsøy,2 Kvinner,F00-04 0-4 år,2025,Personer,11
1144 Kvitsøy,2 Kvinner,F05-09 5-9 år,2025,Personer,12
1144 Kvitsøy,2 Kvinner,F10-14 10-14 år,2025,Personer,13
1144 Kvitsøy,2 Kvinner,F15-19 15-19 år,2025,Personer,14
1144 Kvitsøy,2 Kvinner,F20-24 20-24 år,2025,Personer,18
1144 Kvitsøy,2 Kvinner,F25-29 25-29 år,2025,Personer,15
1144 Kvitsøy,2 Kvinner,F30-34 30-34 år,2025,Personer,15
1144 Kvitsøy,2 Kvinner,F35-39 35-39 år,2025,Personer,19
1144 Kvitsøy,2 Kvinner,F40-44 40-44 år,2025,Personer,12
1144 Kvitsøy,2 Kvinner,F45-49 45-49 år,2025,Personer,11
1144 Kvitsøy,2 Kvinner,F50-54 50-54 år,2025,Personer,20
1144 Kvitsøy,2 Kvinner,F55-59 55-59 år,2025,Personer,26
1144 Kvitsøy,2 Kvinner,F60-64 60-64 år,2025,Personer,17
1144 Kvitsøy,2 Kvinner,F65-69 65-69 år,2025,Personer,18
1144 Kvitsøy,2 Kvinner,F70-74 70-74 år,2025,Personer,7
1144 Kvitsøy,2 Kvinner,F75-79 75-79 år,2025,Personer,19
1144 Kvitsøy,2 Kvinner,F80-84 80-84 år,2025,Personer,7
1144 Kvitsøy,2 Kvinner,F85-89 85-89 år,2025,Personer,8
1144 Kvitsøy,2 Kvinner,F90-94 90-94 år,2025,Personer,3
1144 Kvitsøy,2 Kvinner,F95-99 95-99 år,2025,Personer,3
1144 Kvitsøy,2 Kvinner,F100G5+ 100 år eller eldre,2025,Personer,0
1144 Kvitsøy,1 Menn,F00-04 0-4 år,2025,Personer,24
1144 Kvitsøy,1 Menn,F05-09 5-9 år,2025,Personer,16
1144 Kvitsøy,1 Menn,F10-14 10-14 år,2025,Personer,18
1144 Kvitsøy,1 Menn,F15-19 15-19 år,2025,Personer,17
1144 Kvitsøy,1 Menn,F20-24 20-24 år,2025,Personer,17
1144 Kvitsøy,1 Menn,F25-29 25-29 år,2025,Personer,10
1144 Kvitsøy,1 Menn,F30-34 30-34 år,2025,Personer,15
1144 Kvitsøy,1 Menn,F35-39 35-39 år,2025,Personer,18
1144 Kvitsøy,1 Menn,F40-44 40-44 år,2025,Personer,13
1144 Kvitsøy,1 Menn,F45-49 45-49 år,2025,Personer,13
1144 Kvitsøy,1 Menn,F50-54 50-54 år,2025,Personer,20
1144 Kvitsøy,1 Menn,F55-59 55-59 år,2025,Personer,24
1144 Kvitsøy,1 Menn,F60-64 60-64 år,2025,Personer,23
1144 Kvitsøy,1 Menn,F65-69 65-69 år,2025,Personer,21
1144 Kvitsøy,1 Menn,F70-74 70-74 år,2025,Personer,17
1144 Kvitsøy,1 Menn,F75-79 75-79 år,2025,Personer,13
1144 Kvitsøy,1 Menn,F80-84 80-84 år,2025,Personer,12
1144 Kvitsøy,1 Menn,F85-89 85-89 år,2025,Personer,7
1144 Kvitsøy,1 Menn,F90-94 90-94 år,2025,Personer,3
1144 Kvitsøy,1 Menn,F95-99 95-99 år,2025,Personer,1
1144 Kvitsøy,1 Menn,F100G5+ 100 år eller eldre,2025,Personer,0
1145 Bokn,2 Kvinner,F00-04 0-4 år,2025,Personer,22
1145 Bokn,2 Kvinner,F05-09 5-9 år,2025,Personer,23
1145 Bokn,2 Kvinner,F10-14 10-14 år,2025,Personer,20
1145 Bokn,2 Kvinner,F15-19 15-19 år,2025,Personer,19
1145 Bokn,2 Kvinner,F20-24 20-24 år,2025,Personer,30
1145 Bokn,2 Kvinner,F25-29 25-29 år,2025,Personer,20
1145 Bokn,2 Kvinner,F30-34 30-34 år,2025,Personer,26
1145 Bokn,2 Kvinner,F35-39 35-39 år,2025,Personer,23
1145 Bokn,2 Kvinner,F40-44 40-44 år,2025,Personer,23
1145 Bokn,2 Kvinner,F45-49 45-49 år,2025,Personer,27
1145 Bokn,2 Kvinner,F50-54 50-54 år,2025,Personer,40
1145 Bokn,2 Kvinner,F55-59 55-59 år,2025,Personer,29
1145 Bokn,2 Kvinner,F60-64 60-64 år,2025,Personer,21
1145 Bokn,2 Kvinner,F65-69 65-69 år,2025,Personer,26
1145 Bokn,2 Kvinner,F70-74 70-74 år,2025,Personer,25
1145 Bokn,2 Kvinner,F75-79 75-79 år,2025,Personer,19
1145 Bokn,2 Kvinner,F80-84 80-84 år,2025,Personer,16
1145 Bokn,2 Kvinner,F85-89 85-89 år,2025,Personer,10
1145 Bokn,2 Kvinner,F90-94 90-94 år,2025,Personer,10
1145 Bokn,2 Kvinner,F95-99 95-99 år,2025,Personer,2
1145 Bokn,2 Kvinner,F100G5+ 100 år eller eldre,2025,Personer,0
1145 Bokn,1 Menn,F00-04 0-4 år,2025,Personer,19
1145 Bokn,1 Menn,F05-09 5-9 år,2025,Personer,19
1145 Bokn,1 Menn,F10-14 10-14 år,2025,Personer,23
1145 Bokn,1 Menn,F15-19 15-19 år,2025,Personer,33
1145 Bokn,1 Menn,F20-24 20-24 år,2025,Personer,42
1145 Bokn,1 Menn,F25-29 25-29 år,2025,Personer,33
1145 Bokn,1 Menn,F30-34 30-34 år,2025,Personer,27
1145 Bokn,1 Menn,F35-39 35-39 år,2025,Personer,20
1145 Bokn,1 Menn,F40-44 40-44 år,2025,Personer,20
1145 Bokn,1 Menn,F45-49 45-49 år,2025,Personer,26
1145 Bokn,1 Menn,F50-54 50-54 år,2025,Personer,29
1145 Bokn,1 Menn,F55-59 55-59 år,2025,Personer,40
1145 Bokn,1 Menn,F60-64 60-64 år,2025,Personer,32
1145 Bokn,1 Menn,F65-69 65-69 år,2025,Personer,39
1145 Bokn,1 Menn,F70-74 70-74 år,2025,Personer,17
1145 Bokn,1 Menn,F75-79 75-79 år,2025,Personer,19
1145 Bokn,1 Menn,F80-84 80-84 år,2025,Personer,15
1145 Bokn,1 Menn,F85-89 85-89 år,2025,Personer,7
1145 Bokn,1 Menn,F90-94 90-94 år,2025,Personer,2
1145 Bokn,1 Menn,F95-99 95-99 år,2025,Personer,0
1145 Bokn,1 Menn,F100G5+ 100 år eller eldre,2025,Personer,0
1146 Tysvær,2 Kvinner,F00-04 0-4 år,2025,Personer,325
1146 Tysvær,2 Kvinner,F05-09 5-9 år,2025,Personer,391
1146 Tysvær,2 Kvinner,F10-14 10-14 år,2025,Personer,440
1146 Tysvær,2 Kvinner,F15-19 15-19 år,2025,Personer,426
1146 Tysvær,2 Kvinner,F20-24 20-24 år,2025,Personer,291
1146 Tysvær,2 Kvinner,F25-29 25-29 år,2025,Personer,322
1146 Tysvær,2 Kvinner,F30-34 30-34 år,2025,Personer,347
1146 Tysvær,2 Kvinner,F35-39 35-39 år,2025,Personer,400
1146 Tysvær,2 Kvinner,F40-44 40-44 år,2025,Personer,392
1146 Tysvær,2 Kvinner,F45-49 45-49 år,2025,Personer,346
1146 Tysvær,2 Kvinner,F50-54 50-54 år,2025,Personer,352
1146 Tysvær,2 Kvinner,F55-59 55-59 år,2025,Personer,364
1146 Tysvær,2 Kvinner,F60-64 60-64 år,2025,Personer,286
1146 Tysvær,2 Kvinner,F65-69 65-69 år,2025,Personer,287
1146 Tysvær,2 Kvinner,F70-74 70-74 år,2025,Personer,249
1146 Tysvær,2 Kvinner,F75-79 75-79 år,2025,Personer,259
1146 Tysvær,2 Kvinner,F80-84 80-84 år,2025,Personer,163
1146 Tysvær,2 Kvinner,F85-89 85-89 år,2025,Personer,77
1146 Tysvær,2 Kvinner,F90-94 90-94 år,2025,Personer,35
1146 Tysvær,2 Kvinner,F95-99 95-99 år,2025,Personer,5
1146 Tysvær,2 Kvinner,F100G5+ 100 år eller eldre,2025,Personer,3
1146 Tysvær,1 Menn,F00-04 0-4 år,2025,Personer,365
1146 Tysvær,1 Menn,F05-09 5-9 år,2025,Personer,387
1146 Tysvær,1 Menn,F10-14 10-14 år,2025,Personer,425
1146 Tysvær,1 Menn,F15-19 15-19 år,2025,Personer,438
1146 Tysvær,1 Menn,F20-24 20-24 år,2025,Personer,349
1146 Tysvær,1 Menn,F25-29 25-29 år,2025,Personer,325
1146 Tysvær,1 Menn,F30-34 30-34 år,2025,Personer,348
1146 Tysvær,1 Menn,F35-39 35-39 år,2025,Personer,391
1146 Tysvær,1 Menn,F40-44 40-44 år,2025,Personer,402
1146 Tysvær,1 Menn,F45-49 45-49 år,2025,Personer,407
1146 Tysvær,1 Menn,F50-54 50-54 år,2025,Personer,419
1146 Tysvær,1 Menn,F55-59 55-59 år,2025,Personer,371
1146 Tysvær,1 Menn,F60-64 60-64 år,2025,Personer,334
1146 Tysvær,1 Menn,F65-69 65-69 år,2025,Personer,275
1146 Tysvær,1 Menn,F70-74 70-74 år,2025,Personer,252
1146 Tysvær,1 Menn,F75-79 75-79 år,2025,Personer,216
1146 Tysvær,1 Menn,F80-84 80-84 år,2025,Personer,157
1146 Tysvær,1 Menn,F85-89 85-89 år,2025,Personer,68
1146 Tysvær,1 Menn,F90-94 90-94 år,2025,Personer,24
1146 Tysvær,1 Menn,F95-99 95-99 år,2025,Personer,1
1146 Tysvær,1 Menn,F100G5+ 100 år eller eldre,2025,Personer,1
1149 Karmøy,2 Kvinner,F00-04 0-4 år,2025,Personer,1152
1149 Karmøy,2 Kvinner,F05-09 5-9 år,2025,Personer,1239
1149 Karmøy,2 Kvinner,F10-14 10-14 år,2025,Personer,1424
1149 Karmøy,2 Kvinner,F15-19 15-19 år,2025,Personer,1451
1149 Karmøy,2 Kvinner,F20-24 20-24 år,2025,Personer,1144
1149 Karmøy,2 Kvinner,F25-29 25-29 år,2025,Personer,1224
1149 Karmøy,2 Kvinner,F30-34 30-34 år,2025,Personer,1351
1149 Karmøy,2 Kvinner,F35-39 35-39 år,2025,Personer,1410
1149 Karmøy,2 Kvinner,F40-44 40-44 år,2025,Personer,1423
1149 Karmøy,2 Kvinner,F45-49 45-49 år,2025,Personer,1400
1149 Karmøy,2 Kvinner,F50-54 50-54 år,2025,Personer,1451
1149 Karmøy,2 Kvinner,F55-59 55-59 år,2025,Personer,1392
1149 Karmøy,2 Kvinner,F60-64 60-64 år,2025,Personer,1145
1149 Karmøy,2 Kvinner,F65-69 65-69 år,2025,Personer,1146
1149 Karmøy,2 Kvinner,F70-74 70-74 år,2025,Personer,1029
1149 Karmøy,2 Kvinner,F75-79 75-79 år,2025,Personer,913
1149 Karmøy,2 Kvinner,F80-84 80-84 år,2025,Personer,641
1149 Karmøy,2 Kvinner,F85-89 85-89 år,2025,Personer,359
1149 Karmøy,2 Kvinner,F90-94 90-94 år,2025,Personer,166
1149 Karmøy,2 Kvinner,F95-99 95-99 år,2025,Personer,41
1149 Karmøy,2 Kvinner,F100G5+ 100 år eller eldre,2025,Personer,4
1149 Karmøy,1 Menn,F00-04 0-4 år,2025,Personer,1231
1149 Karmøy,1 Menn,F05-09 5-9 år,2025,Personer,1308
1149 Karmøy,1 Menn,F10-14 10-14 år,2025,Personer,1536
1149 Karmøy,1 Menn,F15-19 15-19 år,2025,Personer,1536
1149 Karmøy,1 Menn,F20-24 20-24 år,2025,Personer,1276
1149 Karmøy,1 Menn,F25-29 25-29 år,2025,Personer,1347
1149 Karmøy,1 Menn,F30-34 30-34 år,2025,Personer,1484
1149 Karmøy,1 Menn,F35-39 35-39 år,2025,Personer,1386
1149 Karmøy,1 Menn,F40-44 40-44 år,2025,Personer,1435
1149 Karmøy,1 Menn,F45-49 45-49 år,2025,Personer,1456
1149 Karmøy,1 Menn,F50-54 50-54 år,2025,Personer,1541
1149 Karmøy,1 Menn,F55-59 55-59 år,2025,Personer,1551
1149 Karmøy,1 Menn,F60-64 60-64 år,2025,Personer,1269
1149 Karmøy,1 Menn,F65-69 65-69 år,2025,Personer,1105
1149 Karmøy,1 Menn,F70-74 70-74 år,2025,Personer,1027
1149 Karmøy,1 Menn,F75-79 75-79 år,2025,Personer,817
1149 Karmøy,1 Menn,F80-84 80-84 år,2025,Personer,537
1149 Karmøy,1 Menn,F85-89 85-89 år,2025,Personer,257
1149 Karmøy,1 Menn,F90-94 90-94 år,2025,Personer,99
1149 Karmøy,1 Menn,F95-99 95-99 år,2025,Personer,16
1149 Karmøy,1 Menn,F100G5+ 100 år eller eldre,2025,Personer,4
1151 Utsira,2 Kvinner,F00-04 0-4 år,2025,Personer,2
1151 Utsira,2 Kvinner,F05-09 5-9 år,2025,Personer,4
1151 Utsira,2 Kvinner,F10-14 10-14 år,2025,Personer,5
1151 Utsira,2 Kvinner,F15-19 15-19 år,2025,Personer,4
1151 Utsira,2 Kvinner,F20-24 20-24 år,2025,Personer,3
1151 Utsira,2 Kvinner,F25-29 25-29 år,2025,Personer,4
1151 Utsira,2 Kvinner,F30-34 30-34 år,2025,Personer,2
1151 Utsira,2 Kvinner,F35-39 35-39 år,2025,Personer,7
1151 Utsira,2 Kvinner,F40-44 40-44 år,2025,Personer,10
1151 Utsira,2 Kvinner,F45-49 45-49 år,2025,Personer,6
1151 Utsira,2 Kvinner,F50-54 50-54 år,2025,Personer,3
1151 Utsira,2 Kvinner,F55-59 55-59 år,2025,Personer,7
1151 Utsira,2 Kvinner,F60-64 60-64 år,2025,Personer,12
1151 Utsira,2 Kvinner,F65-69 65-69 år,2025,Personer,10
1151 Utsira,2 Kvinner,F70-74 70-74 år,2025,Personer,6
1151 Utsira,2 Kvinner,F75-79 75-79 år,2025,Personer,3
1151 Utsira,2 Kvinner,F80-84 80-84 år,2025,Personer,6
1151 Utsira,2 Kvinner,F85-89 85-89 år,2025,Personer,2
1151 Utsira,2 Kvinner,F90-94 90-94 år,2025,Personer,2
1151 Utsira,2 Kvinner,F95-99 95-99 år,2025,Personer,0
1151 Utsira,2 Kvinner,F100G5+ 100 år eller eldre,2025,Personer,0
1151 Utsira,1 Menn,F00-04 0-4 år,2025,Personer,0
1151 Utsira,1 Menn,F05-09 5-9 år,2025,Personer,7
1151 Utsira,1 Menn,F10-14 10-14 år,2025,Personer,12
1151 Utsira,1 Menn,F15-19 15-19 år,2025,Personer,3
1151 Utsira,1 Menn,F20-24 20-24 år,2025,Personer,11
1151 Utsira,1 Menn,F25-29 25-29 år,2025,Personer,8
1151 Utsira,1 Menn,F30-34 30-34 år,2025,Personer,2
1151 Utsira,1 Menn,F35-39 35-39 år,2025,Personer,5
1151 Utsira,1 Menn,F40-44 40-44 år,2025,Personer,4
1151 Utsira,1 Menn,F45-49 45-49 år,2025,Personer,11
1151 Utsira,1 Menn,F50-54 50-54 år,2025,Personer,8
1151 Utsira,1 Menn,F55-59 55-59 år,2025,Personer,8
1151 Utsira,1 Menn,F60-64 60-64 år,2025,Personer,14
1151 Utsira,1 Menn,F65-69 65-69 år,2025,Personer,8
1151 Utsira,1 Menn,F70-74 70-74 år,2025,Personer,8
1151 Utsira,1 Menn,F75-79 75-79 år,2025,Personer,3
1151 Utsira,1 Menn,F80-84 80-84 år,2025,Personer,3
1151 Utsira,1 Menn,F85-89 85-89 år,2025,Personer,2
1151 Utsira,1 Menn,F90-94 90-94 år,2025,Personer,2
1151 Utsira,1 Menn,F95-99 95-99 år,2025,Personer,0
1151 Utsira,1 Menn,F100G5+ 100 år eller eldre,2025,Personer,0
1160 Vindafjord,2 Kvinner,F00-04 0-4 år,2025,Personer,261
1160 Vindafjord,2 Kvinner,F05-09 5-9 år,2025,Personer,268
1160 Vindafjord,2 Kvinner,F10-14 10-14 år,2025,Personer,298
1160 Vindafjord,2 Kvinner,F15-19 15-19 år,2025,Personer,306
1160 Vindafjord,2 Kvinner,F20-24 20-24 år,2025,Personer,254
1160 Vindafjord,2 Kvinner,F25-29 25-29 år,2025,Personer,235
1160 Vindafjord,2 Kvinner,F30-34 30-34 år,2025,Personer,260
1160 Vindafjord,2 Kvinner,F35-39 35-39 år,2025,Personer,254
1160 Vindafjord,2 Kvinner,F40-44 40-44 år,2025,Personer,278
1160 Vindafjord,2 Kvinner,F45-49 45-49 år,2025,Personer,265
1160 Vindafjord,2 Kvinner,F50-54 50-54 år,2025,Personer,255
1160 Vindafjord,2 Kvinner,F55-59 55-59 år,2025,Personer,268
1160 Vindafjord,2 Kvinner,F60-64 60-64 år,2025,Personer,274
1160 Vindafjord,2 Kvinner,F65-69 65-69 år,2025,Personer,254
1160 Vindafjord,2 Kvinner,F70-74 70-74 år,2025,Personer,197
1160 Vindafjord,2 Kvinner,F75-79 75-79 år,2025,Personer,172
1160 Vindafjord,2 Kvinner,F80-84 80-84 år,2025,Personer,130
1160 Vindafjord,2 Kvinner,F85-89 85-89 år,2025,Personer,84
1160 Vindafjord,2 Kvinner,F90-94 90-94 år,2025,Personer,64
1160 Vindafjord,2 Kvinner,F95-99 95-99 år,2025,Personer,19
1160 Vindafjord,2 Kvinner,F100G5+ 100 år eller eldre,2025,Personer,3
1160 Vindafjord,1 Menn,F00-04 0-4 år,2025,Personer,214
1160 Vindafjord,1 Menn,F05-09 5-9 år,2025,Personer,268
1160 Vindafjord,1 Menn,F10-14 10-14 år,2025,Personer,303
1160 Vindafjord,1 Menn,F15-19 15-19 år,2025,Personer,274
1160 Vindafjord,1 Menn,F20-24 20-24 år,2025,Personer,273
1160 Vindafjord,1 Menn,F25-29 25-29 år,2025,Personer,268
1160 Vindafjord,1 Menn,F30-34 30-34 år,2025,Personer,291
1160 Vindafjord,1 Menn,F35-39 35-39 år,2025,Personer,334
1160 Vindafjord,1 Menn,F40-44 40-44 år,2025,Personer,310
1160 Vindafjord,1 Menn,F45-49 45-49 år,2025,Personer,308
1160 Vindafjord,1 Menn,F50-54 50-54 år,2025,Personer,301
1160 Vindafjord,1 Menn,F55-59 55-59 år,2025,Personer,305
1160 Vindafjord,1 Menn,F60-64 60-64 år,2025,Personer,319
1160 Vindafjord,1 Menn,F65-69 65-69 år,2025,Personer,273
1160 Vindafjord,1 Menn,F70-74 70-74 år,2025,Personer,254
1160 Vindafjord,1 Menn,F75-79 75-79 år,2025,Personer,185
1160 Vindafjord,1 Menn,F80-84 80-84 år,2025,Personer,90
1160 Vindafjord,1 Menn,F85-89 85-89 år,2025,Personer,64
1160 Vindafjord,1 Menn,F90-94 90-94 år,2025,Personer,30
1160 Vindafjord,1 Menn,F95-99 95-99 år,2025,Personer,6
1160 Vindafjord,1 Menn,F100G5+ 100 år eller eldre,2025,Personer,0
4601 Bergen,2 Kvinner,F00-04 0-4 år,2025,Personer,7106
4601 Bergen,2 Kvinner,F05-09 5-9 år,2025,Personer,7366
4601 Bergen,2 Kvinner,F10-14 10-14 år,2025,Personer,7496
4601 Bergen,2 Kvinner,F15-19 15-19 år,2025,Personer,8053
4601 Bergen,2 Kvinner,F20-24 20-24 år,2025,Personer,11219
4601 Bergen,2 Kvinner,F25-29 25-29 år,2025,Personer,12212
4601 Bergen,2 Kvinner,F30-34 30-34 år,2025,Personer,11297
4601 Bergen,2 Kvinner,F35-39 35-39 år,2025,Personer,10621
4601 Bergen,2 Kvinner,F40-44 40-44 år,2025,Personer,9197
4601 Bergen,2 Kvinner,F45-49 45-49 år,2025,Personer,8839
4601 Bergen,2 Kvinner,F50-54 50-54 år,2025,Personer,9100
4601 Bergen,2 Kvinner,F55-59 55-59 år,2025,Personer,9043
4601 Bergen,2 Kvinner,F60-64 60-64 år,2025,Personer,7921
4601 Bergen,2 Kvinner,F65-69 65-69 år,2025,Personer,6980
4601 Bergen,2 Kvinner,F70-74 70-74 år,2025,Personer,6023
4601 Bergen,2 Kvinner,F75-79 75-79 år,2025,Personer,5649
4601 Bergen,2 Kvinner,F80-84 80-84 år,2025,Personer,3781
4601 Bergen,2 Kvinner,F85-89 85-89 år,2025,Personer,2441
4601 Bergen,2 Kvinner,F90-94 90-94 år,2025,Personer,1291
4601 Bergen,2 Kvinner,F95-99 95-99 år,2025,Personer,419
4601 Bergen,2 Kvinner,F100G5+ 100 år eller eldre,2025,Personer,71
4601 Bergen,1 Menn,F00-04 0-4 år,2025,Personer,7609
4601 Bergen,1 Menn,F05-09 5-9 år,2025,Personer,7865
4601 Bergen,1 Menn,F10-14 10-14 år,2025,Personer,7997
4601 Bergen,1 Menn,F15-19 15-19 år,2025,Personer,8251
4601 Bergen,1 Menn,F20-24 20-24 år,2025,Personer,10768
4601 Bergen,1 Menn,F25-29 25-29 år,2025,Personer,12672
4601 Bergen,1 Menn,F30-34 30-34 år,2025,Personer,12010
4601 Bergen,1 Menn,F35-39 35-39 år,2025,Personer,11428
4601 Bergen,1 Menn,F40-44 40-44 år,2025,Personer,10081
4601 Bergen,1 Menn,F45-49 45-49 år,2025,Personer,9432
4601 Bergen,1 Menn,F50-54 50-54 år,2025,Personer,9621
4601 Bergen,1 Menn,F55-59 55-59 år,2025,Personer,8976
4601 Bergen,1 Menn,F60-64 60-64 år,2025,Personer,8084
4601 Bergen,1 Menn,F65-69 65-69 år,2025,Personer,6988
4601 Bergen,1 Menn,F70-74 70-74 år,2025,Personer,5558
4601 Bergen,1 Menn,F75-79 75-79 år,2025,Personer,4935
4601 Bergen,1 Menn,F80-84 80-84 år,2025,Personer,3002
4601 Bergen,1 Menn,F85-89 85-89 år,2025,Personer,1532
4601 Bergen,1 Menn,F90-94 90-94 år,2025,Personer,625
4601 Bergen,1 Menn,F95-99 95-99 år,2025,Personer,134
4601 Bergen,1 Menn,F100G5+ 100 år eller eldre,2025,Personer,16
4602 Kinn,2 Kvinner,F00-04 0-4 år,2025,Personer,386
4602 Kinn,2 Kvinner,F05-09 5-9 år,2025,Personer,443
4602 Kinn,2 Kvinner,F10-14 10-14 år,2025,Personer,532
4602 Kinn,2 Kvinner,F15-19 15-19 år,2025,Personer,628
4602 Kinn,2 Kvinner,F20-24 20-24 år,2025,Personer,491
4602 Kinn,2 Kvinner,F25-29 25-29 år,2025,Personer,455
4602 Kinn,2 Kvinner,F30-34 30-34 år,2025,Personer,465
4602 Kinn,2 Kvinner,F35-39 35-39 år,2025,Personer,537
4602 Kinn,2 Kvinner,F40-44 40-44 år,2025,Personer,557
4602 Kinn,2 Kvinner,F45-49 45-49 år,2025,Personer,521
4602 Kinn,2 Kvinner,F50-54 50-54 år,2025,Personer,556
4602 Kinn,2 Kvinner,F55-59 55-59 år,2025,Personer,543
4602 Kinn,2 Kvinner,F60-64 60-64 år,2025,Personer,535
4602 Kinn,2 Kvinner,F65-69 65-69 år,2025,Personer,561
4602 Kinn,2 Kvinner,F70-74 70-74 år,2025,Personer,460
4602 Kinn,2 Kvinner,F75-79 75-79 år,2025,Personer,343
4602 Kinn,2 Kvinner,F80-84 80-84 år,2025,Personer,234
4602 Kinn,2 Kvinner,F85-89 85-89 år,2025,Personer,146
4602 Kinn,2 Kvinner,F90-94 90-94 år,2025,Personer,97
4602 Kinn,2 Kvinner,F95-99 95-99 år,2025,Personer,25
4602 Kinn,2 Kvinner,F100G5+ 100 år eller eldre,2025,Personer,2
4602 Kinn,1 Menn,F00-04 0-4 år,2025,Personer,423
4602 Kinn,1 Menn,F05-09 5-9 år,2025,Personer,505
4602 Kinn,1 Menn,F10-14 10-14 år,2025,Personer,586
4602 Kinn,1 Menn,F15-19 15-19 år,2025,Personer,591
4602 Kinn,1 Menn,F20-24 20-24 år,2025,Personer,554
4602 Kinn,1 Menn,F25-29 25-29 år,2025,Personer,512
4602 Kinn,1 Menn,F30-34 30-34 år,2025,Personer,544
4602 Kinn,1 Menn,F35-39 35-39 år,2025,Personer,519
4602 Kinn,1 Menn,F40-44 40-44 år,2025,Personer,572
4602 Kinn,1 Menn,F45-49 45-49 år,2025,Personer,537
4602 Kinn,1 Menn,F50-54 50-54 år,2025,Personer,596
4602 Kinn,1 Menn,F55-59 55-59 år,2025,Personer,607
4602 Kinn,1 Menn,F60-64 60-64 år,2025,Personer,627
4602 Kinn,1 Menn,F65-69 65-69 år,2025,Personer,550
4602 Kinn,1 Menn,F70-74 70-74 år,2025,Personer,469
4602 Kinn,1 Menn,F75-79 75-79 år,2025,Personer,360
4602 Kinn,1 Menn,F80-84 80-84 år,2025,Personer,212
4602 Kinn,1 Menn,F85-89 85-89 år,2025,Personer,83
4602 Kinn,1 Menn,F90-94 90-94 år,2025,Personer,48
4602 Kinn,1 Menn,F95-99 95-99 år,2025,Personer,5
4602 Kinn,1 Menn,F100G5+ 100 år eller eldre,2025,Personer,2
4611 Etne,2 Kvinner,F00-04 0-4 år,2025,Personer,99
4611 Etne,2 Kvinner,F05-09 5-9 år,2025,Personer,120
4611 Etne,2 Kvinner,F10-14 10-14 år,2025,Personer,124
4611 Etne,2 Kvinner,F15-19 15-19 år,2025,Personer,115
4611 Etne,2 Kvinner,F20-24 20-24 år,2025,Personer,120
4611 Etne,2 Kvinner,F25-29 25-29 år,2025,Personer,84
4611 Etne,2 Kvinner,F30-34 30-34 år,2025,Personer,108
4611 Etne,2 Kvinner,F35-39 35-39 år,2025,Personer,111
4611 Etne,2 Kvinner,F40-44 40-44 år,2025,Personer,119
4611 Etne,2 Kvinner,F45-49 45-49 år,2025,Personer,115
4611 Etne,2 Kvinner,F50-54 50-54 år,2025,Personer,133
4611 Etne,2 Kvinner,F55-59 55-59 år,2025,Personer,130
4611 Etne,2 Kvinner,F60-64 60-64 år,2025,Personer,124
4611 Etne,2 Kvinner,F65-69 65-69 år,2025,Personer,114
4611 Etne,2 Kvinner,F70-74 70-74 år,2025,Personer,108
4611 Etne,2 Kvinner,F75-79 75-79 år,2025,Personer,94
4611 Etne,2 Kvinner,F80-84 80-84 år,2025,Personer,90
4611 Etne,2 Kvinner,F85-89 85-89 år,2025,Personer,34
4611 Etne,2 Kvinner,F90-94 90-94 år,2025,Personer,17
4611 Etne,2 Kvinner,F95-99 95-99 år,2025,Personer,11
4611 Etne,2 Kvinner,F100G5+ 100 år eller eldre,2025,Personer,2
4611 Etne,1 Menn,F00-04 0-4 år,2025,Personer,94
4611 Etne,1 Menn,F05-09 5-9 år,2025,Personer,133
4611 Etne,1 Menn,F10-14 10-14 år,2025,Personer,149
4611 Etne,1 Menn,F15-19 15-19 år,2025,Personer,121
4611 Etne,1 Menn,F20-24 20-24 år,2025,Personer,111
4611 Etne,1 Menn,F25-29 25-29 år,2025,Personer,110
4611 Etne,1 Menn,F30-34 30-34 år,2025,Personer,107
4611 Etne,1 Menn,F35-39 35-39 år,2025,Personer,131
4611 Etne,1 Menn,F40-44 40-44 år,2025,Personer,146
4611 Etne,1 Menn,F45-49 45-49 år,2025,Personer,111
4611 Etne,1 Menn,F50-54 50-54 år,2025,Personer,175
4611 Etne,1 Menn,F55-59 55-59 år,2025,Personer,138
4611 Etne,1 Menn,F60-64 60-64 år,2025,Personer,131
4611 Etne,1 Menn,F65-69 65-69 år,2025,Personer,124
4611 Etne,1 Menn,F70-74 70-74 år,2025,Personer,129
4611 Etne,1 Menn,F75-79 75-79 år,2025,Personer,90
4611 Etne,1 Menn,F80-84 80-84 år,2025,Personer,62
4611 Etne,1 Menn,F85-89 85-89 år,2025,Personer,35
4611 Etne,1 Menn,F90-94 90-94 år,2025,Personer,20
4611 Etne,1 Menn,F95-99 95-99 år,2025,Personer,3
4611 Etne,1 Menn,F100G5+ 100 år eller eldre,2025,Personer,1
4612 Sveio,2 Kvinner,F00-04 0-4 år,2025,Personer,119
4612 Sveio,2 Kvinner,F05-09 5-9 år,2025,Personer,154
4612 Sveio,2 Kvinner,F10-14 10-14 år,2025,Personer,198
4612 Sveio,2 Kvinner,F15-19 15-19 år,2025,Personer,185
4612 Sveio,2 Kvinner,F20-24 20-24 år,2025,Personer,150
4612 Sveio,2 Kvinner,F25-29 25-29 år,2025,Personer,125
4612 Sveio,2 Kvinner,F30-34 30-34 år,2025,Personer,163
4612 Sveio,2 Kvinner,F35-39 35-39 år,2025,Personer,181
4612 Sveio,2 Kvinner,F40-44 40-44 år,2025,Personer,178
4612 Sveio,2 Kvinner,F45-49 45-49 år,2025,Personer,197
4612 Sveio,2 Kvinner,F50-54 50-54 år,2025,Personer,162
4612 Sveio,2 Kvinner,F55-59 55-59 år,2025,Personer,174
4612 Sveio,2 Kvinner,F60-64 60-64 år,2025,Personer,149
4612 Sveio,2 Kvinner,F65-69 65-69 år,2025,Personer,172
4612 Sveio,2 Kvinner,F70-74 70-74 år,2025,Personer,157
4612 Sveio,2 Kvinner,F75-79 75-79 år,2025,Personer,113
4612 Sveio,2 Kvinner,F80-84 80-84 år,2025,Personer,69
4612 Sveio,2 Kvinner,F85-89 85-89 år,2025,Personer,35
4612 Sveio,2 Kvinner,F90-94 90-94 år,2025,Personer,34
4612 Sveio,2 Kvinner,F95-99 95-99 år,2025,Personer,3
4612 Sveio,2 Kvinner,F100G5+ 100 år eller eldre,2025,Personer,1
4612 Sveio,1 Menn,F00-04 0-4 år,2025,Personer,152
4612 Sveio,1 Menn,F05-09 5-9 år,2025,Personer,191
4612 Sveio,1 Menn,F10-14 10-14 år,2025,Personer,229
4612 Sveio,1 Menn,F15-19 15-19 år,2025,Personer,215
4612 Sveio,1 Menn,F20-24 20-24 år,2025,Personer,161
4612 Sveio,1 Menn,F25-29 25-29 år,2025,Personer,155
4612 Sveio,1 Menn,F30-34 30-34 år,2025,Personer,170
4612 Sveio,1 Menn,F35-39 35-39 år,2025,Personer,180
4612 Sveio,1 Menn,F40-44 40-44 år,2025,Personer,233
4612 Sveio,1 Menn,F45-49 45-49 år,2025,Personer,179
4612 Sveio,1 Menn,F50-54 50-54 år,2025,Personer,216
4612 Sveio,1 Menn,F55-59 55-59 år,2025,Personer,181
4612 Sveio,1 Menn,F60-64 60-64 år,2025,Personer,187
4612 Sveio,1 Menn,F65-69 65-69 år,2025,Personer,159
4612 Sveio,1 Menn,F70-74 70-74 år,2025,Personer,186
4612 Sveio,1 Menn,F75-79 75-79 år,2025,Personer,122
4612 Sveio,1 Menn,F80-84 80-84 år,2025,Personer,69
4612 Sveio,1 Menn,F85-89 85-89 år,2025,Personer,34
4612 Sveio,1 Menn,F90-94 90-94 år,2025,Personer,11
4612 Sveio,1 Menn,F95-99 95-99 år,2025,Personer,3
4612 Sveio,1 Menn,F100G5+ 100 år eller eldre,2025,Personer,0
4613 Bømlo,2 Kvinner,F00-04 0-4 år,2025,Personer,302
4613 Bømlo,2 Kvinner,F05-09 5-9 år,2025,Personer,344
4613 Bømlo,2 Kvinner,F10-14 10-14 år,2025,Personer,439
4613 Bømlo,2 Kvinner,F15-19 15-19 år,2025,Personer,441
4613 Bømlo,2 Kvinner,F20-24 20-24 år,2025,Personer,331
4613 Bømlo,2 Kvinner,F25-29 25-29 år,2025,Personer,274
4613 Bømlo,2 Kvinner,F30-34 30-34 år,2025,Personer,346
4613 Bømlo,2 Kvinner,F35-39 35-39 år,2025,Personer,389
4613 Bømlo,2 Kvinner,F40-44 40-44 år,2025,Personer,402
4613 Bømlo,2 Kvinner,F45-49 45-49 år,2025,Personer,373
4613 Bømlo,2 Kvinner,F50-54 50-54 år,2025,Personer,421
4613 Bømlo,2 Kvinner,F55-59 55-59 år,2025,Personer,380
4613 Bømlo,2 Kvinner,F60-64 60-64 år,2025,Personer,325
4613 Bømlo,2 Kvinner,F65-69 65-69 år,2025,Personer,329
4613 Bømlo,2 Kvinner,F70-74 70-74 år,2025,Personer,302
4613 Bømlo,2 Kvinner,F75-79 75-79 år,2025,Personer,269
4613 Bømlo,2 Kvinner,F80-84 80-84 år,2025,Personer,174
4613 Bømlo,2 Kvinner,F85-89 85-89 år,2025,Personer,90
4613 Bømlo,2 Kvinner,F90-94 90-94 år,2025,Personer,59
4613 Bømlo,2 Kvinner,F95-99 95-99 år,2025,Personer,20
4613 Bømlo,2 Kvinner,F100G5+ 100 år eller eldre,2025,Personer,9
4613 Bømlo,1 Menn,F00-04 0-4 år,2025,Personer,323
4613 Bømlo,1 Menn,F05-09 5-9 år,2025,Personer,387
4613 Bømlo,1 Menn,F10-14 10-14 år,2025,Personer,426
4613 Bømlo,1 Menn,F15-19 15-19 år,2025,Personer,469
4613 Bømlo,1 Menn,F20-24 20-24 år,2025,Personer,396
4613 Bømlo,1 Menn,F25-29 25-29 år,2025,Personer,346
4613 Bømlo,1 Menn,F30-34 30-34 år,2025,Personer,367
4613 Bømlo,1 Menn,F35-39 35-39 år,2025,Personer,422
4613 Bømlo,1 Menn,F40-44 40-44 år,2025,Personer,405
4613 Bømlo,1 Menn,F45-49 45-49 år,2025,Personer,399
4613 Bømlo,1 Menn,F50-54 50-54 år,2025,Personer,431
4613 Bømlo,1 Menn,F55-59 55-59 år,2025,Personer,408
4613 Bømlo,1 Menn,F60-64 60-64 år,2025,Personer,356
4613 Bømlo,1 Menn,F65-69 65-69 år,2025,Personer,330
4613 Bømlo,1 Menn,F70-74 70-74 år,2025,Personer,344
4613 Bømlo,1 Menn,F75-79 75-79 år,2025,Personer,284
4613 Bømlo,1 Menn,F80-84 80-84 år,2025,Personer,150
4613 Bømlo,1 Menn,F85-89 85-89 år,2025,Personer,68
4613 Bømlo,1 Menn,F90-94 90-94 år,2025,Personer,28
4613 Bømlo,1 Menn,F95-99 95-99 år,2025,Personer,7
4613 Bømlo,1 Menn,F100G5+ 100 år eller eldre,2025,Personer,0
4614 Stord,2 Kvinner,F00-04 0-4 år,2025,Personer,451
4614 Stord,2 Kvinner,F05-09 5-9 år,2025,Personer,582
4614 Stord,2 Kvinner,F10-14 10-14 år,2025,Personer,625
4614 Stord,2 Kvinner,F15-19 15-19 år,2025,Personer,653
4614 Stord,2 Kvinner,F20-24 20-24 år,2025,Personer,520
4614 Stord,2 Kvinner,F25-29 25-29 år,2025,Personer,488
4614 Stord,2 Kvinner,F30-34 30-34 år,2025,Personer,628
4614 Stord,2 Kvinner,F35-39 35-39 år,2025,Personer,623
4614 Stord,2 Kvinner,F40-44 40-44 år,2025,Personer,623
4614 Stord,2 Kvinner,F45-49 45-49 år,2025,Personer,563
4614 Stord,2 Kvinner,F50-54 50-54 år,2025,Personer,635
4614 Stord,2 Kvinner,F55-59 55-59 år,2025,Personer,628
4614 Stord,2 Kvinner,F60-64 60-64 år,2025,Personer,523
4614 Stord,2 Kvinner,F65-69 65-69 år,2025,Personer,453
4614 Stord,2 Kvinner,F70-74 70-74 år,2025,Personer,442
4614 Stord,2 Kvinner,F75-79 75-79 år,2025,Personer,431
4614 Stord,2 Kvinner,F80-84 80-84 år,2025,Personer,291
4614 Stord,2 Kvinner,F85-89 85-89 år,2025,Personer,158
4614 Stord,2 Kvinner,F90-94 90-94 år,2025,Personer,84
4614 Stord,2 Kvinner,F95-99 95-99 år,2025,Personer,27
4614 Stord,2 Kvinner,F100G5+ 100 år eller eldre,2025,Personer,7
4614 Stord,1 Menn,F00-04 0-4 år,2025,Personer,498
4614 Stord,1 Menn,F05-09 5-9 år,2025,Personer,644
4614 Stord,1 Menn,F10-14 10-14 år,2025,Personer,670
4614 Stord,1 Menn,F15-19 15-19 år,2025,Personer,674
4614 Stord,1 Menn,F20-24 20-24 år,2025,Personer,583
4614 Stord,1 Menn,F25-29 25-29 år,2025,Personer,558
4614 Stord,1 Menn,F30-34 30-34 år,2025,Personer,633
4614 Stord,1 Menn,F35-39 35-39 år,2025,Personer,684
4614 Stord,1 Menn,F40-44 40-44 år,2025,Personer,657
4614 Stord,1 Menn,F45-49 45-49 år,2025,Personer,668
4614 Stord,1 Menn,F50-54 50-54 år,2025,Personer,674
4614 Stord,1 Menn,F55-59 55-59 år,2025,Personer,667
4614 Stord,1 Menn,F60-64 60-64 år,2025,Personer,602
4614 Stord,1 Menn,F65-69 65-69 år,2025,Personer,490
4614 Stord,1 Menn,F70-74 70-74 år,2025,Personer,410
4614 Stord,1 Menn,F75-79 75-79 år,2025,Personer,392
4614 Stord,1 Menn,F80-84 80-84 år,2025,Personer,238
4614 Stord,1 Menn,F85-89 85-89 år,2025,Personer,111
4614 Stord,1 Menn,F90-94 90-94 år,2025,Personer,52
4614 Stord,1 Menn,F95-99 95-99 år,2025,Personer,9
4614 Stord,1 Menn,F100G5+ 100 år eller eldre,2025,Personer,1
4615 Fitjar,2 Kvinner,F00-04 0-4 år,2025,Personer,83
4615 Fitjar,2 Kvinner,F05-09 5-9 år,2025,Personer,88
4615 Fitjar,2 Kvinner,F10-14 10-14 år,2025,Personer,95
4615 Fitjar,2 Kvinner,F15-19 15-19 år,2025,Personer,116
4615 Fitjar,2 Kvinner,F20-24 20-24 år,2025,Personer,88
4615 Fitjar,2 Kvinner,F25-29 25-29 år,2025,Personer,70
4615 Fitjar,2 Kvinner,F30-34 30-34 år,2025,Personer,83
4615 Fitjar,2 Kvinner,F35-39 35-39 år,2025,Personer,92
4615 Fitjar,2 Kvinner,F40-44 40-44 år,2025,Personer,103
4615 Fitjar,2 Kvinner,F45-49 45-49 år,2025,Personer,106
4615 Fitjar,2 Kvinner,F50-54 50-54 år,2025,Personer,84
4615 Fitjar,2 Kvinner,F55-59 55-59 år,2025,Personer,87
4615 Fitjar,2 Kvinner,F60-64 60-64 år,2025,Personer,93
4615 Fitjar,2 Kvinner,F65-69 65-69 år,2025,Personer,105
4615 Fitjar,2 Kvinner,F70-74 70-74 år,2025,Personer,95
4615 Fitjar,2 Kvinner,F75-79 75-79 år,2025,Personer,67
4615 Fitjar,2 Kvinner,F80-84 80-84 år,2025,Personer,41
4615 Fitjar,2 Kvinner,F85-89 85-89 år,2025,Personer,22
4615 Fitjar,2 Kvinner,F90-94 90-94 år,2025,Personer,20
4615 Fitjar,2 Kvinner,F95-99 95-99 år,2025,Personer,4
4615 Fitjar,2 Kvinner,F100G5+ 100 år eller eldre,2025,Personer,2
4615 Fitjar,1 Menn,F00-04 0-4 år,2025,Personer,77
4615 Fitjar,1 Menn,F05-09 5-9 år,2025,Personer,99
4615 Fitjar,1 Menn,F10-14 10-14 år,2025,Personer,118
4615 Fitjar,1 Menn,F15-19 15-19 år,2025,Personer,103
4615 Fitjar,1 Menn,F20-24 20-24 år,2025,Personer,92
4615 Fitjar,1 Menn,F25-29 25-29 år,2025,Personer,83
4615 Fitjar,1 Menn,F30-34 30-34 år,2025,Personer,83
4615 Fitjar,1 Menn,F35-39 35-39 år,2025,Personer,95
4615 Fitjar,1 Menn,F40-44 40-44 år,2025,Personer,108
4615 Fitjar,1 Menn,F45-49 45-49 år,2025,Personer,133
4615 Fitjar,1 Menn,F50-54 50-54 år,2025,Personer,118
4615 Fitjar,1 Menn,F55-59 55-59 år,2025,Personer,99
4615 Fitjar,1 Menn,F60-64 60-64 år,2025,Personer,110
4615 Fitjar,1 Menn,F65-69 65-69 år,2025,Personer,98
4615 Fitjar,1 Menn,F70-74 70-74 år,2025,Personer,115
4615 Fitjar,1 Menn,F75-79 75-79 år,2025,Personer,72
4615 Fitjar,1 Menn,F80-84 80-84 år,2025,Personer,38
4615 Fitjar,1 Menn,F85-89 85-89 år,2025,Personer,16
4615 Fitjar,1 Menn,F90-94 90-94 år,2025,Personer,7
4615 Fitjar,1 Menn,F95-99 95-99 år,2025,Personer,0
4615 Fitjar,1 Menn,F100G5+ 100 år eller eldre,2025,Personer,0
4616 Tysnes,2 Kvinner,F00-04 0-4 år,2025,Personer,63
4616 Tysnes,2 Kvinner,F05-09 5-9 år,2025,Personer,91
4616 Tysnes,2 Kvinner,F10-14 10-14 år,2025,Personer,100
4616 Tysnes,2 Kvinner,F15-19 15-19 år,2025,Personer,76
4616 Tysnes,2 Kvinner,F20-24 20-24 år,2025,Personer,58
4616 Tysnes,2 Kvinner,F25-29 25-29 år,2025,Personer,75
4616 Tysnes,2 Kvinner,F30-34 30-34 år,2025,Personer,96
4616 Tysnes,2 Kvinner,F35-39 35-39 år,2025,Personer,81
4616 Tysnes,2 Kvinner,F40-44 40-44 år,2025,Personer,89
4616 Tysnes,2 Kvinner,F45-49 45-49 år,2025,Personer,85
4616 Tysnes,2 Kvinner,F50-54 50-54 år,2025,Personer,66
4616 Tysnes,2 Kvinner,F55-59 55-59 år,2025,Personer,107
4616 Tysnes,2 Kvinner,F60-64 60-64 år,2025,Personer,87
4616 Tysnes,2 Kvinner,F65-69 65-69 år,2025,Personer,98
4616 Tysnes,2 Kvinner,F70-74 70-74 år,2025,Personer,103
4616 Tysnes,2 Kvinner,F75-79 75-79 år,2025,Personer,96
4616 Tysnes,2 Kvinner,F80-84 80-84 år,2025,Personer,52
4616 Tysnes,2 Kvinner,F85-89 85-89 år,2025,Personer,37
4616 Tysnes,2 Kvinner,F90-94 90-94 år,2025,Personer,20
4616 Tysnes,2 Kvinner,F95-99 95-99 år,2025,Personer,5
4616 Tysnes,2 Kvinner,F100G5+ 100 år eller eldre,2025,Personer,1
4616 Tysnes,1 Menn,F00-04 0-4 år,2025,Personer,85
4616 Tysnes,1 Menn,F05-09 5-9 år,2025,Personer,86
4616 Tysnes,1 Menn,F10-14 10-14 år,2025,Personer,75
4616 Tysnes,1 Menn,F15-19 15-19 år,2025,Personer,80
4616 Tysnes,1 Menn,F20-24 20-24 år,2025,Personer,57
4616 Tysnes,1 Menn,F25-29 25-29 år,2025,Personer,72
4616 Tysnes,1 Menn,F30-34 30-34 år,2025,Personer,89
4616 Tysnes,1 Menn,F35-39 35-39 år,2025,Personer,94
4616 Tysnes,1 Menn,F40-44 40-44 år,2025,Personer,96
4616 Tysnes,1 Menn,F45-49 45-49 år,2025,Personer,79
4616 Tysnes,1 Menn,F50-54 50-54 år,2025,Personer,95
4616 Tysnes,1 Menn,F55-59 55-59 år,2025,Personer,105
4616 Tysnes,1 Menn,F60-64 60-64 år,2025,Personer,92
4616 Tysnes,1 Menn,F65-69 65-69 år,2025,Personer,95
4616 Tysnes,1 Menn,F70-74 70-74 år,2025,Personer,110
4616 Tysnes,1 Menn,F75-79 75-79 år,2025,Personer,106
4616 Tysnes,1 Menn,F80-84 80-84 år,2025,Personer,48
4616 Tysnes,1 Menn,F85-89 85-89 år,2025,Personer,25
4616 Tysnes,1 Menn,F90-94 90-94 år,2025,Personer,9
4616 Tysnes,1 Menn,F95-99 95-99 år,2025,Personer,2
4616 Tysnes,1 Menn,F100G5+ 100 år eller eldre,2025,Personer,0
4617 Kvinnherad,2 Kvinner,F00-04 0-4 år,2025,Personer,310
4617 Kvinnherad,2 Kvinner,F05-09 5-9 år,2025,Personer,314
4617 Kvinnherad,2 Kvinner,F10-14 10-14 år,2025,Personer,391
4617 Kvinnherad,2 Kvinner,F15-19 15-19 år,2025,Personer,423
4617 Kvinnherad,2 Kvinner,F20-24 20-24 år,2025,Personer,356
4617 Kvinnherad,2 Kvinner,F25-29 25-29 år,2025,Personer,343
4617 Kvinnherad,2 Kvinner,F30-34 30-34 år,2025,Personer,334
4617 Kvinnherad,2 Kvinner,F35-39 35-39 år,2025,Personer,314
4617 Kvinnherad,2 Kvinner,F40-44 40-44 år,2025,Personer,393
4617 Kvinnherad,2 Kvinner,F45-49 45-49 år,2025,Personer,379
4617 Kvinnherad,2 Kvinner,F50-54 50-54 år,2025,Personer,445
4617 Kvinnherad,2 Kvinner,F55-59 55-59 år,2025,Personer,471
4617 Kvinnherad,2 Kvinner,F60-64 60-64 år,2025,Personer,377
4617 Kvinnherad,2 Kvinner,F65-69 65-69 år,2025,Personer,432
4617 Kvinnherad,2 Kvinner,F70-74 70-74 år,2025,Personer,371
4617 Kvinnherad,2 Kvinner,F75-79 75-79 år,2025,Personer,352
4617 Kvinnherad,2 Kvinner,F80-84 80-84 år,2025,Personer,232
4617 Kvinnherad,2 Kvinner,F85-89 85-89 år,2025,Personer,154
4617 Kvinnherad,2 Kvinner,F90-94 90-94 år,2025,Personer,80
4617 Kvinnherad,2 Kvinner,F95-99 95-99 år,2025,Personer,24
4617 Kvinnherad,2 Kvinner,F100G5+ 100 år eller eldre,2025,Personer,5
4617 Kvinnherad,1 Menn,F00-04 0-4 år,2025,Personer,346
4617 Kvinnherad,1 Menn,F05-09 5-9 år,2025,Personer,331
4617 Kvinnherad,1 Menn,F10-14 10-14 år,2025,Personer,382
4617 Kvinnherad,1 Menn,F15-19 15-19 år,2025,Personer,455
4617 Kvinnherad,1 Menn,F20-24 20-24 år,2025,Personer,408
4617 Kvinnherad,1 Menn,F25-29 25-29 år,2025,Personer,369
4617 Kvinnherad,1 Menn,F30-34 30-34 år,2025,Personer,336
4617 Kvinnherad,1 Menn,F35-39 35-39 år,2025,Personer,357
4617 Kvinnherad,1 Menn,F40-44 40-44 år,2025,Personer,397
4617 Kvinnherad,1 Menn,F45-49 45-49 år,2025,Personer,388
4617 Kvinnherad,1 Menn,F50-54 50-54 år,2025,Personer,439
4617 Kvinnherad,1 Menn,F55-59 55-59 år,2025,Personer,488
4617 Kvinnherad,1 Menn,F60-64 60-64 år,2025,Personer,430
4617 Kvinnherad,1 Menn,F65-69 65-69 år,2025,Personer,408
4617 Kvinnherad,1 Menn,F70-74 70-74 år,2025,Personer,380
4617 Kvinnherad,1 Menn,F75-79 75-79 år,2025,Personer,368
4617 Kvinnherad,1 Menn,F80-84 80-84 år,2025,Personer,198
4617 Kvinnherad,1 Menn,F85-89 85-89 år,2025,Personer,144
4617 Kvinnherad,1 Menn,F90-94 90-94 år,2025,Personer,41
4617 Kvinnherad,1 Menn,F95-99 95-99 år,2025,Personer,8
4617 Kvinnherad,1 Menn,F100G5+ 100 år eller eldre,2025,Personer,2
4618 Ullensvang,2 Kvinner,F00-04 0-4 år,2025,Personer,248
4618 Ullensvang,2 Kvinner,F05-09 5-9 år,2025,Personer,244
4618 Ullensvang,2 Kvinner,F10-14 10-14 år,2025,Personer,293
4618 Ullensvang,2 Kvinner,F15-19 15-19 år,2025,Personer,298
4618 Ullensvang,2 Kvinner,F20-24 20-24 år,2025,Personer,254
4618 Ullensvang,2 Kvinner,F25-29 25-29 år,2025,Personer,301
4618 Ullensvang,2 Kvinner,F30-34 30-34 år,2025,Personer,297
4618 Ullensvang,2 Kvinner,F35-39 35-39 år,2025,Personer,287
4618 Ullensvang,2 Kvinner,F40-44 40-44 år,2025,Personer,314
4618 Ullensvang,2 Kvinner,F45-49 45-49 år,2025,Personer,333
4618 Ullensvang,2 Kvinner,F50-54 50-54 år,2025,Personer,339
4618 Ullensvang,2 Kvinner,F55-59 55-59 år,2025,Personer,389
4618 Ullensvang,2 Kvinner,F60-64 60-64 år,2025,Personer,357
4618 Ullensvang,2 Kvinner,F65-69 65-69 år,2025,Personer,345
4618 Ullensvang,2 Kvinner,F70-74 70-74 år,2025,Personer,326
4618 Ullensvang,2 Kvinner,F75-79 75-79 år,2025,Personer,286
4618 Ullensvang,2 Kvinner,F80-84 80-84 år,2025,Personer,220
4618 Ullensvang,2 Kvinner,F85-89 85-89 år,2025,Personer,179
4618 Ullensvang,2 Kvinner,F90-94 90-94 år,2025,Personer,80
4618 Ullensvang,2 Kvinner,F95-99 95-99 år,2025,Personer,22
4618 Ullensvang,2 Kvinner,F100G5+ 100 år eller eldre,2025,Personer,9
4618 Ullensvang,1 Menn,F00-04 0-4 år,2025,Personer,235
4618 Ullensvang,1 Menn,F05-09 5-9 år,2025,Personer,230
4618 Ullensvang,1 Menn,F10-14 10-14 år,2025,Personer,334
4618 Ullensvang,1 Menn,F15-19 15-19 år,2025,Personer,364
4618 Ullensvang,1 Menn,F20-24 20-24 år,2025,Personer,315
4618 Ullensvang,1 Menn,F25-29 25-29 år,2025,Personer,299
4618 Ullensvang,1 Menn,F30-34 30-34 år,2025,Personer,318
4618 Ullensvang,1 Menn,F35-39 35-39 år,2025,Personer,331
4618 Ullensvang,1 Menn,F40-44 40-44 år,2025,Personer,328
4618 Ullensvang,1 Menn,F45-49 45-49 år,2025,Personer,332
4618 Ullensvang,1 Menn,F50-54 50-54 år,2025,Personer,369
4618 Ullensvang,1 Menn,F55-59 55-59 år,2025,Personer,400
4618 Ullensvang,1 Menn,F60-64 60-64 år,2025,Personer,391
4618 Ullensvang,1 Menn,F65-69 65-69 år,2025,Personer,380
4618 Ullensvang,1 Menn,F70-74 70-74 år,2025,Personer,311
4618 Ullensvang,1 Menn,F75-79 75-79 år,2025,Personer,285
4618 Ullensvang,1 Menn,F80-84 80-84 år,2025,Personer,187
4618 Ullensvang,1 Menn,F85-89 85-89 år,2025,Personer,104
4618 Ullensvang,1 Menn,F90-94 90-94 år,2025,Personer,40
4618 Ullensvang,1 Menn,F95-99 95-99 år,2025,Personer,7
4618 Ullensvang,1 Menn,F100G5+ 100 år eller eldre,2025,Personer,0
4619 Eidfjord,2 Kvinner,F00-04 0-4 år,2025,Personer,27
4619 Eidfjord,2 Kvinner,F05-09 5-9 år,2025,Personer,29
4619 Eidfjord,2 Kvinner,F10-14 10-14 år,2025,Personer,26
4619 Eidfjord,2 Kvinner,F15-19 15-19 år,2025,Personer,25
4619 Eidfjord,2 Kvinner,F20-24 20-24 år,2025,Personer,16
4619 Eidfjord,2 Kvinner,F25-29 25-29 år,2025,Personer,24
4619 Eidfjord,2 Kvinner,F30-34 30-34 år,2025,Personer,28
4619 Eidfjord,2 Kvinner,F35-39 35-39 år,2025,Personer,29
4619 Eidfjord,2 Kvinner,F40-44 40-44 år,2025,Personer,21
4619 Eidfjord,2 Kvinner,F45-49 45-49 år,2025,Personer,31
4619 Eidfjord,2 Kvinner,F50-54 50-54 år,2025,Personer,25
4619 Eidfjord,2 Kvinner,F55-59 55-59 år,2025,Personer,51
4619 Eidfjord,2 Kvinner,F60-64 60-64 år,2025,Personer,29
4619 Eidfjord,2 Kvinner,F65-69 65-69 år,2025,Personer,40
4619 Eidfjord,2 Kvinner,F70-74 70-74 år,2025,Personer,24
4619 Eidfjord,2 Kvinner,F75-79 75-79 år,2025,Personer,22
4619 Eidfjord,2 Kvinner,F80-84 80-84 år,2025,Personer,25
4619 Eidfjord,2 Kvinner,F85-89 85-89 år,2025,Personer,11
4619 Eidfjord,2 Kvinner,F90-94 90-94 år,2025,Personer,7
4619 Eidfjord,2 Kvinner,F95-99 95-99 år,2025,Personer,0
4619 Eidfjord,2 Kvinner,F100G5+ 100 år eller eldre,2025,Personer,0
4619 Eidfjord,1 Menn,F00-04 0-4 år,2025,Personer,21
4619 Eidfjord,1 Menn,F05-09 5-9 år,2025,Personer,27
4619 Eidfjord,1 Menn,F10-14 10-14 år,2025,Personer,26
4619 Eidfjord,1 Menn,F15-19 15-19 år,2025,Personer,25
4619 Eidfjord,1 Menn,F20-24 20-24 år,2025,Personer,20
4619 Eidfjord,1 Menn,F25-29 25-29 år,2025,Personer,16
4619 Eidfjord,1 Menn,F30-34 30-34 år,2025,Personer,36
4619 Eidfjord,1 Menn,F35-39 35-39 år,2025,Personer,29
4619 Eidfjord,1 Menn,F40-44 40-44 år,2025,Personer,20
4619 Eidfjord,1 Menn,F45-49 45-49 år,2025,Personer,28
4619 Eidfjord,1 Menn,F50-54 50-54 år,2025,Personer,25
4619 Eidfjord,1 Menn,F55-59 55-59 år,2025,Personer,41
4619 Eidfjord,1 Menn,F60-64 60-64 år,2025,Personer,44
4619 Eidfjord,1 Menn,F65-69 65-69 år,2025,Personer,32
4619 Eidfjord,1 Menn,F70-74 70-74 år,2025,Personer,38
4619 Eidfjord,1 Menn,F75-79 75-79 år,2025,Personer,28
4619 Eidfjord,1 Menn,F80-84 80-84 år,2025,Personer,13
4619 Eidfjord,1 Menn,F85-89 85-89 år,2025,Personer,6
4619 Eidfjord,1 Menn,F90-94 90-94 år,2025,Personer,1
4619 Eidfjord,1 Menn,F95-99 95-99 år,2025,Personer,1
4619 Eidfjord,1 Menn,F100G5+ 100 år eller eldre,2025,Personer,0
4620 Ulvik,2 Kvinner,F00-04 0-4 år,2025,Personer,26
4620 Ulvik,2 Kvinner,F05-09 5-9 år,2025,Personer,42
4620 Ulvik,2 Kvinner,F10-14 10-14 år,2025,Personer,35
4620 Ulvik,2 Kvinner,F15-19 15-19 år,2025,Personer,27
4620 Ulvik,2 Kvinner,F20-24 20-24 år,2025,Personer,22
4620 Ulvik,2 Kvinner,F25-29 25-29 år,2025,Personer,18
4620 Ulvik,2 Kvinner,F30-34 30-34 år,2025,Personer,30
4620 Ulvik,2 Kvinner,F35-39 35-39 år,2025,Personer,41
4620 Ulvik,2 Kvinner,F40-44 40-44 år,2025,Personer,29
4620 Ulvik,2 Kvinner,F45-49 45-49 år,2025,Personer,27
4620 Ulvik,2 Kvinner,F50-54 50-54 år,2025,Personer,31
4620 Ulvik,2 Kvinner,F55-59 55-59 år,2025,Personer,41
4620 Ulvik,2 Kvinner,F60-64 60-64 år,2025,Personer,43
4620 Ulvik,2 Kvinner,F65-69 65-69 år,2025,Personer,40
4620 Ulvik,2 Kvinner,F70-74 70-74 år,2025,Personer,30
4620 Ulvik,2 Kvinner,F75-79 75-79 år,2025,Personer,29
4620 Ulvik,2 Kvinner,F80-84 80-84 år,2025,Personer,25
4620 Ulvik,2 Kvinner,F85-89 85-89 år,2025,Personer,15
4620 Ulvik,2 Kvinner,F90-94 90-94 år,2025,Personer,3
4620 Ulvik,2 Kvinner,F95-99 95-99 år,2025,Personer,3
4620 Ulvik,2 Kvinner,F100G5+ 100 år eller eldre,2025,Personer,0
4620 Ulvik,1 Menn,F00-04 0-4 år,2025,Personer,18
4620 Ulvik,1 Menn,F05-09 5-9 år,2025,Personer,27
4620 Ulvik,1 Menn,F10-14 10-14 år,2025,Personer,30
4620 Ulvik,1 Menn,F15-19 15-19 år,2025,Personer,34
4620 Ulvik,1 Menn,F20-24 20-24 år,2025,Personer,31
4620 Ulvik,1 Menn,F25-29 25-29 år,2025,Personer,27
4620 Ulvik,1 Menn,F30-34 30-34 år,2025,Personer,34
4620 Ulvik,1 Menn,F35-39 35-39 år,2025,Personer,32
4620 Ulvik,1 Menn,F40-44 40-44 år,2025,Personer,29
4620 Ulvik,1 Menn,F45-49 45-49 år,2025,Personer,31
4620 Ulvik,1 Menn,F50-54 50-54 år,2025,Personer,37
4620 Ulvik,1 Menn,F55-59 55-59 år,2025,Personer,37
4620 Ulvik,1 Menn,F60-64 60-64 år,2025,Personer,33
4620 Ulvik,1 Menn,F65-69 65-69 år,2025,Personer,37
4620 Ulvik,1 Menn,F70-74 70-74 år,2025,Personer,36
4620 Ulvik,1 Menn,F75-79 75-79 år,2025,Personer,28
4620 Ulvik,1 Menn,F80-84 80-84 år,2025,Personer,27
4620 Ulvik,1 Menn,F85-89 85-89 år,2025,Personer,12
4620 Ulvik,1 Menn,F90-94 90-94 år,2025,Personer,2
4620 Ulvik,1 Menn,F95-99 95-99 år,2025,Personer,1
4620 Ulvik,1 Menn,F100G5+ 100 år eller eldre,2025,Personer,0
4621 Voss,2 Kvinner,F00-04 0-4 år,2025,Personer,412
4621 Voss,2 Kvinner,F05-09 5-9 år,2025,Personer,471
4621 Voss,2 Kvinner,F10-14 10-14 år,2025,Personer,489
4621 Voss,2 Kvinner,F15-19 15-19 år,2025,Personer,472
4621 Voss,2 Kvinner,F20-24 20-24 år,2025,Personer,452
4621 Voss,2 Kvinner,F25-29 25-29 år,2025,Personer,420
4621 Voss,2 Kvinner,F30-34 30-34 år,2025,Personer,523
4621 Voss,2 Kvinner,F35-39 35-39 år,2025,Personer,538
4621 Voss,2 Kvinner,F40-44 40-44 år,2025,Personer,510
4621 Voss,2 Kvinner,F45-49 45-49 år,2025,Personer,445
4621 Voss,2 Kvinner,F50-54 50-54 år,2025,Personer,505
4621 Voss,2 Kvinner,F55-59 55-59 år,2025,Personer,468
4621 Voss,2 Kvinner,F60-64 60-64 år,2025,Personer,503
4621 Voss,2 Kvinner,F65-69 65-69 år,2025,Personer,520
4621 Voss,2 Kvinner,F70-74 70-74 år,2025,Personer,434
4621 Voss,2 Kvinner,F75-79 75-79 år,2025,Personer,438
4621 Voss,2 Kvinner,F80-84 80-84 år,2025,Personer,272
4621 Voss,2 Kvinner,F85-89 85-89 år,2025,Personer,200
4621 Voss,2 Kvinner,F90-94 90-94 år,2025,Personer,120
4621 Voss,2 Kvinner,F95-99 95-99 år,2025,Personer,39
4621 Voss,2 Kvinner,F100G5+ 100 år eller eldre,2025,Personer,5
4621 Voss,1 Menn,F00-04 0-4 år,2025,Personer,436
4621 Voss,1 Menn,F05-09 5-9 år,2025,Personer,472
4621 Voss,1 Menn,F10-14 10-14 år,2025,Personer,534
4621 Voss,1 Menn,F15-19 15-19 år,2025,Personer,518
4621 Voss,1 Menn,F20-24 20-24 år,2025,Personer,470
4621 Voss,1 Menn,F25-29 25-29 år,2025,Personer,421
4621 Voss,1 Menn,F30-34 30-34 år,2025,Personer,542
4621 Voss,1 Menn,F35-39 35-39 år,2025,Personer,567
4621 Voss,1 Menn,F40-44 40-44 år,2025,Personer,507
4621 Voss,1 Menn,F45-49 45-49 år,2025,Personer,461
4621 Voss,1 Menn,F50-54 50-54 år,2025,Personer,505
4621 Voss,1 Menn,F55-59 55-59 år,2025,Personer,535
4621 Voss,1 Menn,F60-64 60-64 år,2025,Personer,485
4621 Voss,1 Menn,F65-69 65-69 år,2025,Personer,514
4621 Voss,1 Menn,F70-74 70-74 år,2025,Personer,437
4621 Voss,1 Menn,F75-79 75-79 år,2025,Personer,391
4621 Voss,1 Menn,F80-84 80-84 år,2025,Personer,217
4621 Voss,1 Menn,F85-89 85-89 år,2025,Personer,120
4621 Voss,1 Menn,F90-94 90-94 år,2025,Personer,57
4621 Voss,1 Menn,F95-99 95-99 år,2025,Personer,11
4621 Voss,1 Menn,F100G5+ 100 år eller eldre,2025,Personer,0
4622 Kvam,2 Kvinner,F00-04 0-4 år,2025,Personer,202
4622 Kvam,2 Kvinner,F05-09 5-9 år,2025,Personer,249
4622 Kvam,2 Kvinner,F10-14 10-14 år,2025,Personer,268
4622 Kvam,2 Kvinner,F15-19 15-19 år,2025,Personer,257
4622 Kvam,2 Kvinner,F20-24 20-24 år,2025,Personer,211
4622 Kvam,2 Kvinner,F25-29 25-29 år,2025,Personer,156
4622 Kvam,2 Kvinner,F30-34 30-34 år,2025,Personer,232
4622 Kvam,2 Kvinner,F35-39 35-39 år,2025,Personer,261
4622 Kvam,2 Kvinner,F40-44 40-44 år,2025,Personer,240
4622 Kvam,2 Kvinner,F45-49 45-49 år,2025,Personer,244
4622 Kvam,2 Kvinner,F50-54 50-54 år,2025,Personer,242
4622 Kvam,2 Kvinner,F55-59 55-59 år,2025,Personer,303
4622 Kvam,2 Kvinner,F60-64 60-64 år,2025,Personer,233
4622 Kvam,2 Kvinner,F65-69 65-69 år,2025,Personer,289
4622 Kvam,2 Kvinner,F70-74 70-74 år,2025,Personer,232
4622 Kvam,2 Kvinner,F75-79 75-79 år,2025,Personer,221
4622 Kvam,2 Kvinner,F80-84 80-84 år,2025,Personer,162
4622 Kvam,2 Kvinner,F85-89 85-89 år,2025,Personer,120
4622 Kvam,2 Kvinner,F90-94 90-94 år,2025,Personer,54
4622 Kvam,2 Kvinner,F95-99 95-99 år,2025,Personer,22
4622 Kvam,2 Kvinner,F100G5+ 100 år eller eldre,2025,Personer,6
4622 Kvam,1 Menn,F00-04 0-4 år,2025,Personer,216
4622 Kvam,1 Menn,F05-09 5-9 år,2025,Personer,250
4622 Kvam,1 Menn,F10-14 10-14 år,2025,Personer,284
4622 Kvam,1 Menn,F15-19 15-19 år,2025,Personer,278
4622 Kvam,1 Menn,F20-24 20-24 år,2025,Personer,245
4622 Kvam,1 Menn,F25-29 25-29 år,2025,Personer,212
4622 Kvam,1 Menn,F30-34 30-34 år,2025,Personer,218
4622 Kvam,1 Menn,F35-39 35-39 år,2025,Personer,237
4622 Kvam,1 Menn,F40-44 40-44 år,2025,Personer,258
4622 Kvam,1 Menn,F45-49 45-49 år,2025,Personer,271
4622 Kvam,1 Menn,F50-54 50-54 år,2025,Personer,242
4622 Kvam,1 Menn,F55-59 55-59 år,2025,Personer,297
4622 Kvam,1 Menn,F60-64 60-64 år,2025,Personer,273
4622 Kvam,1 Menn,F65-69 65-69 år,2025,Personer,264
4622 Kvam,1 Menn,F70-74 70-74 år,2025,Personer,265
4622 Kvam,1 Menn,F75-79 75-79 år,2025,Personer,232
4622 Kvam,1 Menn,F80-84 80-84 år,2025,Personer,158
4622 Kvam,1 Menn,F85-89 85-89 år,2025,Personer,82
4622 Kvam,1 Menn,F90-94 90-94 år,2025,Personer,27
4622 Kvam,1 Menn,F95-99 95-99 år,2025,Personer,3
4622 Kvam,1 Menn,F100G5+ 100 år eller eldre,2025,Personer,1
4623 Samnanger,2 Kvinner,F00-04 0-4 år,2025,Personer,58
4623 Samnanger,2 Kvinner,F05-09 5-9 år,2025,Personer,48
4623 Samnanger,2 Kvinner,F10-14 10-14 år,2025,Personer,74
4623 Samnanger,2 Kvinner,F15-19 15-19 år,2025,Personer,81
4623 Samnanger,2 Kvinner,F20-24 20-24 år,2025,Personer,49
4623 Samnanger,2 Kvinner,F25-29 25-29 år,2025,Personer,65
4623 Samnanger,2 Kvinner,F30-34 30-34 år,2025,Personer,60
4623 Samnanger,2 Kvinner,F35-39 35-39 år,2025,Personer,74
4623 Samnanger,2 Kvinner,F40-44 40-44 år,2025,Personer,68
4623 Samnanger,2 Kvinner,F45-49 45-49 år,2025,Personer,84
4623 Samnanger,2 Kvinner,F50-54 50-54 år,2025,Personer,65
4623 Samnanger,2 Kvinner,F55-59 55-59 år,2025,Personer,73
4623 Samnanger,2 Kvinner,F60-64 60-64 år,2025,Personer,93
4623 Samnanger,2 Kvinner,F65-69 65-69 år,2025,Personer,70
4623 Samnanger,2 Kvinner,F70-74 70-74 år,2025,Personer,87
4623 Samnanger,2 Kvinner,F75-79 75-79 år,2025,Personer,69
4623 Samnanger,2 Kvinner,F80-84 80-84 år,2025,Personer,38
4623 Samnanger,2 Kvinner,F85-89 85-89 år,2025,Personer,21
4623 Samnanger,2 Kvinner,F90-94 90-94 år,2025,Personer,20
4623 Samnanger,2 Kvinner,F95-99 95-99 år,2025,Personer,6
4623 Samnanger,2 Kvinner,F100G5+ 100 år eller eldre,2025,Personer,1
4623 Samnanger,1 Menn,F00-04 0-4 år,2025,Personer,59
4623 Samnanger,1 Menn,F05-09 5-9 år,2025,Personer,87
4623 Samnanger,1 Menn,F10-14 10-14 år,2025,Personer,84
4623 Samnanger,1 Menn,F15-19 15-19 år,2025,Personer,79
4623 Samnanger,1 Menn,F20-24 20-24 år,2025,Personer,62
4623 Samnanger,1 Menn,F25-29 25-29 år,2025,Personer,61
4623 Samnanger,1 Menn,F30-34 30-34 år,2025,Personer,56
4623 Samnanger,1 Menn,F35-39 35-39 år,2025,Personer,66
4623 Samnanger,1 Menn,F40-44 40-44 år,2025,Personer,84
4623 Samnanger,1 Menn,F45-49 45-49 år,2025,Personer,86
4623 Samnanger,1 Menn,F50-54 50-54 år,2025,Personer,81
4623 Samnanger,1 Menn,F55-59 55-59 år,2025,Personer,88
4623 Samnanger,1 Menn,F60-64 60-64 år,2025,Personer,100
4623 Samnanger,1 Menn,F65-69 65-69 år,2025,Personer,92
4623 Samnanger,1 Menn,F70-74 70-74 år,2025,Personer,73
4623 Samnanger,1 Menn,F75-79 75-79 år,2025,Personer,77
4623 Samnanger,1 Menn,F80-84 80-84 år,2025,Personer,40
4623 Samnanger,1 Menn,F85-89 85-89 år,2025,Personer,8
4623 Samnanger,1 Menn,F90-94 90-94 år,2025,Personer,3
4623 Samnanger,1 Menn,F95-99 95-99 år,2025,Personer,1
4623 Samnanger,1 Menn,F100G5+ 100 år eller eldre,2025,Personer,0
4624 Bjørnafjorden,2 Kvinner,F00-04 0-4 år,2025,Personer,717
4624 Bjørnafjorden,2 Kvinner,F05-09 5-9 år,2025,Personer,770
4624 Bjørnafjorden,2 Kvinner,F10-14 10-14 år,2025,Personer,916
4624 Bjørnafjorden,2 Kvinner,F15-19 15-19 år,2025,Personer,873
4624 Bjørnafjorden,2 Kvinner,F20-24 20-24 år,2025,Personer,697
4624 Bjørnafjorden,2 Kvinner,F25-29 25-29 år,2025,Personer,680
4624 Bjørnafjorden,2 Kvinner,F30-34 30-34 år,2025,Personer,842
4624 Bjørnafjorden,2 Kvinner,F35-39 35-39 år,2025,Personer,904
4624 Bjørnafjorden,2 Kvinner,F40-44 40-44 år,2025,Personer,898
4624 Bjørnafjorden,2 Kvinner,F45-49 45-49 år,2025,Personer,875
4624 Bjørnafjorden,2 Kvinner,F50-54 50-54 år,2025,Personer,826
4624 Bjørnafjorden,2 Kvinner,F55-59 55-59 år,2025,Personer,766
4624 Bjørnafjorden,2 Kvinner,F60-64 60-64 år,2025,Personer,689
4624 Bjørnafjorden,2 Kvinner,F65-69 65-69 år,2025,Personer,692
4624 Bjørnafjorden,2 Kvinner,F70-74 70-74 år,2025,Personer,630
4624 Bjørnafjorden,2 Kvinner,F75-79 75-79 år,2025,Personer,560
4624 Bjørnafjorden,2 Kvinner,F80-84 80-84 år,2025,Personer,315
4624 Bjørnafjorden,2 Kvinner,F85-89 85-89 år,2025,Personer,183
4624 Bjørnafjorden,2 Kvinner,F90-94 90-94 år,2025,Personer,87
4624 Bjørnafjorden,2 Kvinner,F95-99 95-99 år,2025,Personer,27
4624 Bjørnafjorden,2 Kvinner,F100G5+ 100 år eller eldre,2025,Personer,6
4624 Bjørnafjorden,1 Menn,F00-04 0-4 år,2025,Personer,725
4624 Bjørnafjorden,1 Menn,F05-09 5-9 år,2025,Personer,799
4624 Bjørnafjorden,1 Menn,F10-14 10-14 år,2025,Personer,935
4624 Bjørnafjorden,1 Menn,F15-19 15-19 år,2025,Personer,945
4624 Bjørnafjorden,1 Menn,F20-24 20-24 år,2025,Personer,765
4624 Bjørnafjorden,1 Menn,F25-29 25-29 år,2025,Personer,733
4624 Bjørnafjorden,1 Menn,F30-34 30-34 år,2025,Personer,859
4624 Bjørnafjorden,1 Menn,F35-39 35-39 år,2025,Personer,950
4624 Bjørnafjorden,1 Menn,F40-44 40-44 år,2025,Personer,941
4624 Bjørnafjorden,1 Menn,F45-49 45-49 år,2025,Personer,876
4624 Bjørnafjorden,1 Menn,F50-54 50-54 år,2025,Personer,894
4624 Bjørnafjorden,1 Menn,F55-59 55-59 år,2025,Personer,811
4624 Bjørnafjorden,1 Menn,F60-64 60-64 år,2025,Personer,731
4624 Bjørnafjorden,1 Menn,F65-69 65-69 år,2025,Personer,681
4624 Bjørnafjorden,1 Menn,F70-74 70-74 år,2025,Personer,635
4624 Bjørnafjorden,1 Menn,F75-79 75-79 år,2025,Personer,563
4624 Bjørnafjorden,1 Menn,F80-84 80-84 år,2025,Personer,327
4624 Bjørnafjorden,1 Menn,F85-89 85-89 år,2025,Personer,160
4624 Bjørnafjorden,1 Menn,F90-94 90-94 år,2025,Personer,43
4624 Bjørnafjorden,1 Menn,F95-99 95-99 år,2025,Personer,15
4624 Bjørnafjorden,1 Menn,F100G5+ 100 år eller eldre,2025,Personer,1
4625 Austevoll,2 Kvinner,F00-04 0-4 år,2025,Personer,116
4625 Austevoll,2 Kvinner,F05-09 5-9 år,2025,Personer,193
4625 Austevoll,2 Kvinner,F10-14 10-14 år,2025,Personer,192
4625 Austevoll,2 Kvinner,F15-19 15-19 år,2025,Personer,173
4625 Austevoll,2 Kvinner,F20-24 20-24 år,2025,Personer,154
4625 Austevoll,2 Kvinner,F25-29 25-29 år,2025,Personer,131
4625 Austevoll,2 Kvinner,F30-34 30-34 år,2025,Personer,158
4625 Austevoll,2 Kvinner,F35-39 35-39 år,2025,Personer,191
4625 Austevoll,2 Kvinner,F40-44 40-44 år,2025,Personer,189
4625 Austevoll,2 Kvinner,F45-49 45-49 år,2025,Personer,148
4625 Austevoll,2 Kvinner,F50-54 50-54 år,2025,Personer,155
4625 Austevoll,2 Kvinner,F55-59 55-59 år,2025,Personer,150
4625 Austevoll,2 Kvinner,F60-64 60-64 år,2025,Personer,122
4625 Austevoll,2 Kvinner,F65-69 65-69 år,2025,Personer,148
4625 Austevoll,2 Kvinner,F70-74 70-74 år,2025,Personer,136
4625 Austevoll,2 Kvinner,F75-79 75-79 år,2025,Personer,115
4625 Austevoll,2 Kvinner,F80-84 80-84 år,2025,Personer,67
4625 Austevoll,2 Kvinner,F85-89 85-89 år,2025,Personer,47
4625 Austevoll,2 Kvinner,F90-94 90-94 år,2025,Personer,24
4625 Austevoll,2 Kvinner,F95-99 95-99 år,2025,Personer,8
4625 Austevoll,2 Kvinner,F100G5+ 100 år eller eldre,2025,Personer,2
4625 Austevoll,1 Menn,F00-04 0-4 år,2025,Personer,167
4625 Austevoll,1 Menn,F05-09 5-9 år,2025,Personer,203
4625 Austevoll,1 Menn,F10-14 10-14 år,2025,Personer,200
4625 Austevoll,1 Menn,F15-19 15-19 år,2025,Personer,177
4625 Austevoll,1 Menn,F20-24 20-24 år,2025,Personer,178
4625 Austevoll,1 Menn,F25-29 25-29 år,2025,Personer,167
4625 Austevoll,1 Menn,F30-34 30-34 år,2025,Personer,149
4625 Austevoll,1 Menn,F35-39 35-39 år,2025,Personer,164
4625 Austevoll,1 Menn,F40-44 40-44 år,2025,Personer,226
4625 Austevoll,1 Menn,F45-49 45-49 år,2025,Personer,161
4625 Austevoll,1 Menn,F50-54 50-54 år,2025,Personer,176
4625 Austevoll,1 Menn,F55-59 55-59 år,2025,Personer,169
4625 Austevoll,1 Menn,F60-64 60-64 år,2025,Personer,137
4625 Austevoll,1 Menn,F65-69 65-69 år,2025,Personer,158
4625 Austevoll,1 Menn,F70-74 70-74 år,2025,Personer,166
4625 Austevoll,1 Menn,F75-79 75-79 år,2025,Personer,116
4625 Austevoll,1 Menn,F80-84 80-84 år,2025,Personer,64
4625 Austevoll,1 Menn,F85-89 85-89 år,2025,Personer,29
4625 Austevoll,1 Menn,F90-94 90-94 år,2025,Personer,10
4625 Austevoll,1 Menn,F95-99 95-99 år,2025,Personer,1
4625 Austevoll,1 Menn,F100G5+ 100 år eller eldre,2025,Personer,0
4626 Øygarden,2 Kvinner,F00-04 0-4 år,2025,Personer,1047
4626 Øygarden,2 Kvinner,F05-09 5-9 år,2025,Personer,1251
4626 Øygarden,2 Kvinner,F10-14 10-14 år,2025,Personer,1306
4626 Øygarden,2 Kvinner,F15-19 15-19 år,2025,Personer,1349
4626 Øygarden,2 Kvinner,F20-24 20-24 år,2025,Personer,1087
4626 Øygarden,2 Kvinner,F25-29 25-29 år,2025,Personer,1064
4626 Øygarden,2 Kvinner,F30-34 30-34 år,2025,Personer,1233
4626 Øygarden,2 Kvinner,F35-39 35-39 år,2025,Personer,1355
4626 Øygarden,2 Kvinner,F40-44 40-44 år,2025,Personer,1333
4626 Øygarden,2 Kvinner,F45-49 45-49 år,2025,Personer,1358
4626 Øygarden,2 Kvinner,F50-54 50-54 år,2025,Personer,1360
4626 Øygarden,2 Kvinner,F55-59 55-59 år,2025,Personer,1310
4626 Øygarden,2 Kvinner,F60-64 60-64 år,2025,Personer,1102
4626 Øygarden,2 Kvinner,F65-69 65-69 år,2025,Personer,979
4626 Øygarden,2 Kvinner,F70-74 70-74 år,2025,Personer,885
4626 Øygarden,2 Kvinner,F75-79 75-79 år,2025,Personer,779
4626 Øygarden,2 Kvinner,F80-84 80-84 år,2025,Personer,471
4626 Øygarden,2 Kvinner,F85-89 85-89 år,2025,Personer,237
4626 Øygarden,2 Kvinner,F90-94 90-94 år,2025,Personer,103
4626 Øygarden,2 Kvinner,F95-99 95-99 år,2025,Personer,52
4626 Øygarden,2 Kvinner,F100G5+ 100 år eller eldre,2025,Personer,13
4626 Øygarden,1 Menn,F00-04 0-4 år,2025,Personer,1057
4626 Øygarden,1 Menn,F05-09 5-9 år,2025,Personer,1271
4626 Øygarden,1 Menn,F10-14 10-14 år,2025,Personer,1440
4626 Øygarden,1 Menn,F15-19 15-19 år,2025,Personer,1399
4626 Øygarden,1 Menn,F20-24 20-24 år,2025,Personer,1218
4626 Øygarden,1 Menn,F25-29 25-29 år,2025,Personer,1185
4626 Øygarden,1 Menn,F30-34 30-34 år,2025,Personer,1286
4626 Øygarden,1 Menn,F35-39 35-39 år,2025,Personer,1387
4626 Øygarden,1 Menn,F40-44 40-44 år,2025,Personer,1392
4626 Øygarden,1 Menn,F45-49 45-49 år,2025,Personer,1334
4626 Øygarden,1 Menn,F50-54 50-54 år,2025,Personer,1433
4626 Øygarden,1 Menn,F55-59 55-59 år,2025,Personer,1440
4626 Øygarden,1 Menn,F60-64 60-64 år,2025,Personer,1168
4626 Øygarden,1 Menn,F65-69 65-69 år,2025,Personer,1059
4626 Øygarden,1 Menn,F70-74 70-74 år,2025,Personer,939
4626 Øygarden,1 Menn,F75-79 75-79 år,2025,Personer,776
4626 Øygarden,1 Menn,F80-84 80-84 år,2025,Personer,415
4626 Øygarden,1 Menn,F85-89 85-89 år,2025,Personer,171
4626 Øygarden,1 Menn,F90-94 90-94 år,2025,Personer,54
4626 Øygarden,1 Menn,F95-99 95-99 år,2025,Personer,6
4626 Øygarden,1 Menn,F100G5+ 100 år eller eldre,2025,Personer,1
4627 Askøy,2 Kvinner,F00-04 0-4 år,2025,Personer,786
4627 Askøy,2 Kvinner,F05-09 5-9 år,2025,Personer,955
4627 Askøy,2 Kvinner,F10-14 10-14 år,2025,Personer,1116
4627 Askøy,2 Kvinner,F15-19 15-19 år,2025,Personer,1082
4627 Askøy,2 Kvinner,F20-24 20-24 år,2025,Personer,802
4627 Askøy,2 Kvinner,F25-29 25-29 år,2025,Personer,764
4627 Askøy,2 Kvinner,F30-34 30-34 år,2025,Personer,943
4627 Askøy,2 Kvinner,F35-39 35-39 år,2025,Personer,1089
4627 Askøy,2 Kvinner,F40-44 40-44 år,2025,Personer,1117
4627 Askøy,2 Kvinner,F45-49 45-49 år,2025,Personer,1055
4627 Askøy,2 Kvinner,F50-54 50-54 år,2025,Personer,1088
4627 Askøy,2 Kvinner,F55-59 55-59 år,2025,Personer,874
4627 Askøy,2 Kvinner,F60-64 60-64 år,2025,Personer,709
4627 Askøy,2 Kvinner,F65-69 65-69 år,2025,Personer,660
4627 Askøy,2 Kvinner,F70-74 70-74 år,2025,Personer,665
4627 Askøy,2 Kvinner,F75-79 75-79 år,2025,Personer,597
4627 Askøy,2 Kvinner,F80-84 80-84 år,2025,Personer,350
4627 Askøy,2 Kvinner,F85-89 85-89 år,2025,Personer,176
4627 Askøy,2 Kvinner,F90-94 90-94 år,2025,Personer,88
4627 Askøy,2 Kvinner,F95-99 95-99 år,2025,Personer,25
4627 Askøy,2 Kvinner,F100G5+ 100 år eller eldre,2025,Personer,3
4627 Askøy,1 Menn,F00-04 0-4 år,2025,Personer,819
4627 Askøy,1 Menn,F05-09 5-9 år,2025,Personer,1062
4627 Askøy,1 Menn,F10-14 10-14 år,2025,Personer,1151
4627 Askøy,1 Menn,F15-19 15-19 år,2025,Personer,1163
4627 Askøy,1 Menn,F20-24 20-24 år,2025,Personer,942
4627 Askøy,1 Menn,F25-29 25-29 år,2025,Personer,759
4627 Askøy,1 Menn,F30-34 30-34 år,2025,Personer,898
4627 Askøy,1 Menn,F35-39 35-39 år,2025,Personer,1064
4627 Askøy,1 Menn,F40-44 40-44 år,2025,Personer,1147
4627 Askøy,1 Menn,F45-49 45-49 år,2025,Personer,1063
4627 Askøy,1 Menn,F50-54 50-54 år,2025,Personer,1184
4627 Askøy,1 Menn,F55-59 55-59 år,2025,Personer,1012
4627 Askøy,1 Menn,F60-64 60-64 år,2025,Personer,763
4627 Askøy,1 Menn,F65-69 65-69 år,2025,Personer,708
4627 Askøy,1 Menn,F70-74 70-74 år,2025,Personer,608
4627 Askøy,1 Menn,F75-79 75-79 år,2025,Personer,591
4627 Askøy,1 Menn,F80-84 80-84 år,2025,Personer,296
4627 Askøy,1 Menn,F85-89 85-89 år,2025,Personer,140
4627 Askøy,1 Menn,F90-94 90-94 år,2025,Personer,55
4627 Askøy,1 Menn,F95-99 95-99 år,2025,Personer,8
4627 Askøy,1 Menn,F100G5+ 100 år eller eldre,2025,Personer,0
4628 Vaksdal,2 Kvinner,F00-04 0-4 år,2025,Personer,62
4628 Vaksdal,2 Kvinner,F05-09 5-9 år,2025,Personer,111
4628 Vaksdal,2 Kvinner,F10-14 10-14 år,2025,Personer,114
4628 Vaksdal,2 Kvinner,F15-19 15-19 år,2025,Personer,128
4628 Vaksdal,2 Kvinner,F20-24 20-24 år,2025,Personer,95
4628 Vaksdal,2 Kvinner,F25-29 25-29 år,2025,Personer,69
4628 Vaksdal,2 Kvinner,F30-34 30-34 år,2025,Personer,111
4628 Vaksdal,2 Kvinner,F35-39 35-39 år,2025,Personer,117
4628 Vaksdal,2 Kvinner,F40-44 40-44 år,2025,Personer,146
4628 Vaksdal,2 Kvinner,F45-49 45-49 år,2025,Personer,113
4628 Vaksdal,2 Kvinner,F50-54 50-54 år,2025,Personer,109
4628 Vaksdal,2 Kvinner,F55-59 55-59 år,2025,Personer,125
4628 Vaksdal,2 Kvinner,F60-64 60-64 år,2025,Personer,131
4628 Vaksdal,2 Kvinner,F65-69 65-69 år,2025,Personer,115
4628 Vaksdal,2 Kvinner,F70-74 70-74 år,2025,Personer,111
4628 Vaksdal,2 Kvinner,F75-79 75-79 år,2025,Personer,84
4628 Vaksdal,2 Kvinner,F80-84 80-84 år,2025,Personer,61
4628 Vaksdal,2 Kvinner,F85-89 85-89 år,2025,Personer,52
4628 Vaksdal,2 Kvinner,F90-94 90-94 år,2025,Personer,26
4628 Vaksdal,2 Kvinner,F95-99 95-99 år,2025,Personer,8
4628 Vaksdal,2 Kvinner,F100G5+ 100 år eller eldre,2025,Personer,5
4628 Vaksdal,1 Menn,F00-04 0-4 år,2025,Personer,82
4628 Vaksdal,1 Menn,F05-09 5-9 år,2025,Personer,111
4628 Vaksdal,1 Menn,F10-14 10-14 år,2025,Personer,106
4628 Vaksdal,1 Menn,F15-19 15-19 år,2025,Personer,144
4628 Vaksdal,1 Menn,F20-24 20-24 år,2025,Personer,99
4628 Vaksdal,1 Menn,F25-29 25-29 år,2025,Personer,102
4628 Vaksdal,1 Menn,F30-34 30-34 år,2025,Personer,99
4628 Vaksdal,1 Menn,F35-39 35-39 år,2025,Personer,118
4628 Vaksdal,1 Menn,F40-44 40-44 år,2025,Personer,137
4628 Vaksdal,1 Menn,F45-49 45-49 år,2025,Personer,146
4628 Vaksdal,1 Menn,F50-54 50-54 år,2025,Personer,123
4628 Vaksdal,1 Menn,F55-59 55-59 år,2025,Personer,122
4628 Vaksdal,1 Menn,F60-64 60-64 år,2025,Personer,135
4628 Vaksdal,1 Menn,F65-69 65-69 år,2025,Personer,133
4628 Vaksdal,1 Menn,F70-74 70-74 år,2025,Personer,141
4628 Vaksdal,1 Menn,F75-79 75-79 år,2025,Personer,86
4628 Vaksdal,1 Menn,F80-84 80-84 år,2025,Personer,55
4628 Vaksdal,1 Menn,F85-89 85-89 år,2025,Personer,33
4628 Vaksdal,1 Menn,F90-94 90-94 år,2025,Personer,8
4628 Vaksdal,1 Menn,F95-99 95-99 år,2025,Personer,1
4628 Vaksdal,1 Menn,F100G5+ 100 år eller eldre,2025,Personer,1
4629 Modalen,2 Kvinner,F00-04 0-4 år,2025,Personer,9
4629 Modalen,2 Kvinner,F05-09 5-9 år,2025,Personer,9
4629 Modalen,2 Kvinner,F10-14 10-14 år,2025,Personer,15
4629 Modalen,2 Kvinner,F15-19 15-19 år,2025,Personer,14
4629 Modalen,2 Kvinner,F20-24 20-24 år,2025,Personer,14
4629 Modalen,2 Kvinner,F25-29 25-29 år,2025,Personer,5
4629 Modalen,2 Kvinner,F30-34 30-34 år,2025,Personer,9
4629 Modalen,2 Kvinner,F35-39 35-39 år,2025,Personer,11
4629 Modalen,2 Kvinner,F40-44 40-44 år,2025,Personer,13
4629 Modalen,2 Kvinner,F45-49 45-49 år,2025,Personer,15
4629 Modalen,2 Kvinner,F50-54 50-54 år,2025,Personer,16
4629 Modalen,2 Kvinner,F55-59 55-59 år,2025,Personer,10
4629 Modalen,2 Kvinner,F60-64 60-64 år,2025,Personer,15
4629 Modalen,2 Kvinner,F65-69 65-69 år,2025,Personer,8
4629 Modalen,2 Kvinner,F70-74 70-74 år,2025,Personer,8
4629 Modalen,2 Kvinner,F75-79 75-79 år,2025,Personer,11
4629 Modalen,2 Kvinner,F80-84 80-84 år,2025,Personer,4
4629 Modalen,2 Kvinner,F85-89 85-89 år,2025,Personer,6
4629 Modalen,2 Kvinner,F90-94 90-94 år,2025,Personer,3
4629 Modalen,2 Kvinner,F95-99 95-99 år,2025,Personer,0
4629 Modalen,2 Kvinner,F100G5+ 100 år eller eldre,2025,Personer,0
4629 Modalen,1 Menn,F00-04 0-4 år,2025,Personer,7
4629 Modalen,1 Menn,F05-09 5-9 år,2025,Personer,13
4629 Modalen,1 Menn,F10-14 10-14 år,2025,Personer,14
4629 Modalen,1 Menn,F15-19 15-19 år,2025,Personer,15
4629 Modalen,1 Menn,F20-24 20-24 år,2025,Personer,9
4629 Modalen,1 Menn,F25-29 25-29 år,2025,Personer,7
4629 Modalen,1 Menn,F30-34 30-34 år,2025,Personer,12
4629 Modalen,1 Menn,F35-39 35-39 år,2025,Personer,17
4629 Modalen,1 Menn,F40-44 40-44 år,2025,Personer,15
4629 Modalen,1 Menn,F45-49 45-49 år,2025,Personer,9
4629 Modalen,1 Menn,F50-54 50-54 år,2025,Personer,12
4629 Modalen,1 Menn,F55-59 55-59 år,2025,Personer,11
4629 Modalen,1 Menn,F60-64 60-64 år,2025,Personer,15
4629 Modalen,1 Menn,F65-69 65-69 år,2025,Personer,14
4629 Modalen,1 Menn,F70-74 70-74 år,2025,Personer,9
4629 Modalen,1 Menn,F75-79 75-79 år,2025,Personer,8
4629 Modalen,1 Menn,F80-84 80-84 år,2025,Personer,2
4629 Modalen,1 Menn,F85-89 85-89 år,2025,Personer,4
4629 Modalen,1 Menn,F90-94 90-94 år,2025,Personer,3
4629 Modalen,1 Menn,F95-99 95-99 år,2025,Personer,1
4629 Modalen,1 Menn,F100G5+ 100 år eller eldre,2025,Personer,0
4630 Osterøy,2 Kvinner,F00-04 0-4 år,2025,Personer,218
4630 Osterøy,2 Kvinner,F05-09 5-9 år,2025,Personer,249
4630 Osterøy,2 Kvinner,F10-14 10-14 år,2025,Personer,266
4630 Osterøy,2 Kvinner,F15-19 15-19 år,2025,Personer,225
4630 Osterøy,2 Kvinner,F20-24 20-24 år,2025,Personer,217
4630 Osterøy,2 Kvinner,F25-29 25-29 år,2025,Personer,197
4630 Osterøy,2 Kvinner,F30-34 30-34 år,2025,Personer,235
4630 Osterøy,2 Kvinner,F35-39 35-39 år,2025,Personer,280
4630 Osterøy,2 Kvinner,F40-44 40-44 år,2025,Personer,272
4630 Osterøy,2 Kvinner,F45-49 45-49 år,2025,Personer,233
4630 Osterøy,2 Kvinner,F50-54 50-54 år,2025,Personer,262
4630 Osterøy,2 Kvinner,F55-59 55-59 år,2025,Personer,254
4630 Osterøy,2 Kvinner,F60-64 60-64 år,2025,Personer,228
4630 Osterøy,2 Kvinner,F65-69 65-69 år,2025,Personer,240
4630 Osterøy,2 Kvinner,F70-74 70-74 år,2025,Personer,191
4630 Osterøy,2 Kvinner,F75-79 75-79 år,2025,Personer,190
4630 Osterøy,2 Kvinner,F80-84 80-84 år,2025,Personer,115
4630 Osterøy,2 Kvinner,F85-89 85-89 år,2025,Personer,77
4630 Osterøy,2 Kvinner,F90-94 90-94 år,2025,Personer,44
4630 Osterøy,2 Kvinner,F95-99 95-99 år,2025,Personer,19
4630 Osterøy,2 Kvinner,F100G5+ 100 år eller eldre,2025,Personer,2
4630 Osterøy,1 Menn,F00-04 0-4 år,2025,Personer,208
4630 Osterøy,1 Menn,F05-09 5-9 år,2025,Personer,248
4630 Osterøy,1 Menn,F10-14 10-14 år,2025,Personer,231
4630 Osterøy,1 Menn,F15-19 15-19 år,2025,Personer,285
4630 Osterøy,1 Menn,F20-24 20-24 år,2025,Personer,238
4630 Osterøy,1 Menn,F25-29 25-29 år,2025,Personer,211
4630 Osterøy,1 Menn,F30-34 30-34 år,2025,Personer,274
4630 Osterøy,1 Menn,F35-39 35-39 år,2025,Personer,258
4630 Osterøy,1 Menn,F40-44 40-44 år,2025,Personer,241
4630 Osterøy,1 Menn,F45-49 45-49 år,2025,Personer,256
4630 Osterøy,1 Menn,F50-54 50-54 år,2025,Personer,301
4630 Osterøy,1 Menn,F55-59 55-59 år,2025,Personer,284
4630 Osterøy,1 Menn,F60-64 60-64 år,2025,Personer,255
4630 Osterøy,1 Menn,F65-69 65-69 år,2025,Personer,238
4630 Osterøy,1 Menn,F70-74 70-74 år,2025,Personer,204
4630 Osterøy,1 Menn,F75-79 75-79 år,2025,Personer,209
4630 Osterøy,1 Menn,F80-84 80-84 år,2025,Personer,107
4630 Osterøy,1 Menn,F85-89 85-89 år,2025,Personer,67
4630 Osterøy,1 Menn,F90-94 90-94 år,2025,Personer,29
4630 Osterøy,1 Menn,F95-99 95-99 år,2025,Personer,13
4630 Osterøy,1 Menn,F100G5+ 100 år eller eldre,2025,Personer,1
4631 Alver,2 Kvinner,F00-04 0-4 år,2025,Personer,714
4631 Alver,2 Kvinner,F05-09 5-9 år,2025,Personer,820
4631 Alver,2 Kvinner,F10-14 10-14 år,2025,Personer,985
4631 Alver,2 Kvinner,F15-19 15-19 år,2025,Personer,1010
4631 Alver,2 Kvinner,F20-24 20-24 år,2025,Personer,823
4631 Alver,2 Kvinner,F25-29 25-29 år,2025,Personer,740
4631 Alver,2 Kvinner,F30-34 30-34 år,2025,Personer,916
4631 Alver,2 Kvinner,F35-39 35-39 år,2025,Personer,942
4631 Alver,2 Kvinner,F40-44 40-44 år,2025,Personer,981
4631 Alver,2 Kvinner,F45-49 45-49 år,2025,Personer,996
4631 Alver,2 Kvinner,F50-54 50-54 år,2025,Personer,993
4631 Alver,2 Kvinner,F55-59 55-59 år,2025,Personer,934
4631 Alver,2 Kvinner,F60-64 60-64 år,2025,Personer,779
4631 Alver,2 Kvinner,F65-69 65-69 år,2025,Personer,827
4631 Alver,2 Kvinner,F70-74 70-74 år,2025,Personer,858
4631 Alver,2 Kvinner,F75-79 75-79 år,2025,Personer,669
4631 Alver,2 Kvinner,F80-84 80-84 år,2025,Personer,391
4631 Alver,2 Kvinner,F85-89 85-89 år,2025,Personer,236
4631 Alver,2 Kvinner,F90-94 90-94 år,2025,Personer,118
4631 Alver,2 Kvinner,F95-99 95-99 år,2025,Personer,48
4631 Alver,2 Kvinner,F100G5+ 100 år eller eldre,2025,Personer,8
4631 Alver,1 Menn,F00-04 0-4 år,2025,Personer,715
4631 Alver,1 Menn,F05-09 5-9 år,2025,Personer,921
4631 Alver,1 Menn,F10-14 10-14 år,2025,Personer,1142
4631 Alver,1 Menn,F15-19 15-19 år,2025,Personer,1119
4631 Alver,1 Menn,F20-24 20-24 år,2025,Personer,873
4631 Alver,1 Menn,F25-29 25-29 år,2025,Personer,804
4631 Alver,1 Menn,F30-34 30-34 år,2025,Personer,938
4631 Alver,1 Menn,F35-39 35-39 år,2025,Personer,943
4631 Alver,1 Menn,F40-44 40-44 år,2025,Personer,988
4631 Alver,1 Menn,F45-49 45-49 år,2025,Personer,1006
4631 Alver,1 Menn,F50-54 50-54 år,2025,Personer,1081
4631 Alver,1 Menn,F55-59 55-59 år,2025,Personer,1020
4631 Alver,1 Menn,F60-64 60-64 år,2025,Personer,881
4631 Alver,1 Menn,F65-69 65-69 år,2025,Personer,825
4631 Alver,1 Menn,F70-74 70-74 år,2025,Personer,799
4631 Alver,1 Menn,F75-79 75-79 år,2025,Personer,702
4631 Alver,1 Menn,F80-84 80-84 år,2025,Personer,363
4631 Alver,1 Menn,F85-89 85-89 år,2025,Personer,174
4631 Alver,1 Menn,F90-94 90-94 år,2025,Personer,68
4631 Alver,1 Menn,F95-99 95-99 år,2025,Personer,19
4631 Alver,1 Menn,F100G5+ 100 år eller eldre,2025,Personer,0
4632 Austrheim,2 Kvinner,F00-04 0-4 år,2025,Personer,57
4632 Austrheim,2 Kvinner,F05-09 5-9 år,2025,Personer,83
4632 Austrheim,2 Kvinner,F10-14 10-14 år,2025,Personer,85
4632 Austrheim,2 Kvinner,F15-19 15-19 år,2025,Personer,84
4632 Austrheim,2 Kvinner,F20-24 20-24 år,2025,Personer,79
4632 Austrheim,2 Kvinner,F25-29 25-29 år,2025,Personer,58
4632 Austrheim,2 Kvinner,F30-34 30-34 år,2025,Personer,85
4632 Austrheim,2 Kvinner,F35-39 35-39 år,2025,Personer,75
4632 Austrheim,2 Kvinner,F40-44 40-44 år,2025,Personer,75
4632 Austrheim,2 Kvinner,F45-49 45-49 år,2025,Personer,99
4632 Austrheim,2 Kvinner,F50-54 50-54 år,2025,Personer,72
4632 Austrheim,2 Kvinner,F55-59 55-59 år,2025,Personer,93
4632 Austrheim,2 Kvinner,F60-64 60-64 år,2025,Personer,89
4632 Austrheim,2 Kvinner,F65-69 65-69 år,2025,Personer,77
4632 Austrheim,2 Kvinner,F70-74 70-74 år,2025,Personer,88
4632 Austrheim,2 Kvinner,F75-79 75-79 år,2025,Personer,92
4632 Austrheim,2 Kvinner,F80-84 80-84 år,2025,Personer,56
4632 Austrheim,2 Kvinner,F85-89 85-89 år,2025,Personer,28
4632 Austrheim,2 Kvinner,F90-94 90-94 år,2025,Personer,17
4632 Austrheim,2 Kvinner,F95-99 95-99 år,2025,Personer,3
4632 Austrheim,2 Kvinner,F100G5+ 100 år eller eldre,2025,Personer,1
4632 Austrheim,1 Menn,F00-04 0-4 år,2025,Personer,61
4632 Austrheim,1 Menn,F05-09 5-9 år,2025,Personer,84
4632 Austrheim,1 Menn,F10-14 10-14 år,2025,Personer,89
4632 Austrheim,1 Menn,F15-19 15-19 år,2025,Personer,75
4632 Austrheim,1 Menn,F20-24 20-24 år,2025,Personer,93
4632 Austrheim,1 Menn,F25-29 25-29 år,2025,Personer,86
4632 Austrheim,1 Menn,F30-34 30-34 år,2025,Personer,81
4632 Austrheim,1 Menn,F35-39 35-39 år,2025,Personer,98
4632 Austrheim,1 Menn,F40-44 40-44 år,2025,Personer,78
4632 Austrheim,1 Menn,F45-49 45-49 år,2025,Personer,111
4632 Austrheim,1 Menn,F50-54 50-54 år,2025,Personer,102
4632 Austrheim,1 Menn,F55-59 55-59 år,2025,Personer,106
4632 Austrheim,1 Menn,F60-64 60-64 år,2025,Personer,107
4632 Austrheim,1 Menn,F65-69 65-69 år,2025,Personer,80
4632 Austrheim,1 Menn,F70-74 70-74 år,2025,Personer,94
4632 Austrheim,1 Menn,F75-79 75-79 år,2025,Personer,81
4632 Austrheim,1 Menn,F80-84 80-84 år,2025,Personer,63
4632 Austrheim,1 Menn,F85-89 85-89 år,2025,Personer,22
4632 Austrheim,1 Menn,F90-94 90-94 år,2025,Personer,7
4632 Austrheim,1 Menn,F95-99 95-99 år,2025,Personer,1
4632 Austrheim,1 Menn,F100G5+ 100 år eller eldre,2025,Personer,0
4633 Fedje,2 Kvinner,F00-04 0-4 år,2025,Personer,11
4633 Fedje,2 Kvinner,F05-09 5-9 år,2025,Personer,12
4633 Fedje,2 Kvinner,F10-14 10-14 år,2025,Personer,14
4633 Fedje,2 Kvinner,F15-19 15-19 år,2025,Personer,15
4633 Fedje,2 Kvinner,F20-24 20-24 år,2025,Personer,17
4633 Fedje,2 Kvinner,F25-29 25-29 år,2025,Personer,7
4633 Fedje,2 Kvinner,F30-34 30-34 år,2025,Personer,11
4633 Fedje,2 Kvinner,F35-39 35-39 år,2025,Personer,16
4633 Fedje,2 Kvinner,F40-44 40-44 år,2025,Personer,12
4633 Fedje,2 Kvinner,F45-49 45-49 år,2025,Personer,16
4633 Fedje,2 Kvinner,F50-54 50-54 år,2025,Personer,13
4633 Fedje,2 Kvinner,F55-59 55-59 år,2025,Personer,19
4633 Fedje,2 Kvinner,F60-64 60-64 år,2025,Personer,15
4633 Fedje,2 Kvinner,F65-69 65-69 år,2025,Personer,21
4633 Fedje,2 Kvinner,F70-74 70-74 år,2025,Personer,17
4633 Fedje,2 Kvinner,F75-79 75-79 år,2025,Personer,12
4633 Fedje,2 Kvinner,F80-84 80-84 år,2025,Personer,12
4633 Fedje,2 Kvinner,F85-89 85-89 år,2025,Personer,11
4633 Fedje,2 Kvinner,F90-94 90-94 år,2025,Personer,4
4633 Fedje,2 Kvinner,F95-99 95-99 år,2025,Personer,0
4633 Fedje,2 Kvinner,F100G5+ 100 år eller eldre,2025,Personer,0
4633 Fedje,1 Menn,F00-04 0-4 år,2025,Personer,11
4633 Fedje,1 Menn,F05-09 5-9 år,2025,Personer,19
4633 Fedje,1 Menn,F10-14 10-14 år,2025,Personer,20
4633 Fedje,1 Menn,F15-19 15-19 år,2025,Personer,13
4633 Fedje,1 Menn,F20-24 20-24 år,2025,Personer,15
4633 Fedje,1 Menn,F25-29 25-29 år,2025,Personer,7
4633 Fedje,1 Menn,F30-34 30-34 år,2025,Personer,9
4633 Fedje,1 Menn,F35-39 35-39 år,2025,Personer,9
4633 Fedje,1 Menn,F40-44 40-44 år,2025,Personer,17
4633 Fedje,1 Menn,F45-49 45-49 år,2025,Personer,18
4633 Fedje,1 Menn,F50-54 50-54 år,2025,Personer,12
4633 Fedje,1 Menn,F55-59 55-59 år,2025,Personer,21
4633 Fedje,1 Menn,F60-64 60-64 år,2025,Personer,21
4633 Fedje,1 Menn,F65-69 65-69 år,2025,Personer,19
4633 Fedje,1 Menn,F70-74 70-74 år,2025,Personer,26
4633 Fedje,1 Menn,F75-79 75-79 år,2025,Personer,11
4633 Fedje,1 Menn,F80-84 80-84 år,2025,Personer,10
4633 Fedje,1 Menn,F85-89 85-89 år,2025,Personer,6
4633 Fedje,1 Menn,F90-94 90-94 år,2025,Personer,1
4633 Fedje,1 Menn,F95-99 95-99 år,2025,Personer,1
4633 Fedje,1 Menn,F100G5+ 100 år eller eldre,2025,Personer,0
4634 Masfjorden,2 Kvinner,F00-04 0-4 år,2025,Personer,37
4634 Masfjorden,2 Kvinner,F05-09 5-9 år,2025,Personer,40
4634 Masfjorden,2 Kvinner,F10-14 10-14 år,2025,Personer,60
4634 Masfjorden,2 Kvinner,F15-19 15-19 år,2025,Personer,38
4634 Masfjorden,2 Kvinner,F20-24 20-24 år,2025,Personer,38
4634 Masfjorden,2 Kvinner,F25-29 25-29 år,2025,Personer,34
4634 Masfjorden,2 Kvinner,F30-34 30-34 år,2025,Personer,41
4634 Masfjorden,2 Kvinner,F35-39 35-39 år,2025,Personer,43
4634 Masfjorden,2 Kvinner,F40-44 40-44 år,2025,Personer,49
4634 Masfjorden,2 Kvinner,F45-49 45-49 år,2025,Personer,34
4634 Masfjorden,2 Kvinner,F50-54 50-54 år,2025,Personer,61
4634 Masfjorden,2 Kvinner,F55-59 55-59 år,2025,Personer,48
4634 Masfjorden,2 Kvinner,F60-64 60-64 år,2025,Personer,58
4634 Masfjorden,2 Kvinner,F65-69 65-69 år,2025,Personer,61
4634 Masfjorden,2 Kvinner,F70-74 70-74 år,2025,Personer,44
4634 Masfjorden,2 Kvinner,F75-79 75-79 år,2025,Personer,49
4634 Masfjorden,2 Kvinner,F80-84 80-84 år,2025,Personer,36
4634 Masfjorden,2 Kvinner,F85-89 85-89 år,2025,Personer,17
4634 Masfjorden,2 Kvinner,F90-94 90-94 år,2025,Personer,18
4634 Masfjorden,2 Kvinner,F95-99 95-99 år,2025,Personer,7
4634 Masfjorden,2 Kvinner,F100G5+ 100 år eller eldre,2025,Personer,3
4634 Masfjorden,1 Menn,F00-04 0-4 år,2025,Personer,41
4634 Masfjorden,1 Menn,F05-09 5-9 år,2025,Personer,47
4634 Masfjorden,1 Menn,F10-14 10-14 år,2025,Personer,53
4634 Masfjorden,1 Menn,F15-19 15-19 år,2025,Personer,61
4634 Masfjorden,1 Menn,F20-24 20-24 år,2025,Personer,42
4634 Masfjorden,1 Menn,F25-29 25-29 år,2025,Personer,37
4634 Masfjorden,1 Menn,F30-34 30-34 år,2025,Personer,40
4634 Masfjorden,1 Menn,F35-39 35-39 år,2025,Personer,56
4634 Masfjorden,1 Menn,F40-44 40-44 år,2025,Personer,46
4634 Masfjorden,1 Menn,F45-49 45-49 år,2025,Personer,43
4634 Masfjorden,1 Menn,F50-54 50-54 år,2025,Personer,41
4634 Masfjorden,1 Menn,F55-59 55-59 år,2025,Personer,60
4634 Masfjorden,1 Menn,F60-64 60-64 år,2025,Personer,70
4634 Masfjorden,1 Menn,F65-69 65-69 år,2025,Personer,63
4634 Masfjorden,1 Menn,F70-74 70-74 år,2025,Personer,64
4634 Masfjorden,1 Menn,F75-79 75-79 år,2025,Personer,40
4634 Masfjorden,1 Menn,F80-84 80-84 år,2025,Personer,36
4634 Masfjorden,1 Menn,F85-89 85-89 år,2025,Personer,19
4634 Masfjorden,1 Menn,F90-94 90-94 år,2025,Personer,9
4634 Masfjorden,1 Menn,F95-99 95-99 år,2025,Personer,3
4634 Masfjorden,1 Menn,F100G5+ 100 år eller eldre,2025,Personer,0
4635 Gulen,2 Kvinner,F00-04 0-4 år,2025,Personer,46
4635 Gulen,2 Kvinner,F05-09 5-9 år,2025,Personer,47
4635 Gulen,2 Kvinner,F10-14 10-14 år,2025,Personer,47
4635 Gulen,2 Kvinner,F15-19 15-19 år,2025,Personer,62
4635 Gulen,2 Kvinner,F20-24 20-24 år,2025,Personer,62
4635 Gulen,2 Kvinner,F25-29 25-29 år,2025,Personer,65
4635 Gulen,2 Kvinner,F30-34 30-34 år,2025,Personer,60
4635 Gulen,2 Kvinner,F35-39 35-39 år,2025,Personer,66
4635 Gulen,2 Kvinner,F40-44 40-44 år,2025,Personer,64
4635 Gulen,2 Kvinner,F45-49 45-49 år,2025,Personer,55
4635 Gulen,2 Kvinner,F50-54 50-54 år,2025,Personer,86
4635 Gulen,2 Kvinner,F55-59 55-59 år,2025,Personer,71
4635 Gulen,2 Kvinner,F60-64 60-64 år,2025,Personer,86
4635 Gulen,2 Kvinner,F65-69 65-69 år,2025,Personer,67
4635 Gulen,2 Kvinner,F70-74 70-74 år,2025,Personer,53
4635 Gulen,2 Kvinner,F75-79 75-79 år,2025,Personer,70
4635 Gulen,2 Kvinner,F80-84 80-84 år,2025,Personer,40
4635 Gulen,2 Kvinner,F85-89 85-89 år,2025,Personer,25
4635 Gulen,2 Kvinner,F90-94 90-94 år,2025,Personer,20
4635 Gulen,2 Kvinner,F95-99 95-99 år,2025,Personer,8
4635 Gulen,2 Kvinner,F100G5+ 100 år eller eldre,2025,Personer,2
4635 Gulen,1 Menn,F00-04 0-4 år,2025,Personer,58
4635 Gulen,1 Menn,F05-09 5-9 år,2025,Personer,53
4635 Gulen,1 Menn,F10-14 10-14 år,2025,Personer,61
4635 Gulen,1 Menn,F15-19 15-19 år,2025,Personer,66
4635 Gulen,1 Menn,F20-24 20-24 år,2025,Personer,68
4635 Gulen,1 Menn,F25-29 25-29 år,2025,Personer,55
4635 Gulen,1 Menn,F30-34 30-34 år,2025,Personer,77
4635 Gulen,1 Menn,F35-39 35-39 år,2025,Personer,75
4635 Gulen,1 Menn,F40-44 40-44 år,2025,Personer,59
4635 Gulen,1 Menn,F45-49 45-49 år,2025,Personer,61
4635 Gulen,1 Menn,F50-54 50-54 år,2025,Personer,62
4635 Gulen,1 Menn,F55-59 55-59 år,2025,Personer,101
4635 Gulen,1 Menn,F60-64 60-64 år,2025,Personer,87
4635 Gulen,1 Menn,F65-69 65-69 år,2025,Personer,85
4635 Gulen,1 Menn,F70-74 70-74 år,2025,Personer,61
4635 Gulen,1 Menn,F75-79 75-79 år,2025,Personer,67
4635 Gulen,1 Menn,F80-84 80-84 år,2025,Personer,39
4635 Gulen,1 Menn,F85-89 85-89 år,2025,Personer,17
4635 Gulen,1 Menn,F90-94 90-94 år,2025,Personer,4
4635 Gulen,1 Menn,F95-99 95-99 år,2025,Personer,2
4635 Gulen,1 Menn,F100G5+ 100 år eller eldre,2025,Personer,0
4636 Solund,2 Kvinner,F00-04 0-4 år,2025,Personer,13
4636 Solund,2 Kvinner,F05-09 5-9 år,2025,Personer,14
4636 Solund,2 Kvinner,F10-14 10-14 år,2025,Personer,17
4636 Solund,2 Kvinner,F15-19 15-19 år,2025,Personer,20
4636 Solund,2 Kvinner,F20-24 20-24 år,2025,Personer,26
4636 Solund,2 Kvinner,F25-29 25-29 år,2025,Personer,12
4636 Solund,2 Kvinner,F30-34 30-34 år,2025,Personer,21
4636 Solund,2 Kvinner,F35-39 35-39 år,2025,Personer,15
4636 Solund,2 Kvinner,F40-44 40-44 år,2025,Personer,22
4636 Solund,2 Kvinner,F45-49 45-49 år,2025,Personer,21
4636 Solund,2 Kvinner,F50-54 50-54 år,2025,Personer,20
4636 Solund,2 Kvinner,F55-59 55-59 år,2025,Personer,23
4636 Solund,2 Kvinner,F60-64 60-64 år,2025,Personer,35
4636 Solund,2 Kvinner,F65-69 65-69 år,2025,Personer,29
4636 Solund,2 Kvinner,F70-74 70-74 år,2025,Personer,23
4636 Solund,2 Kvinner,F75-79 75-79 år,2025,Personer,17
4636 Solund,2 Kvinner,F80-84 80-84 år,2025,Personer,19
4636 Solund,2 Kvinner,F85-89 85-89 år,2025,Personer,11
4636 Solund,2 Kvinner,F90-94 90-94 år,2025,Personer,4
4636 Solund,2 Kvinner,F95-99 95-99 år,2025,Personer,2
4636 Solund,2 Kvinner,F100G5+ 100 år eller eldre,2025,Personer,0
4636 Solund,1 Menn,F00-04 0-4 år,2025,Personer,10
4636 Solund,1 Menn,F05-09 5-9 år,2025,Personer,19
4636 Solund,1 Menn,F10-14 10-14 år,2025,Personer,16
4636 Solund,1 Menn,F15-19 15-19 år,2025,Personer,20
4636 Solund,1 Menn,F20-24 20-24 år,2025,Personer,16
4636 Solund,1 Menn,F25-29 25-29 år,2025,Personer,11
4636 Solund,1 Menn,F30-34 30-34 år,2025,Personer,20
4636 Solund,1 Menn,F35-39 35-39 år,2025,Personer,19
4636 Solund,1 Menn,F40-44 40-44 år,2025,Personer,21
4636 Solund,1 Menn,F45-49 45-49 år,2025,Personer,16
4636 Solund,1 Menn,F50-54 50-54 år,2025,Personer,29
4636 Solund,1 Menn,F55-59 55-59 år,2025,Personer,26
4636 Solund,1 Menn,F60-64 60-64 år,2025,Personer,34
4636 Solund,1 Menn,F65-69 65-69 år,2025,Personer,29
4636 Solund,1 Menn,F70-74 70-74 år,2025,Personer,36
4636 Solund,1 Menn,F75-79 75-79 år,2025,Personer,26
4636 Solund,1 Menn,F80-84 80-84 år,2025,Personer,11
4636 Solund,1 Menn,F85-89 85-89 år,2025,Personer,12
4636 Solund,1 Menn,F90-94 90-94 år,2025,Personer,4
4636 Solund,1 Menn,F95-99 95-99 år,2025,Personer,1
4636 Solund,1 Menn,F100G5+ 100 år eller eldre,2025,Personer,0
4637 Hyllestad,2 Kvinner,F00-04 0-4 år,2025,Personer,20
4637 Hyllestad,2 Kvinner,F05-09 5-9 år,2025,Personer,32
4637 Hyllestad,2 Kvinner,F10-14 10-14 år,2025,Personer,31
4637 Hyllestad,2 Kvinner,F15-19 15-19 år,2025,Personer,31
4637 Hyllestad,2 Kvinner,F20-24 20-24 år,2025,Personer,32
4637 Hyllestad,2 Kvinner,F25-29 25-29 år,2025,Personer,25
4637 Hyllestad,2 Kvinner,F30-34 30-34 år,2025,Personer,20
4637 Hyllestad,2 Kvinner,F35-39 35-39 år,2025,Personer,28
4637 Hyllestad,2 Kvinner,F40-44 40-44 år,2025,Personer,41
4637 Hyllestad,2 Kvinner,F45-49 45-49 år,2025,Personer,34
4637 Hyllestad,2 Kvinner,F50-54 50-54 år,2025,Personer,53
4637 Hyllestad,2 Kvinner,F55-59 55-59 år,2025,Personer,40
4637 Hyllestad,2 Kvinner,F60-64 60-64 år,2025,Personer,43
4637 Hyllestad,2 Kvinner,F65-69 65-69 år,2025,Personer,36
4637 Hyllestad,2 Kvinner,F70-74 70-74 år,2025,Personer,43
4637 Hyllestad,2 Kvinner,F75-79 75-79 år,2025,Personer,47
4637 Hyllestad,2 Kvinner,F80-84 80-84 år,2025,Personer,29
4637 Hyllestad,2 Kvinner,F85-89 85-89 år,2025,Personer,24
4637 Hyllestad,2 Kvinner,F90-94 90-94 år,2025,Personer,7
4637 Hyllestad,2 Kvinner,F95-99 95-99 år,2025,Personer,2
4637 Hyllestad,2 Kvinner,F100G5+ 100 år eller eldre,2025,Personer,0
4637 Hyllestad,1 Menn,F00-04 0-4 år,2025,Personer,19
4637 Hyllestad,1 Menn,F05-09 5-9 år,2025,Personer,25
4637 Hyllestad,1 Menn,F10-14 10-14 år,2025,Personer,22
4637 Hyllestad,1 Menn,F15-19 15-19 år,2025,Personer,31
4637 Hyllestad,1 Menn,F20-24 20-24 år,2025,Personer,42
4637 Hyllestad,1 Menn,F25-29 25-29 år,2025,Personer,28
4637 Hyllestad,1 Menn,F30-34 30-34 år,2025,Personer,34
4637 Hyllestad,1 Menn,F35-39 35-39 år,2025,Personer,24
4637 Hyllestad,1 Menn,F40-44 40-44 år,2025,Personer,37
4637 Hyllestad,1 Menn,F45-49 45-49 år,2025,Personer,43
4637 Hyllestad,1 Menn,F50-54 50-54 år,2025,Personer,53
4637 Hyllestad,1 Menn,F55-59 55-59 år,2025,Personer,69
4637 Hyllestad,1 Menn,F60-64 60-64 år,2025,Personer,52
4637 Hyllestad,1 Menn,F65-69 65-69 år,2025,Personer,44
4637 Hyllestad,1 Menn,F70-74 70-74 år,2025,Personer,45
4637 Hyllestad,1 Menn,F75-79 75-79 år,2025,Personer,42
4637 Hyllestad,1 Menn,F80-84 80-84 år,2025,Personer,30
4637 Hyllestad,1 Menn,F85-89 85-89 år,2025,Personer,20
4637 Hyllestad,1 Menn,F90-94 90-94 år,2025,Personer,3
4637 Hyllestad,1 Menn,F95-99 95-99 år,2025,Personer,0
4637 Hyllestad,1 Menn,F100G5+ 100 år eller eldre,2025,Personer,0
4638 Høyanger,2 Kvinner,F00-04 0-4 år,2025,Personer,74
4638 Høyanger,2 Kvinner,F05-09 5-9 år,2025,Personer,69
4638 Høyanger,2 Kvinner,F10-14 10-14 år,2025,Personer,121
4638 Høyanger,2 Kvinner,F15-19 15-19 år,2025,Personer,108
4638 Høyanger,2 Kvinner,F20-24 20-24 år,2025,Personer,112
4638 Høyanger,2 Kvinner,F25-29 25-29 år,2025,Personer,88
4638 Høyanger,2 Kvinner,F30-34 30-34 år,2025,Personer,92
4638 Høyanger,2 Kvinner,F35-39 35-39 år,2025,Personer,91
4638 Høyanger,2 Kvinner,F40-44 40-44 år,2025,Personer,106
4638 Høyanger,2 Kvinner,F45-49 45-49 år,2025,Personer,109
4638 Høyanger,2 Kvinner,F50-54 50-54 år,2025,Personer,138
4638 Høyanger,2 Kvinner,F55-59 55-59 år,2025,Personer,155
4638 Høyanger,2 Kvinner,F60-64 60-64 år,2025,Personer,135
4638 Høyanger,2 Kvinner,F65-69 65-69 år,2025,Personer,116
4638 Høyanger,2 Kvinner,F70-74 70-74 år,2025,Personer,129
4638 Høyanger,2 Kvinner,F75-79 75-79 år,2025,Personer,99
4638 Høyanger,2 Kvinner,F80-84 80-84 år,2025,Personer,84
4638 Høyanger,2 Kvinner,F85-89 85-89 år,2025,Personer,59
4638 Høyanger,2 Kvinner,F90-94 90-94 år,2025,Personer,32
4638 Høyanger,2 Kvinner,F95-99 95-99 år,2025,Personer,4
4638 Høyanger,2 Kvinner,F100G5+ 100 år eller eldre,2025,Personer,6
4638 Høyanger,1 Menn,F00-04 0-4 år,2025,Personer,58
4638 Høyanger,1 Menn,F05-09 5-9 år,2025,Personer,83
4638 Høyanger,1 Menn,F10-14 10-14 år,2025,Personer,115
4638 Høyanger,1 Menn,F15-19 15-19 år,2025,Personer,102
4638 Høyanger,1 Menn,F20-24 20-24 år,2025,Personer,121
4638 Høyanger,1 Menn,F25-29 25-29 år,2025,Personer,125
4638 Høyanger,1 Menn,F30-34 30-34 år,2025,Personer,96
4638 Høyanger,1 Menn,F35-39 35-39 år,2025,Personer,92
4638 Høyanger,1 Menn,F40-44 40-44 år,2025,Personer,96
4638 Høyanger,1 Menn,F45-49 45-49 år,2025,Personer,94
4638 Høyanger,1 Menn,F50-54 50-54 år,2025,Personer,131
4638 Høyanger,1 Menn,F55-59 55-59 år,2025,Personer,175
4638 Høyanger,1 Menn,F60-64 60-64 år,2025,Personer,184
4638 Høyanger,1 Menn,F65-69 65-69 år,2025,Personer,143
4638 Høyanger,1 Menn,F70-74 70-74 år,2025,Personer,122
4638 Høyanger,1 Menn,F75-79 75-79 år,2025,Personer,103
4638 Høyanger,1 Menn,F80-84 80-84 år,2025,Personer,72
4638 Høyanger,1 Menn,F85-89 85-89 år,2025,Personer,35
4638 Høyanger,1 Menn,F90-94 90-94 år,2025,Personer,13
4638 Høyanger,1 Menn,F95-99 95-99 år,2025,Personer,7
4638 Høyanger,1 Menn,F100G5+ 100 år eller eldre,2025,Personer,0
4639 Vik,2 Kvinner,F00-04 0-4 år,2025,Personer,59
4639 Vik,2 Kvinner,F05-09 5-9 år,2025,Personer,65
4639 Vik,2 Kvinner,F10-14 10-14 år,2025,Personer,76
4639 Vik,2 Kvinner,F15-19 15-19 år,2025,Personer,62
4639 Vik,2 Kvinner,F20-24 20-24 år,2025,Personer,69
4639 Vik,2 Kvinner,F25-29 25-29 år,2025,Personer,59
4639 Vik,2 Kvinner,F30-34 30-34 år,2025,Personer,66
4639 Vik,2 Kvinner,F35-39 35-39 år,2025,Personer,60
4639 Vik,2 Kvinner,F40-44 40-44 år,2025,Personer,71
4639 Vik,2 Kvinner,F45-49 45-49 år,2025,Personer,65
4639 Vik,2 Kvinner,F50-54 50-54 år,2025,Personer,79
4639 Vik,2 Kvinner,F55-59 55-59 år,2025,Personer,72
4639 Vik,2 Kvinner,F60-64 60-64 år,2025,Personer,96
4639 Vik,2 Kvinner,F65-69 65-69 år,2025,Personer,85
4639 Vik,2 Kvinner,F70-74 70-74 år,2025,Personer,85
4639 Vik,2 Kvinner,F75-79 75-79 år,2025,Personer,79
4639 Vik,2 Kvinner,F80-84 80-84 år,2025,Personer,53
4639 Vik,2 Kvinner,F85-89 85-89 år,2025,Personer,39
4639 Vik,2 Kvinner,F90-94 90-94 år,2025,Personer,25
4639 Vik,2 Kvinner,F95-99 95-99 år,2025,Personer,2
4639 Vik,2 Kvinner,F100G5+ 100 år eller eldre,2025,Personer,2
4639 Vik,1 Menn,F00-04 0-4 år,2025,Personer,52
4639 Vik,1 Menn,F05-09 5-9 år,2025,Personer,65
4639 Vik,1 Menn,F10-14 10-14 år,2025,Personer,63
4639 Vik,1 Menn,F15-19 15-19 år,2025,Personer,94
4639 Vik,1 Menn,F20-24 20-24 år,2025,Personer,71
4639 Vik,1 Menn,F25-29 25-29 år,2025,Personer,59
4639 Vik,1 Menn,F30-34 30-34 år,2025,Personer,64
4639 Vik,1 Menn,F35-39 35-39 år,2025,Personer,71
4639 Vik,1 Menn,F40-44 40-44 år,2025,Personer,56
4639 Vik,1 Menn,F45-49 45-49 år,2025,Personer,87
4639 Vik,1 Menn,F50-54 50-54 år,2025,Personer,78
4639 Vik,1 Menn,F55-59 55-59 år,2025,Personer,77
4639 Vik,1 Menn,F60-64 60-64 år,2025,Personer,85
4639 Vik,1 Menn,F65-69 65-69 år,2025,Personer,102
4639 Vik,1 Menn,F70-74 70-74 år,2025,Personer,89
4639 Vik,1 Menn,F75-79 75-79 år,2025,Personer,77
4639 Vik,1 Menn,F80-84 80-84 år,2025,Personer,46
4639 Vik,1 Menn,F85-89 85-89 år,2025,Personer,27
4639 Vik,1 Menn,F90-94 90-94 år,2025,Personer,12
4639 Vik,1 Menn,F95-99 95-99 år,2025,Personer,5
4639 Vik,1 Menn,F100G5+ 100 år eller eldre,2025,Personer,1
4640 Sogndal,2 Kvinner,F00-04 0-4 år,2025,Personer,346
4640 Sogndal,2 Kvinner,F05-09 5-9 år,2025,Personer,392
4640 Sogndal,2 Kvinner,F10-14 10-14 år,2025,Personer,350
4640 Sogndal,2 Kvinner,F15-19 15-19 år,2025,Personer,348
4640 Sogndal,2 Kvinner,F20-24 20-24 år,2025,Personer,401
4640 Sogndal,2 Kvinner,F25-29 25-29 år,2025,Personer,418
4640 Sogndal,2 Kvinner,F30-34 30-34 år,2025,Personer,469
4640 Sogndal,2 Kvinner,F35-39 35-39 år,2025,Personer,453
4640 Sogndal,2 Kvinner,F40-44 40-44 år,2025,Personer,370
4640 Sogndal,2 Kvinner,F45-49 45-49 år,2025,Personer,305
4640 Sogndal,2 Kvinner,F50-54 50-54 år,2025,Personer,371
4640 Sogndal,2 Kvinner,F55-59 55-59 år,2025,Personer,360
4640 Sogndal,2 Kvinner,F60-64 60-64 år,2025,Personer,334
4640 Sogndal,2 Kvinner,F65-69 65-69 år,2025,Personer,333
4640 Sogndal,2 Kvinner,F70-74 70-74 år,2025,Personer,269
4640 Sogndal,2 Kvinner,F75-79 75-79 år,2025,Personer,274
4640 Sogndal,2 Kvinner,F80-84 80-84 år,2025,Personer,189
4640 Sogndal,2 Kvinner,F85-89 85-89 år,2025,Personer,105
4640 Sogndal,2 Kvinner,F90-94 90-94 år,2025,Personer,51
4640 Sogndal,2 Kvinner,F95-99 95-99 år,2025,Personer,25
4640 Sogndal,2 Kvinner,F100G5+ 100 år eller eldre,2025,Personer,1
4640 Sogndal,1 Menn,F00-04 0-4 år,2025,Personer,368
4640 Sogndal,1 Menn,F05-09 5-9 år,2025,Personer,400
4640 Sogndal,1 Menn,F10-14 10-14 år,2025,Personer,361
4640 Sogndal,1 Menn,F15-19 15-19 år,2025,Personer,423
4640 Sogndal,1 Menn,F20-24 20-24 år,2025,Personer,454
4640 Sogndal,1 Menn,F25-29 25-29 år,2025,Personer,445
4640 Sogndal,1 Menn,F30-34 30-34 år,2025,Personer,461
4640 Sogndal,1 Menn,F35-39 35-39 år,2025,Personer,461
4640 Sogndal,1 Menn,F40-44 40-44 år,2025,Personer,414
4640 Sogndal,1 Menn,F45-49 45-49 år,2025,Personer,342
4640 Sogndal,1 Menn,F50-54 50-54 år,2025,Personer,380
4640 Sogndal,1 Menn,F55-59 55-59 år,2025,Personer,365
4640 Sogndal,1 Menn,F60-64 60-64 år,2025,Personer,343
4640 Sogndal,1 Menn,F65-69 65-69 år,2025,Personer,299
4640 Sogndal,1 Menn,F70-74 70-74 år,2025,Personer,290
4640 Sogndal,1 Menn,F75-79 75-79 år,2025,Personer,248
4640 Sogndal,1 Menn,F80-84 80-84 år,2025,Personer,162
4640 Sogndal,1 Menn,F85-89 85-89 år,2025,Personer,88
4640 Sogndal,1 Menn,F90-94 90-94 år,2025,Personer,26
4640 Sogndal,1 Menn,F95-99 95-99 år,2025,Personer,2
4640 Sogndal,1 Menn,F100G5+ 100 år eller eldre,2025,Personer,0
4641 Aurland,2 Kvinner,F00-04 0-4 år,2025,Personer,41
4641 Aurland,2 Kvinner,F05-09 5-9 år,2025,Personer,44
4641 Aurland,2 Kvinner,F10-14 10-14 år,2025,Personer,39
4641 Aurland,2 Kvinner,F15-19 15-19 år,2025,Personer,48
4641 Aurland,2 Kvinner,F20-24 20-24 år,2025,Personer,52
4641 Aurland,2 Kvinner,F25-29 25-29 år,2025,Personer,48
4641 Aurland,2 Kvinner,F30-34 30-34 år,2025,Personer,64
4641 Aurland,2 Kvinner,F35-39 35-39 år,2025,Personer,79
4641 Aurland,2 Kvinner,F40-44 40-44 år,2025,Personer,54
4641 Aurland,2 Kvinner,F45-49 45-49 år,2025,Personer,36
4641 Aurland,2 Kvinner,F50-54 50-54 år,2025,Personer,62
4641 Aurland,2 Kvinner,F55-59 55-59 år,2025,Personer,67
4641 Aurland,2 Kvinner,F60-64 60-64 år,2025,Personer,67
4641 Aurland,2 Kvinner,F65-69 65-69 år,2025,Personer,52
4641 Aurland,2 Kvinner,F70-74 70-74 år,2025,Personer,44
4641 Aurland,2 Kvinner,F75-79 75-79 år,2025,Personer,46
4641 Aurland,2 Kvinner,F80-84 80-84 år,2025,Personer,27
4641 Aurland,2 Kvinner,F85-89 85-89 år,2025,Personer,19
4641 Aurland,2 Kvinner,F90-94 90-94 år,2025,Personer,12
4641 Aurland,2 Kvinner,F95-99 95-99 år,2025,Personer,4
4641 Aurland,2 Kvinner,F100G5+ 100 år eller eldre,2025,Personer,0
4641 Aurland,1 Menn,F00-04 0-4 år,2025,Personer,55
4641 Aurland,1 Menn,F05-09 5-9 år,2025,Personer,47
4641 Aurland,1 Menn,F10-14 10-14 år,2025,Personer,31
4641 Aurland,1 Menn,F15-19 15-19 år,2025,Personer,39
4641 Aurland,1 Menn,F20-24 20-24 år,2025,Personer,50
4641 Aurland,1 Menn,F25-29 25-29 år,2025,Personer,54
4641 Aurland,1 Menn,F30-34 30-34 år,2025,Personer,89
4641 Aurland,1 Menn,F35-39 35-39 år,2025,Personer,85
4641 Aurland,1 Menn,F40-44 40-44 år,2025,Personer,57
4641 Aurland,1 Menn,F45-49 45-49 år,2025,Personer,43
4641 Aurland,1 Menn,F50-54 50-54 år,2025,Personer,59
4641 Aurland,1 Menn,F55-59 55-59 år,2025,Personer,60
4641 Aurland,1 Menn,F60-64 60-64 år,2025,Personer,64
4641 Aurland,1 Menn,F65-69 65-69 år,2025,Personer,54
4641 Aurland,1 Menn,F70-74 70-74 år,2025,Personer,49
4641 Aurland,1 Menn,F75-79 75-79 år,2025,Personer,45
4641 Aurland,1 Menn,F80-84 80-84 år,2025,Personer,25
4641 Aurland,1 Menn,F85-89 85-89 år,2025,Personer,18
4641 Aurland,1 Menn,F90-94 90-94 år,2025,Personer,4
4641 Aurland,1 Menn,F95-99 95-99 år,2025,Personer,3
4641 Aurland,1 Menn,F100G5+ 100 år eller eldre,2025,Personer,0
4642 Lærdal,2 Kvinner,F00-04 0-4 år,2025,Personer,53
4642 Lærdal,2 Kvinner,F05-09 5-9 år,2025,Personer,43
4642 Lærdal,2 Kvinner,F10-14 10-14 år,2025,Personer,49
4642 Lærdal,2 Kvinner,F15-19 15-19 år,2025,Personer,61
4642 Lærdal,2 Kvinner,F20-24 20-24 år,2025,Personer,59
4642 Lærdal,2 Kvinner,F25-29 25-29 år,2025,Personer,50
4642 Lærdal,2 Kvinner,F30-34 30-34 år,2025,Personer,61
4642 Lærdal,2 Kvinner,F35-39 35-39 år,2025,Personer,67
4642 Lærdal,2 Kvinner,F40-44 40-44 år,2025,Personer,49
4642 Lærdal,2 Kvinner,F45-49 45-49 år,2025,Personer,66
4642 Lærdal,2 Kvinner,F50-54 50-54 år,2025,Personer,61
4642 Lærdal,2 Kvinner,F55-59 55-59 år,2025,Personer,79
4642 Lærdal,2 Kvinner,F60-64 60-64 år,2025,Personer,69
4642 Lærdal,2 Kvinner,F65-69 65-69 år,2025,Personer,75
4642 Lærdal,2 Kvinner,F70-74 70-74 år,2025,Personer,77
4642 Lærdal,2 Kvinner,F75-79 75-79 år,2025,Personer,70
4642 Lærdal,2 Kvinner,F80-84 80-84 år,2025,Personer,31
4642 Lærdal,2 Kvinner,F85-89 85-89 år,2025,Personer,20
4642 Lærdal,2 Kvinner,F90-94 90-94 år,2025,Personer,16
4642 Lærdal,2 Kvinner,F95-99 95-99 år,2025,Personer,5
4642 Lærdal,2 Kvinner,F100G5+ 100 år eller eldre,2025,Personer,2
4642 Lærdal,1 Menn,F00-04 0-4 år,2025,Personer,61
4642 Lærdal,1 Menn,F05-09 5-9 år,2025,Personer,65
4642 Lærdal,1 Menn,F10-14 10-14 år,2025,Personer,69
4642 Lærdal,1 Menn,F15-19 15-19 år,2025,Personer,66
4642 Lærdal,1 Menn,F20-24 20-24 år,2025,Personer,66
4642 Lærdal,1 Menn,F25-29 25-29 år,2025,Personer,57
4642 Lærdal,1 Menn,F30-34 30-34 år,2025,Personer,54
4642 Lærdal,1 Menn,F35-39 35-39 år,2025,Personer,64
4642 Lærdal,1 Menn,F40-44 40-44 år,2025,Personer,54
4642 Lærdal,1 Menn,F45-49 45-49 år,2025,Personer,59
4642 Lærdal,1 Menn,F50-54 50-54 år,2025,Personer,81
4642 Lærdal,1 Menn,F55-59 55-59 år,2025,Personer,97
4642 Lærdal,1 Menn,F60-64 60-64 år,2025,Personer,70
4642 Lærdal,1 Menn,F65-69 65-69 år,2025,Personer,72
4642 Lærdal,1 Menn,F70-74 70-74 år,2025,Personer,64
4642 Lærdal,1 Menn,F75-79 75-79 år,2025,Personer,67
4642 Lærdal,1 Menn,F80-84 80-84 år,2025,Personer,37
4642 Lærdal,1 Menn,F85-89 85-89 år,2025,Personer,15
4642 Lærdal,1 Menn,F90-94 90-94 år,2025,Personer,6
4642 Lærdal,1 Menn,F95-99 95-99 år,2025,Personer,1
4642 Lærdal,1 Menn,F100G5+ 100 år eller eldre,2025,Personer,0
4643 Årdal,2 Kvinner,F00-04 0-4 år,2025,Personer,103
4643 Årdal,2 Kvinner,F05-09 5-9 år,2025,Personer,122
4643 Årdal,2 Kvinner,F10-14 10-14 år,2025,Personer,137
4643 Årdal,2 Kvinner,F15-19 15-19 år,2025,Personer,127
4643 Årdal,2 Kvinner,F20-24 20-24 år,2025,Personer,130
4643 Årdal,2 Kvinner,F25-29 25-29 år,2025,Personer,115
4643 Årdal,2 Kvinner,F30-34 30-34 år,2025,Personer,147
4643 Årdal,2 Kvinner,F35-39 35-39 år,2025,Personer,135
4643 Årdal,2 Kvinner,F40-44 40-44 år,2025,Personer,153
4643 Årdal,2 Kvinner,F45-49 45-49 år,2025,Personer,133
4643 Årdal,2 Kvinner,F50-54 50-54 år,2025,Personer,175
4643 Årdal,2 Kvinner,F55-59 55-59 år,2025,Personer,188
4643 Årdal,2 Kvinner,F60-64 60-64 år,2025,Personer,186
4643 Årdal,2 Kvinner,F65-69 65-69 år,2025,Personer,152
4643 Årdal,2 Kvinner,F70-74 70-74 år,2025,Personer,157
4643 Årdal,2 Kvinner,F75-79 75-79 år,2025,Personer,129
4643 Årdal,2 Kvinner,F80-84 80-84 år,2025,Personer,117
4643 Årdal,2 Kvinner,F85-89 85-89 år,2025,Personer,67
4643 Årdal,2 Kvinner,F90-94 90-94 år,2025,Personer,47
4643 Årdal,2 Kvinner,F95-99 95-99 år,2025,Personer,11
4643 Årdal,2 Kvinner,F100G5+ 100 år eller eldre,2025,Personer,0
4643 Årdal,1 Menn,F00-04 0-4 år,2025,Personer,103
4643 Årdal,1 Menn,F05-09 5-9 år,2025,Personer,148
4643 Årdal,1 Menn,F10-14 10-14 år,2025,Personer,157
4643 Årdal,1 Menn,F15-19 15-19 år,2025,Personer,147
4643 Årdal,1 Menn,F20-24 20-24 år,2025,Personer,129
4643 Årdal,1 Menn,F25-29 25-29 år,2025,Personer,188
4643 Årdal,1 Menn,F30-34 30-34 år,2025,Personer,143
4643 Årdal,1 Menn,F35-39 35-39 år,2025,Personer,148
4643 Årdal,1 Menn,F40-44 40-44 år,2025,Personer,151
4643 Årdal,1 Menn,F45-49 45-49 år,2025,Personer,148
4643 Årdal,1 Menn,F50-54 50-54 år,2025,Personer,176
4643 Årdal,1 Menn,F55-59 55-59 år,2025,Personer,221
4643 Årdal,1 Menn,F60-64 60-64 år,2025,Personer,214
4643 Årdal,1 Menn,F65-69 65-69 år,2025,Personer,187
4643 Årdal,1 Menn,F70-74 70-74 år,2025,Personer,134
4643 Årdal,1 Menn,F75-79 75-79 år,2025,Personer,132
4643 Årdal,1 Menn,F80-84 80-84 år,2025,Personer,86
4643 Årdal,1 Menn,F85-89 85-89 år,2025,Personer,45
4643 Årdal,1 Menn,F90-94 90-94 år,2025,Personer,19
4643 Årdal,1 Menn,F95-99 95-99 år,2025,Personer,6
4643 Årdal,1 Menn,F100G5+ 100 år eller eldre,2025,Personer,0
4644 Luster,2 Kvinner,F00-04 0-4 år,2025,Personer,150
4644 Luster,2 Kvinner,F05-09 5-9 år,2025,Personer,159
4644 Luster,2 Kvinner,F10-14 10-14 år,2025,Personer,153
4644 Luster,2 Kvinner,F15-19 15-19 år,2025,Personer,154
4644 Luster,2 Kvinner,F20-24 20-24 år,2025,Personer,144
4644 Luster,2 Kvinner,F25-29 25-29 år,2025,Personer,131
4644 Luster,2 Kvinner,F30-34 30-34 år,2025,Personer,163
4644 Luster,2 Kvinner,F35-39 35-39 år,2025,Personer,174
4644 Luster,2 Kvinner,F40-44 40-44 år,2025,Personer,173
4644 Luster,2 Kvinner,F45-49 45-49 år,2025,Personer,141
4644 Luster,2 Kvinner,F50-54 50-54 år,2025,Personer,176
4644 Luster,2 Kvinner,F55-59 55-59 år,2025,Personer,185
4644 Luster,2 Kvinner,F60-64 60-64 år,2025,Personer,156
4644 Luster,2 Kvinner,F65-69 65-69 år,2025,Personer,167
4644 Luster,2 Kvinner,F70-74 70-74 år,2025,Personer,144
4644 Luster,2 Kvinner,F75-79 75-79 år,2025,Personer,125
4644 Luster,2 Kvinner,F80-84 80-84 år,2025,Personer,102
4644 Luster,2 Kvinner,F85-89 85-89 år,2025,Personer,54
4644 Luster,2 Kvinner,F90-94 90-94 år,2025,Personer,27
4644 Luster,2 Kvinner,F95-99 95-99 år,2025,Personer,17
4644 Luster,2 Kvinner,F100G5+ 100 år eller eldre,2025,Personer,2
4644 Luster,1 Menn,F00-04 0-4 år,2025,Personer,143
4644 Luster,1 Menn,F05-09 5-9 år,2025,Personer,166
4644 Luster,1 Menn,F10-14 10-14 år,2025,Personer,170
4644 Luster,1 Menn,F15-19 15-19 år,2025,Personer,180
4644 Luster,1 Menn,F20-24 20-24 år,2025,Personer,181
4644 Luster,1 Menn,F25-29 25-29 år,2025,Personer,141
4644 Luster,1 Menn,F30-34 30-34 år,2025,Personer,163
4644 Luster,1 Menn,F35-39 35-39 år,2025,Personer,172
4644 Luster,1 Menn,F40-44 40-44 år,2025,Personer,143
4644 Luster,1 Menn,F45-49 45-49 år,2025,Personer,151
4644 Luster,1 Menn,F50-54 50-54 år,2025,Personer,163
4644 Luster,1 Menn,F55-59 55-59 år,2025,Personer,170
4644 Luster,1 Menn,F60-64 60-64 år,2025,Personer,180
4644 Luster,1 Menn,F65-69 65-69 år,2025,Personer,177
4644 Luster,1 Menn,F70-74 70-74 år,2025,Personer,151
4644 Luster,1 Menn,F75-79 75-79 år,2025,Personer,130
4644 Luster,1 Menn,F80-84 80-84 år,2025,Personer,83
4644 Luster,1 Menn,F85-89 85-89 år,2025,Personer,51
4644 Luster,1 Menn,F90-94 90-94 år,2025,Personer,16
4644 Luster,1 Menn,F95-99 95-99 år,2025,Personer,3
4644 Luster,1 Menn,F100G5+ 100 år eller eldre,2025,Personer,1
4645 Askvoll,2 Kvinner,F00-04 0-4 år,2025,Personer,53
4645 Askvoll,2 Kvinner,F05-09 5-9 år,2025,Personer,65
4645 Askvoll,2 Kvinner,F10-14 10-14 år,2025,Personer,91
4645 Askvoll,2 Kvinner,F15-19 15-19 år,2025,Personer,84
4645 Askvoll,2 Kvinner,F20-24 20-24 år,2025,Personer,78
4645 Askvoll,2 Kvinner,F25-29 25-29 år,2025,Personer,51
4645 Askvoll,2 Kvinner,F30-34 30-34 år,2025,Personer,76
4645 Askvoll,2 Kvinner,F35-39 35-39 år,2025,Personer,80
4645 Askvoll,2 Kvinner,F40-44 40-44 år,2025,Personer,68
4645 Askvoll,2 Kvinner,F45-49 45-49 år,2025,Personer,77
4645 Askvoll,2 Kvinner,F50-54 50-54 år,2025,Personer,80
4645 Askvoll,2 Kvinner,F55-59 55-59 år,2025,Personer,105
4645 Askvoll,2 Kvinner,F60-64 60-64 år,2025,Personer,115
4645 Askvoll,2 Kvinner,F65-69 65-69 år,2025,Personer,99
4645 Askvoll,2 Kvinner,F70-74 70-74 år,2025,Personer,97
4645 Askvoll,2 Kvinner,F75-79 75-79 år,2025,Personer,88
4645 Askvoll,2 Kvinner,F80-84 80-84 år,2025,Personer,55
4645 Askvoll,2 Kvinner,F85-89 85-89 år,2025,Personer,41
4645 Askvoll,2 Kvinner,F90-94 90-94 år,2025,Personer,23
4645 Askvoll,2 Kvinner,F95-99 95-99 år,2025,Personer,5
4645 Askvoll,2 Kvinner,F100G5+ 100 år eller eldre,2025,Personer,2
4645 Askvoll,1 Menn,F00-04 0-4 år,2025,Personer,69
4645 Askvoll,1 Menn,F05-09 5-9 år,2025,Personer,104
4645 Askvoll,1 Menn,F10-14 10-14 år,2025,Personer,82
4645 Askvoll,1 Menn,F15-19 15-19 år,2025,Personer,97
4645 Askvoll,1 Menn,F20-24 20-24 år,2025,Personer,78
4645 Askvoll,1 Menn,F25-29 25-29 år,2025,Personer,57
4645 Askvoll,1 Menn,F30-34 30-34 år,2025,Personer,57
4645 Askvoll,1 Menn,F35-39 35-39 år,2025,Personer,80
4645 Askvoll,1 Menn,F40-44 40-44 år,2025,Personer,84
4645 Askvoll,1 Menn,F45-49 45-49 år,2025,Personer,75
4645 Askvoll,1 Menn,F50-54 50-54 år,2025,Personer,88
4645 Askvoll,1 Menn,F55-59 55-59 år,2025,Personer,102
4645 Askvoll,1 Menn,F60-64 60-64 år,2025,Personer,98
4645 Askvoll,1 Menn,F65-69 65-69 år,2025,Personer,120
4645 Askvoll,1 Menn,F70-74 70-74 år,2025,Personer,106
4645 Askvoll,1 Menn,F75-79 75-79 år,2025,Personer,81
4645 Askvoll,1 Menn,F80-84 80-84 år,2025,Personer,69
4645 Askvoll,1 Menn,F85-89 85-89 år,2025,Personer,34
4645 Askvoll,1 Menn,F90-94 90-94 år,2025,Personer,14
4645 Askvoll,1 Menn,F95-99 95-99 år,2025,Personer,1
4645 Askvoll,1 Menn,F100G5+ 100 år eller eldre,2025,Personer,1
4646 Fjaler,2 Kvinner,F00-04 0-4 år,2025,Personer,80
4646 Fjaler,2 Kvinner,F05-09 5-9 år,2025,Personer,70
4646 Fjaler,2 Kvinner,F10-14 10-14 år,2025,Personer,95
4646 Fjaler,2 Kvinner,F15-19 15-19 år,2025,Personer,181
4646 Fjaler,2 Kvinner,F20-24 20-24 år,2025,Personer,101
4646 Fjaler,2 Kvinner,F25-29 25-29 år,2025,Personer,44
4646 Fjaler,2 Kvinner,F30-34 30-34 år,2025,Personer,80
4646 Fjaler,2 Kvinner,F35-39 35-39 år,2025,Personer,71
4646 Fjaler,2 Kvinner,F40-44 40-44 år,2025,Personer,77
4646 Fjaler,2 Kvinner,F45-49 45-49 år,2025,Personer,90
4646 Fjaler,2 Kvinner,F50-54 50-54 år,2025,Personer,77
4646 Fjaler,2 Kvinner,F55-59 55-59 år,2025,Personer,84
4646 Fjaler,2 Kvinner,F60-64 60-64 år,2025,Personer,59
4646 Fjaler,2 Kvinner,F65-69 65-69 år,2025,Personer,86
4646 Fjaler,2 Kvinner,F70-74 70-74 år,2025,Personer,85
4646 Fjaler,2 Kvinner,F75-79 75-79 år,2025,Personer,63
4646 Fjaler,2 Kvinner,F80-84 80-84 år,2025,Personer,42
4646 Fjaler,2 Kvinner,F85-89 85-89 år,2025,Personer,44
4646 Fjaler,2 Kvinner,F90-94 90-94 år,2025,Personer,19
4646 Fjaler,2 Kvinner,F95-99 95-99 år,2025,Personer,4
4646 Fjaler,2 Kvinner,F100G5+ 100 år eller eldre,2025,Personer,0
4646 Fjaler,1 Menn,F00-04 0-4 år,2025,Personer,78
4646 Fjaler,1 Menn,F05-09 5-9 år,2025,Personer,83
4646 Fjaler,1 Menn,F10-14 10-14 år,2025,Personer,105
4646 Fjaler,1 Menn,F15-19 15-19 år,2025,Personer,124
4646 Fjaler,1 Menn,F20-24 20-24 år,2025,Personer,95
4646 Fjaler,1 Menn,F25-29 25-29 år,2025,Personer,66
4646 Fjaler,1 Menn,F30-34 30-34 år,2025,Personer,91
4646 Fjaler,1 Menn,F35-39 35-39 år,2025,Personer,78
4646 Fjaler,1 Menn,F40-44 40-44 år,2025,Personer,77
4646 Fjaler,1 Menn,F45-49 45-49 år,2025,Personer,55
4646 Fjaler,1 Menn,F50-54 50-54 år,2025,Personer,99
4646 Fjaler,1 Menn,F55-59 55-59 år,2025,Personer,86
4646 Fjaler,1 Menn,F60-64 60-64 år,2025,Personer,88
4646 Fjaler,1 Menn,F65-69 65-69 år,2025,Personer,80
4646 Fjaler,1 Menn,F70-74 70-74 år,2025,Personer,89
4646 Fjaler,1 Menn,F75-79 75-79 år,2025,Personer,84
4646 Fjaler,1 Menn,F80-84 80-84 år,2025,Personer,58
4646 Fjaler,1 Menn,F85-89 85-89 år,2025,Personer,23
4646 Fjaler,1 Menn,F90-94 90-94 år,2025,Personer,12
4646 Fjaler,1 Menn,F95-99 95-99 år,2025,Personer,0
4646 Fjaler,1 Menn,F100G5+ 100 år eller eldre,2025,Personer,1
4647 Sunnfjord,2 Kvinner,F00-04 0-4 år,2025,Personer,555
4647 Sunnfjord,2 Kvinner,F05-09 5-9 år,2025,Personer,634
4647 Sunnfjord,2 Kvinner,F10-14 10-14 år,2025,Personer,732
4647 Sunnfjord,2 Kvinner,F15-19 15-19 år,2025,Personer,734
4647 Sunnfjord,2 Kvinner,F20-24 20-24 år,2025,Personer,659
4647 Sunnfjord,2 Kvinner,F25-29 25-29 år,2025,Personer,636
4647 Sunnfjord,2 Kvinner,F30-34 30-34 år,2025,Personer,717
4647 Sunnfjord,2 Kvinner,F35-39 35-39 år,2025,Personer,712
4647 Sunnfjord,2 Kvinner,F40-44 40-44 år,2025,Personer,681
4647 Sunnfjord,2 Kvinner,F45-49 45-49 år,2025,Personer,652
4647 Sunnfjord,2 Kvinner,F50-54 50-54 år,2025,Personer,739
4647 Sunnfjord,2 Kvinner,F55-59 55-59 år,2025,Personer,657
4647 Sunnfjord,2 Kvinner,F60-64 60-64 år,2025,Personer,672
4647 Sunnfjord,2 Kvinner,F65-69 65-69 år,2025,Personer,647
4647 Sunnfjord,2 Kvinner,F70-74 70-74 år,2025,Personer,574
4647 Sunnfjord,2 Kvinner,F75-79 75-79 år,2025,Personer,451
4647 Sunnfjord,2 Kvinner,F80-84 80-84 år,2025,Personer,284
4647 Sunnfjord,2 Kvinner,F85-89 85-89 år,2025,Personer,185
4647 Sunnfjord,2 Kvinner,F90-94 90-94 år,2025,Personer,84
4647 Sunnfjord,2 Kvinner,F95-99 95-99 år,2025,Personer,31
4647 Sunnfjord,2 Kvinner,F100G5+ 100 år eller eldre,2025,Personer,5
4647 Sunnfjord,1 Menn,F00-04 0-4 år,2025,Personer,641
4647 Sunnfjord,1 Menn,F05-09 5-9 år,2025,Personer,692
4647 Sunnfjord,1 Menn,F10-14 10-14 år,2025,Personer,797
4647 Sunnfjord,1 Menn,F15-19 15-19 år,2025,Personer,876
4647 Sunnfjord,1 Menn,F20-24 20-24 år,2025,Personer,787
4647 Sunnfjord,1 Menn,F25-29 25-29 år,2025,Personer,704
4647 Sunnfjord,1 Menn,F30-34 30-34 år,2025,Personer,780
4647 Sunnfjord,1 Menn,F35-39 35-39 år,2025,Personer,736
4647 Sunnfjord,1 Menn,F40-44 40-44 år,2025,Personer,761
4647 Sunnfjord,1 Menn,F45-49 45-49 år,2025,Personer,665
4647 Sunnfjord,1 Menn,F50-54 50-54 år,2025,Personer,760
4647 Sunnfjord,1 Menn,F55-59 55-59 år,2025,Personer,707
4647 Sunnfjord,1 Menn,F60-64 60-64 år,2025,Personer,658
4647 Sunnfjord,1 Menn,F65-69 65-69 år,2025,Personer,618
4647 Sunnfjord,1 Menn,F70-74 70-74 år,2025,Personer,556
4647 Sunnfjord,1 Menn,F75-79 75-79 år,2025,Personer,440
4647 Sunnfjord,1 Menn,F80-84 80-84 år,2025,Personer,236
4647 Sunnfjord,1 Menn,F85-89 85-89 år,2025,Personer,150
4647 Sunnfjord,1 Menn,F90-94 90-94 år,2025,Personer,48
4647 Sunnfjord,1 Menn,F95-99 95-99 år,2025,Personer,9
4647 Sunnfjord,1 Menn,F100G5+ 100 år eller eldre,2025,Personer,0
4648 Bremanger,2 Kvinner,F00-04 0-4 år,2025,Personer,54
4648 Bremanger,2 Kvinner,F05-09 5-9 år,2025,Personer,74
4648 Bremanger,2 Kvinner,F10-14 10-14 år,2025,Personer,79
4648 Bremanger,2 Kvinner,F15-19 15-19 år,2025,Personer,99
4648 Bremanger,2 Kvinner,F20-24 20-24 år,2025,Personer,85
4648 Bremanger,2 Kvinner,F25-29 25-29 år,2025,Personer,68
4648 Bremanger,2 Kvinner,F30-34 30-34 år,2025,Personer,80
4648 Bremanger,2 Kvinner,F35-39 35-39 år,2025,Personer,70
4648 Bremanger,2 Kvinner,F40-44 40-44 år,2025,Personer,87
4648 Bremanger,2 Kvinner,F45-49 45-49 år,2025,Personer,98
4648 Bremanger,2 Kvinner,F50-54 50-54 år,2025,Personer,127
4648 Bremanger,2 Kvinner,F55-59 55-59 år,2025,Personer,126
4648 Bremanger,2 Kvinner,F60-64 60-64 år,2025,Personer,102
4648 Bremanger,2 Kvinner,F65-69 65-69 år,2025,Personer,101
4648 Bremanger,2 Kvinner,F70-74 70-74 år,2025,Personer,100
4648 Bremanger,2 Kvinner,F75-79 75-79 år,2025,Personer,98
4648 Bremanger,2 Kvinner,F80-84 80-84 år,2025,Personer,90
4648 Bremanger,2 Kvinner,F85-89 85-89 år,2025,Personer,57
4648 Bremanger,2 Kvinner,F90-94 90-94 år,2025,Personer,32
4648 Bremanger,2 Kvinner,F95-99 95-99 år,2025,Personer,13
4648 Bremanger,2 Kvinner,F100G5+ 100 år eller eldre,2025,Personer,3
4648 Bremanger,1 Menn,F00-04 0-4 år,2025,Personer,74
4648 Bremanger,1 Menn,F05-09 5-9 år,2025,Personer,76
4648 Bremanger,1 Menn,F10-14 10-14 år,2025,Personer,106
4648 Bremanger,1 Menn,F15-19 15-19 år,2025,Personer,99
4648 Bremanger,1 Menn,F20-24 20-24 år,2025,Personer,108
4648 Bremanger,1 Menn,F25-29 25-29 år,2025,Personer,91
4648 Bremanger,1 Menn,F30-34 30-34 år,2025,Personer,63
4648 Bremanger,1 Menn,F35-39 35-39 år,2025,Personer,98
4648 Bremanger,1 Menn,F40-44 40-44 år,2025,Personer,83
4648 Bremanger,1 Menn,F45-49 45-49 år,2025,Personer,103
4648 Bremanger,1 Menn,F50-54 50-54 år,2025,Personer,127
4648 Bremanger,1 Menn,F55-59 55-59 år,2025,Personer,124
4648 Bremanger,1 Menn,F60-64 60-64 år,2025,Personer,145
4648 Bremanger,1 Menn,F65-69 65-69 år,2025,Personer,117
4648 Bremanger,1 Menn,F70-74 70-74 år,2025,Personer,99
4648 Bremanger,1 Menn,F75-79 75-79 år,2025,Personer,106
4648 Bremanger,1 Menn,F80-84 80-84 år,2025,Personer,53
4648 Bremanger,1 Menn,F85-89 85-89 år,2025,Personer,33
4648 Bremanger,1 Menn,F90-94 90-94 år,2025,Personer,8
4648 Bremanger,1 Menn,F95-99 95-99 år,2025,Personer,4
4648 Bremanger,1 Menn,F100G5+ 100 år eller eldre,2025,Personer,1
4649 Stad,2 Kvinner,F00-04 0-4 år,2025,Personer,251
4649 Stad,2 Kvinner,F05-09 5-9 år,2025,Personer,266
4649 Stad,2 Kvinner,F10-14 10-14 år,2025,Personer,284
4649 Stad,2 Kvinner,F15-19 15-19 år,2025,Personer,299
4649 Stad,2 Kvinner,F20-24 20-24 år,2025,Personer,280
4649 Stad,2 Kvinner,F25-29 25-29 år,2025,Personer,249
4649 Stad,2 Kvinner,F30-34 30-34 år,2025,Personer,263
4649 Stad,2 Kvinner,F35-39 35-39 år,2025,Personer,268
4649 Stad,2 Kvinner,F40-44 40-44 år,2025,Personer,274
4649 Stad,2 Kvinner,F45-49 45-49 år,2025,Personer,270
4649 Stad,2 Kvinner,F50-54 50-54 år,2025,Personer,293
4649 Stad,2 Kvinner,F55-59 55-59 år,2025,Personer,304
4649 Stad,2 Kvinner,F60-64 60-64 år,2025,Personer,282
4649 Stad,2 Kvinner,F65-69 65-69 år,2025,Personer,317
4649 Stad,2 Kvinner,F70-74 70-74 år,2025,Personer,255
4649 Stad,2 Kvinner,F75-79 75-79 år,2025,Personer,231
4649 Stad,2 Kvinner,F80-84 80-84 år,2025,Personer,161
4649 Stad,2 Kvinner,F85-89 85-89 år,2025,Personer,106
4649 Stad,2 Kvinner,F90-94 90-94 år,2025,Personer,47
4649 Stad,2 Kvinner,F95-99 95-99 år,2025,Personer,25
4649 Stad,2 Kvinner,F100G5+ 100 år eller eldre,2025,Personer,6
4649 Stad,1 Menn,F00-04 0-4 år,2025,Personer,253
4649 Stad,1 Menn,F05-09 5-9 år,2025,Personer,271
4649 Stad,1 Menn,F10-14 10-14 år,2025,Personer,327
4649 Stad,1 Menn,F15-19 15-19 år,2025,Personer,296
4649 Stad,1 Menn,F20-24 20-24 år,2025,Personer,267
4649 Stad,1 Menn,F25-29 25-29 år,2025,Personer,273
4649 Stad,1 Menn,F30-34 30-34 år,2025,Personer,301
4649 Stad,1 Menn,F35-39 35-39 år,2025,Personer,282
4649 Stad,1 Menn,F40-44 40-44 år,2025,Personer,281
4649 Stad,1 Menn,F45-49 45-49 år,2025,Personer,293
4649 Stad,1 Menn,F50-54 50-54 år,2025,Personer,294
4649 Stad,1 Menn,F55-59 55-59 år,2025,Personer,347
4649 Stad,1 Menn,F60-64 60-64 år,2025,Personer,332
4649 Stad,1 Menn,F65-69 65-69 år,2025,Personer,325
4649 Stad,1 Menn,F70-74 70-74 år,2025,Personer,291
4649 Stad,1 Menn,F75-79 75-79 år,2025,Personer,238
4649 Stad,1 Menn,F80-84 80-84 år,2025,Personer,132
4649 Stad,1 Menn,F85-89 85-89 år,2025,Personer,83
4649 Stad,1 Menn,F90-94 90-94 år,2025,Personer,31
4649 Stad,1 Menn,F95-99 95-99 år,2025,Personer,7
4649 Stad,1 Menn,F100G5+ 100 år eller eldre,2025,Personer,0
4650 Gloppen,2 Kvinner,F00-04 0-4 år,2025,Personer,135
4650 Gloppen,2 Kvinner,F05-09 5-9 år,2025,Personer,173
4650 Gloppen,2 Kvinner,F10-14 10-14 år,2025,Personer,178
4650 Gloppen,2 Kvinner,F15-19 15-19 år,2025,Personer,177
4650 Gloppen,2 Kvinner,F20-24 20-24 år,2025,Personer,176
4650 Gloppen,2 Kvinner,F25-29 25-29 år,2025,Personer,126
4650 Gloppen,2 Kvinner,F30-34 30-34 år,2025,Personer,146
4650 Gloppen,2 Kvinner,F35-39 35-39 år,2025,Personer,186
4650 Gloppen,2 Kvinner,F40-44 40-44 år,2025,Personer,178
4650 Gloppen,2 Kvinner,F45-49 45-49 år,2025,Personer,156
4650 Gloppen,2 Kvinner,F50-54 50-54 år,2025,Personer,193
4650 Gloppen,2 Kvinner,F55-59 55-59 år,2025,Personer,163
4650 Gloppen,2 Kvinner,F60-64 60-64 år,2025,Personer,189
4650 Gloppen,2 Kvinner,F65-69 65-69 år,2025,Personer,171
4650 Gloppen,2 Kvinner,F70-74 70-74 år,2025,Personer,196
4650 Gloppen,2 Kvinner,F75-79 75-79 år,2025,Personer,164
4650 Gloppen,2 Kvinner,F80-84 80-84 år,2025,Personer,101
4650 Gloppen,2 Kvinner,F85-89 85-89 år,2025,Personer,73
4650 Gloppen,2 Kvinner,F90-94 90-94 år,2025,Personer,39
4650 Gloppen,2 Kvinner,F95-99 95-99 år,2025,Personer,9
4650 Gloppen,2 Kvinner,F100G5+ 100 år eller eldre,2025,Personer,5
4650 Gloppen,1 Menn,F00-04 0-4 år,2025,Personer,166
4650 Gloppen,1 Menn,F05-09 5-9 år,2025,Personer,184
4650 Gloppen,1 Menn,F10-14 10-14 år,2025,Personer,183
4650 Gloppen,1 Menn,F15-19 15-19 år,2025,Personer,213
4650 Gloppen,1 Menn,F20-24 20-24 år,2025,Personer,217
4650 Gloppen,1 Menn,F25-29 25-29 år,2025,Personer,107
4650 Gloppen,1 Menn,F30-34 30-34 år,2025,Personer,155
4650 Gloppen,1 Menn,F35-39 35-39 år,2025,Personer,188
4650 Gloppen,1 Menn,F40-44 40-44 år,2025,Personer,157
4650 Gloppen,1 Menn,F45-49 45-49 år,2025,Personer,167
4650 Gloppen,1 Menn,F50-54 50-54 år,2025,Personer,215
4650 Gloppen,1 Menn,F55-59 55-59 år,2025,Personer,185
4650 Gloppen,1 Menn,F60-64 60-64 år,2025,Personer,192
4650 Gloppen,1 Menn,F65-69 65-69 år,2025,Personer,184
4650 Gloppen,1 Menn,F70-74 70-74 år,2025,Personer,185
4650 Gloppen,1 Menn,F75-79 75-79 år,2025,Personer,145
4650 Gloppen,1 Menn,F80-84 80-84 år,2025,Personer,96
4650 Gloppen,1 Menn,F85-89 85-89 år,2025,Personer,43
4650 Gloppen,1 Menn,F90-94 90-94 år,2025,Personer,13
4650 Gloppen,1 Menn,F95-99 95-99 år,2025,Personer,7
4650 Gloppen,1 Menn,F100G5+ 100 år eller eldre,2025,Personer,0
4651 Stryn,2 Kvinner,F00-04 0-4 år,2025,Personer,171
4651 Stryn,2 Kvinner,F05-09 5-9 år,2025,Personer,230
4651 Stryn,2 Kvinner,F10-14 10-14 år,2025,Personer,193
4651 Stryn,2 Kvinner,F15-19 15-19 år,2025,Personer,239
4651 Stryn,2 Kvinner,F20-24 20-24 år,2025,Personer,217
4651 Stryn,2 Kvinner,F25-29 25-29 år,2025,Personer,195
4651 Stryn,2 Kvinner,F30-34 30-34 år,2025,Personer,203
4651 Stryn,2 Kvinner,F35-39 35-39 år,2025,Personer,204
4651 Stryn,2 Kvinner,F40-44 40-44 år,2025,Personer,227
4651 Stryn,2 Kvinner,F45-49 45-49 år,2025,Personer,208
4651 Stryn,2 Kvinner,F50-54 50-54 år,2025,Personer,232
4651 Stryn,2 Kvinner,F55-59 55-59 år,2025,Personer,229
4651 Stryn,2 Kvinner,F60-64 60-64 år,2025,Personer,215
4651 Stryn,2 Kvinner,F65-69 65-69 år,2025,Personer,189
4651 Stryn,2 Kvinner,F70-74 70-74 år,2025,Personer,203
4651 Stryn,2 Kvinner,F75-79 75-79 år,2025,Personer,169
4651 Stryn,2 Kvinner,F80-84 80-84 år,2025,Personer,116
4651 Stryn,2 Kvinner,F85-89 85-89 år,2025,Personer,81
4651 Stryn,2 Kvinner,F90-94 90-94 år,2025,Personer,34
4651 Stryn,2 Kvinner,F95-99 95-99 år,2025,Personer,10
4651 Stryn,2 Kvinner,F100G5+ 100 år eller eldre,2025,Personer,2
4651 Stryn,1 Menn,F00-04 0-4 år,2025,Personer,156
4651 Stryn,1 Menn,F05-09 5-9 år,2025,Personer,195
4651 Stryn,1 Menn,F10-14 10-14 år,2025,Personer,236
4651 Stryn,1 Menn,F15-19 15-19 år,2025,Personer,254
4651 Stryn,1 Menn,F20-24 20-24 år,2025,Personer,238
4651 Stryn,1 Menn,F25-29 25-29 år,2025,Personer,213
4651 Stryn,1 Menn,F30-34 30-34 år,2025,Personer,234
4651 Stryn,1 Menn,F35-39 35-39 år,2025,Personer,235
4651 Stryn,1 Menn,F40-44 40-44 år,2025,Personer,226
4651 Stryn,1 Menn,F45-49 45-49 år,2025,Personer,264
4651 Stryn,1 Menn,F50-54 50-54 år,2025,Personer,236
4651 Stryn,1 Menn,F55-59 55-59 år,2025,Personer,275
4651 Stryn,1 Menn,F60-64 60-64 år,2025,Personer,236
4651 Stryn,1 Menn,F65-69 65-69 år,2025,Personer,185
4651 Stryn,1 Menn,F70-74 70-74 år,2025,Personer,202
4651 Stryn,1 Menn,F75-79 75-79 år,2025,Personer,166
4651 Stryn,1 Menn,F80-84 80-84 år,2025,Personer,108
4651 Stryn,1 Menn,F85-89 85-89 år,2025,Personer,60
4651 Stryn,1 Menn,F90-94 90-94 år,2025,Personer,19
4651 Stryn,1 Menn,F95-99 95-99 år,2025,Personer,6
4651 Stryn,1 Menn,F100G5+ 100 år eller eldre,2025,Personer,0
1505 Kristiansund,2 Kvinner,F00-04 0-4 år,2025,Personer,500
1505 Kristiansund,2 Kvinner,F05-09 5-9 år,2025,Personer,582
1505 Kristiansund,2 Kvinner,F10-14 10-14 år,2025,Personer,669
1505 Kristiansund,2 Kvinner,F15-19 15-19 år,2025,Personer,749
1505 Kristiansund,2 Kvinner,F20-24 20-24 år,2025,Personer,621
1505 Kristiansund,2 Kvinner,F25-29 25-29 år,2025,Personer,669
1505 Kristiansund,2 Kvinner,F30-34 30-34 år,2025,Personer,787
1505 Kristiansund,2 Kvinner,F35-39 35-39 år,2025,Personer,762
1505 Kristiansund,2 Kvinner,F40-44 40-44 år,2025,Personer,766
1505 Kristiansund,2 Kvinner,F45-49 45-49 år,2025,Personer,739
1505 Kristiansund,2 Kvinner,F50-54 50-54 år,2025,Personer,841
1505 Kristiansund,2 Kvinner,F55-59 55-59 år,2025,Personer,831
1505 Kristiansund,2 Kvinner,F60-64 60-64 år,2025,Personer,744
1505 Kristiansund,2 Kvinner,F65-69 65-69 år,2025,Personer,786
1505 Kristiansund,2 Kvinner,F70-74 70-74 år,2025,Personer,744
1505 Kristiansund,2 Kvinner,F75-79 75-79 år,2025,Personer,657
1505 Kristiansund,2 Kvinner,F80-84 80-84 år,2025,Personer,390
1505 Kristiansund,2 Kvinner,F85-89 85-89 år,2025,Personer,197
1505 Kristiansund,2 Kvinner,F90-94 90-94 år,2025,Personer,105
1505 Kristiansund,2 Kvinner,F95-99 95-99 år,2025,Personer,31
1505 Kristiansund,2 Kvinner,F100G5+ 100 år eller eldre,2025,Personer,4
1505 Kristiansund,1 Menn,F00-04 0-4 år,2025,Personer,519
1505 Kristiansund,1 Menn,F05-09 5-9 år,2025,Personer,585
1505 Kristiansund,1 Menn,F10-14 10-14 år,2025,Personer,699
1505 Kristiansund,1 Menn,F15-19 15-19 år,2025,Personer,773
1505 Kristiansund,1 Menn,F20-24 20-24 år,2025,Personer,792
1505 Kristiansund,1 Menn,F25-29 25-29 år,2025,Personer,759
1505 Kristiansund,1 Menn,F30-34 30-34 år,2025,Personer,794
1505 Kristiansund,1 Menn,F35-39 35-39 år,2025,Personer,832
1505 Kristiansund,1 Menn,F40-44 40-44 år,2025,Personer,817
1505 Kristiansund,1 Menn,F45-49 45-49 år,2025,Personer,744
1505 Kristiansund,1 Menn,F50-54 50-54 år,2025,Personer,891
1505 Kristiansund,1 Menn,F55-59 55-59 år,2025,Personer,870
1505 Kristiansund,1 Menn,F60-64 60-64 år,2025,Personer,712
1505 Kristiansund,1 Menn,F65-69 65-69 år,2025,Personer,740
1505 Kristiansund,1 Menn,F70-74 70-74 år,2025,Personer,691
1505 Kristiansund,1 Menn,F75-79 75-79 år,2025,Personer,624
1505 Kristiansund,1 Menn,F80-84 80-84 år,2025,Personer,350
1505 Kristiansund,1 Menn,F85-89 85-89 år,2025,Personer,140
1505 Kristiansund,1 Menn,F90-94 90-94 år,2025,Personer,58
1505 Kristiansund,1 Menn,F95-99 95-99 år,2025,Personer,13
1505 Kristiansund,1 Menn,F100G5+ 100 år eller eldre,2025,Personer,1
1506 Molde,2 Kvinner,F00-04 0-4 år,2025,Personer,789
1506 Molde,2 Kvinner,F05-09 5-9 år,2025,Personer,864
1506 Molde,2 Kvinner,F10-14 10-14 år,2025,Personer,962
1506 Molde,2 Kvinner,F15-19 15-19 år,2025,Personer,981
1506 Molde,2 Kvinner,F20-24 20-24 år,2025,Personer,939
1506 Molde,2 Kvinner,F25-29 25-29 år,2025,Personer,916
1506 Molde,2 Kvinner,F30-34 30-34 år,2025,Personer,1007
1506 Molde,2 Kvinner,F35-39 35-39 år,2025,Personer,1066
1506 Molde,2 Kvinner,F40-44 40-44 år,2025,Personer,1043
1506 Molde,2 Kvinner,F45-49 45-49 år,2025,Personer,938
1506 Molde,2 Kvinner,F50-54 50-54 år,2025,Personer,1049
1506 Molde,2 Kvinner,F55-59 55-59 år,2025,Personer,1109
1506 Molde,2 Kvinner,F60-64 60-64 år,2025,Personer,1013
1506 Molde,2 Kvinner,F65-69 65-69 år,2025,Personer,1053
1506 Molde,2 Kvinner,F70-74 70-74 år,2025,Personer,881
1506 Molde,2 Kvinner,F75-79 75-79 år,2025,Personer,851
1506 Molde,2 Kvinner,F80-84 80-84 år,2025,Personer,540
1506 Molde,2 Kvinner,F85-89 85-89 år,2025,Personer,313
1506 Molde,2 Kvinner,F90-94 90-94 år,2025,Personer,181
1506 Molde,2 Kvinner,F95-99 95-99 år,2025,Personer,53
1506 Molde,2 Kvinner,F100G5+ 100 år eller eldre,2025,Personer,6
1506 Molde,1 Menn,F00-04 0-4 år,2025,Personer,844
1506 Molde,1 Menn,F05-09 5-9 år,2025,Personer,889
1506 Molde,1 Menn,F10-14 10-14 år,2025,Personer,989
1506 Molde,1 Menn,F15-19 15-19 år,2025,Personer,1013
1506 Molde,1 Menn,F20-24 20-24 år,2025,Personer,1074
1506 Molde,1 Menn,F25-29 25-29 år,2025,Personer,1009
1506 Molde,1 Menn,F30-34 30-34 år,2025,Personer,1071
1506 Molde,1 Menn,F35-39 35-39 år,2025,Personer,1108
1506 Molde,1 Menn,F40-44 40-44 år,2025,Personer,1061
1506 Molde,1 Menn,F45-49 45-49 år,2025,Personer,981
1506 Molde,1 Menn,F50-54 50-54 år,2025,Personer,1040
1506 Molde,1 Menn,F55-59 55-59 år,2025,Personer,1067
1506 Molde,1 Menn,F60-64 60-64 år,2025,Personer,1028
1506 Molde,1 Menn,F65-69 65-69 år,2025,Personer,974
1506 Molde,1 Menn,F70-74 70-74 år,2025,Personer,899
1506 Molde,1 Menn,F75-79 75-79 år,2025,Personer,788
1506 Molde,1 Menn,F80-84 80-84 år,2025,Personer,441
1506 Molde,1 Menn,F85-89 85-89 år,2025,Personer,218
1506 Molde,1 Menn,F90-94 90-94 år,2025,Personer,90
1506 Molde,1 Menn,F95-99 95-99 år,2025,Personer,22
1506 Molde,1 Menn,F100G5+ 100 år eller eldre,2025,Personer,3
1508 Ålesund,2 Kvinner,F00-04 0-4 år,2025,Personer,1488
1508 Ålesund,2 Kvinner,F05-09 5-9 år,2025,Personer,1572
1508 Ålesund,2 Kvinner,F10-14 10-14 år,2025,Personer,1661
1508 Ålesund,2 Kvinner,F15-19 15-19 år,2025,Personer,1739
1508 Ålesund,2 Kvinner,F20-24 20-24 år,2025,Personer,1813
1508 Ålesund,2 Kvinner,F25-29 25-29 år,2025,Personer,1913
1508 Ålesund,2 Kvinner,F30-34 30-34 år,2025,Personer,2019
1508 Ålesund,2 Kvinner,F35-39 35-39 år,2025,Personer,1980
1508 Ålesund,2 Kvinner,F40-44 40-44 år,2025,Personer,1934
1508 Ålesund,2 Kvinner,F45-49 45-49 år,2025,Personer,1810
1508 Ålesund,2 Kvinner,F50-54 50-54 år,2025,Personer,1819
1508 Ålesund,2 Kvinner,F55-59 55-59 år,2025,Personer,1794
1508 Ålesund,2 Kvinner,F60-64 60-64 år,2025,Personer,1642
1508 Ålesund,2 Kvinner,F65-69 65-69 år,2025,Personer,1554
1508 Ålesund,2 Kvinner,F70-74 70-74 år,2025,Personer,1440
1508 Ålesund,2 Kvinner,F75-79 75-79 år,2025,Personer,1177
1508 Ålesund,2 Kvinner,F80-84 80-84 år,2025,Personer,786
1508 Ålesund,2 Kvinner,F85-89 85-89 år,2025,Personer,481
1508 Ålesund,2 Kvinner,F90-94 90-94 år,2025,Personer,241
1508 Ålesund,2 Kvinner,F95-99 95-99 år,2025,Personer,79
1508 Ålesund,2 Kvinner,F100G5+ 100 år eller eldre,2025,Personer,12
1508 Ålesund,1 Menn,F00-04 0-4 år,2025,Personer,1549
1508 Ålesund,1 Menn,F05-09 5-9 år,2025,Personer,1615
1508 Ålesund,1 Menn,F10-14 10-14 år,2025,Personer,1822
1508 Ålesund,1 Menn,F15-19 15-19 år,2025,Personer,1928
1508 Ålesund,1 Menn,F20-24 20-24 år,2025,Personer,2075
1508 Ålesund,1 Menn,F25-29 25-29 år,2025,Personer,2125
1508 Ålesund,1 Menn,F30-34 30-34 år,2025,Personer,2126
1508 Ålesund,1 Menn,F35-39 35-39 år,2025,Personer,2168
1508 Ålesund,1 Menn,F40-44 40-44 år,2025,Personer,2050
1508 Ålesund,1 Menn,F45-49 45-49 år,2025,Personer,1927
1508 Ålesund,1 Menn,F50-54 50-54 år,2025,Personer,2049
1508 Ålesund,1 Menn,F55-59 55-59 år,2025,Personer,1950
1508 Ålesund,1 Menn,F60-64 60-64 år,2025,Personer,1685
1508 Ålesund,1 Menn,F65-69 65-69 år,2025,Personer,1560
1508 Ålesund,1 Menn,F70-74 70-74 år,2025,Personer,1290
1508 Ålesund,1 Menn,F75-79 75-79 år,2025,Personer,1147
1508 Ålesund,1 Menn,F80-84 80-84 år,2025,Personer,704
1508 Ålesund,1 Menn,F85-89 85-89 år,2025,Personer,313
1508 Ålesund,1 Menn,F90-94 90-94 år,2025,Personer,125
1508 Ålesund,1 Menn,F95-99 95-99 år,2025,Personer,32
1508 Ålesund,1 Menn,F100G5+ 100 år eller eldre,2025,Personer,4
1511 Vanylven,2 Kvinner,F00-04 0-4 år,2025,Personer,44
1511 Vanylven,2 Kvinner,F05-09 5-9 år,2025,Personer,61
1511 Vanylven,2 Kvinner,F10-14 10-14 år,2025,Personer,67
1511 Vanylven,2 Kvinner,F15-19 15-19 år,2025,Personer,66
1511 Vanylven,2 Kvinner,F20-24 20-24 år,2025,Personer,79
1511 Vanylven,2 Kvinner,F25-29 25-29 år,2025,Personer,63
1511 Vanylven,2 Kvinner,F30-34 30-34 år,2025,Personer,59
1511 Vanylven,2 Kvinner,F35-39 35-39 år,2025,Personer,77
1511 Vanylven,2 Kvinner,F40-44 40-44 år,2025,Personer,66
1511 Vanylven,2 Kvinner,F45-49 45-49 år,2025,Personer,98
1511 Vanylven,2 Kvinner,F50-54 50-54 år,2025,Personer,108
1511 Vanylven,2 Kvinner,F55-59 55-59 år,2025,Personer,107
1511 Vanylven,2 Kvinner,F60-64 60-64 år,2025,Personer,107
1511 Vanylven,2 Kvinner,F65-69 65-69 år,2025,Personer,118
1511 Vanylven,2 Kvinner,F70-74 70-74 år,2025,Personer,118
1511 Vanylven,2 Kvinner,F75-79 75-79 år,2025,Personer,96
1511 Vanylven,2 Kvinner,F80-84 80-84 år,2025,Personer,69
1511 Vanylven,2 Kvinner,F85-89 85-89 år,2025,Personer,41
1511 Vanylven,2 Kvinner,F90-94 90-94 år,2025,Personer,21
1511 Vanylven,2 Kvinner,F95-99 95-99 år,2025,Personer,9
1511 Vanylven,2 Kvinner,F100G5+ 100 år eller eldre,2025,Personer,3
1511 Vanylven,1 Menn,F00-04 0-4 år,2025,Personer,61
1511 Vanylven,1 Menn,F05-09 5-9 år,2025,Personer,76
1511 Vanylven,1 Menn,F10-14 10-14 år,2025,Personer,83
1511 Vanylven,1 Menn,F15-19 15-19 år,2025,Personer,75
1511 Vanylven,1 Menn,F20-24 20-24 år,2025,Personer,79
1511 Vanylven,1 Menn,F25-29 25-29 år,2025,Personer,85
1511 Vanylven,1 Menn,F30-34 30-34 år,2025,Personer,73
1511 Vanylven,1 Menn,F35-39 35-39 år,2025,Personer,81
1511 Vanylven,1 Menn,F40-44 40-44 år,2025,Personer,75
1511 Vanylven,1 Menn,F45-49 45-49 år,2025,Personer,69
1511 Vanylven,1 Menn,F50-54 50-54 år,2025,Personer,87
1511 Vanylven,1 Menn,F55-59 55-59 år,2025,Personer,133
1511 Vanylven,1 Menn,F60-64 60-64 år,2025,Personer,126
1511 Vanylven,1 Menn,F65-69 65-69 år,2025,Personer,114
1511 Vanylven,1 Menn,F70-74 70-74 år,2025,Personer,131
1511 Vanylven,1 Menn,F75-79 75-79 år,2025,Personer,113
1511 Vanylven,1 Menn,F80-84 80-84 år,2025,Personer,60
1511 Vanylven,1 Menn,F85-89 85-89 år,2025,Personer,41
1511 Vanylven,1 Menn,F90-94 90-94 år,2025,Personer,8
1511 Vanylven,1 Menn,F95-99 95-99 år,2025,Personer,1
1511 Vanylven,1 Menn,F100G5+ 100 år eller eldre,2025,Personer,0
1514 Sande,2 Kvinner,F00-04 0-4 år,2025,Personer,62
1514 Sande,2 Kvinner,F05-09 5-9 år,2025,Personer,54
1514 Sande,2 Kvinner,F10-14 10-14 år,2025,Personer,71
1514 Sande,2 Kvinner,F15-19 15-19 år,2025,Personer,55
1514 Sande,2 Kvinner,F20-24 20-24 år,2025,Personer,51
1514 Sande,2 Kvinner,F25-29 25-29 år,2025,Personer,48
1514 Sande,2 Kvinner,F30-34 30-34 år,2025,Personer,56
1514 Sande,2 Kvinner,F35-39 35-39 år,2025,Personer,73
1514 Sande,2 Kvinner,F40-44 40-44 år,2025,Personer,62
1514 Sande,2 Kvinner,F45-49 45-49 år,2025,Personer,55
1514 Sande,2 Kvinner,F50-54 50-54 år,2025,Personer,93
1514 Sande,2 Kvinner,F55-59 55-59 år,2025,Personer,81
1514 Sande,2 Kvinner,F60-64 60-64 år,2025,Personer,82
1514 Sande,2 Kvinner,F65-69 65-69 år,2025,Personer,87
1514 Sande,2 Kvinner,F70-74 70-74 år,2025,Personer,68
1514 Sande,2 Kvinner,F75-79 75-79 år,2025,Personer,61
1514 Sande,2 Kvinner,F80-84 80-84 år,2025,Personer,44
1514 Sande,2 Kvinner,F85-89 85-89 år,2025,Personer,27
1514 Sande,2 Kvinner,F90-94 90-94 år,2025,Personer,17
1514 Sande,2 Kvinner,F95-99 95-99 år,2025,Personer,5
1514 Sande,2 Kvinner,F100G5+ 100 år eller eldre,2025,Personer,1
1514 Sande,1 Menn,F00-04 0-4 år,2025,Personer,55
1514 Sande,1 Menn,F05-09 5-9 år,2025,Personer,60
1514 Sande,1 Menn,F10-14 10-14 år,2025,Personer,58
1514 Sande,1 Menn,F15-19 15-19 år,2025,Personer,71
1514 Sande,1 Menn,F20-24 20-24 år,2025,Personer,77
1514 Sande,1 Menn,F25-29 25-29 år,2025,Personer,55
1514 Sande,1 Menn,F30-34 30-34 år,2025,Personer,51
1514 Sande,1 Menn,F35-39 35-39 år,2025,Personer,62
1514 Sande,1 Menn,F40-44 40-44 år,2025,Personer,86
1514 Sande,1 Menn,F45-49 45-49 år,2025,Personer,91
1514 Sande,1 Menn,F50-54 50-54 år,2025,Personer,113
1514 Sande,1 Menn,F55-59 55-59 år,2025,Personer,114
1514 Sande,1 Menn,F60-64 60-64 år,2025,Personer,87
1514 Sande,1 Menn,F65-69 65-69 år,2025,Personer,77
1514 Sande,1 Menn,F70-74 70-74 år,2025,Personer,84
1514 Sande,1 Menn,F75-79 75-79 år,2025,Personer,71
1514 Sande,1 Menn,F80-84 80-84 år,2025,Personer,36
1514 Sande,1 Menn,F85-89 85-89 år,2025,Personer,20
1514 Sande,1 Menn,F90-94 90-94 år,2025,Personer,12
1514 Sande,1 Menn,F95-99 95-99 år,2025,Personer,2
1514 Sande,1 Menn,F100G5+ 100 år eller eldre,2025,Personer,0
1515 Herøy (Møre og Romsdal),2 Kvinner,F00-04 0-4 år,2025,Personer,229
1515 Herøy (Møre og Romsdal),2 Kvinner,F05-09 5-9 år,2025,Personer,231
1515 Herøy (Møre og Romsdal),2 Kvinner,F10-14 10-14 år,2025,Personer,276
1515 Herøy (Møre og Romsdal),2 Kvinner,F15-19 15-19 år,2025,Personer,276
1515 Herøy (Møre og Romsdal),2 Kvinner,F20-24 20-24 år,2025,Personer,198
1515 Herøy (Møre og Romsdal),2 Kvinner,F25-29 25-29 år,2025,Personer,201
1515 Herøy (Møre og Romsdal),2 Kvinner,F30-34 30-34 år,2025,Personer,246
1515 Herøy (Møre og Romsdal),2 Kvinner,F35-39 35-39 år,2025,Personer,289
1515 Herøy (Møre og Romsdal),2 Kvinner,F40-44 40-44 år,2025,Personer,254
1515 Herøy (Møre og Romsdal),2 Kvinner,F45-49 45-49 år,2025,Personer,266
1515 Herøy (Møre og Romsdal),2 Kvinner,F50-54 50-54 år,2025,Personer,332
1515 Herøy (Møre og Romsdal),2 Kvinner,F55-59 55-59 år,2025,Personer,303
1515 Herøy (Møre og Romsdal),2 Kvinner,F60-64 60-64 år,2025,Personer,293
1515 Herøy (Møre og Romsdal),2 Kvinner,F65-69 65-69 år,2025,Personer,249
1515 Herøy (Møre og Romsdal),2 Kvinner,F70-74 70-74 år,2025,Personer,239
1515 Herøy (Møre og Romsdal),2 Kvinner,F75-79 75-79 år,2025,Personer,190
1515 Herøy (Møre og Romsdal),2 Kvinner,F80-84 80-84 år,2025,Personer,134
1515 Herøy (Møre og Romsdal),2 Kvinner,F85-89 85-89 år,2025,Personer,104
1515 Herøy (Møre og Romsdal),2 Kvinner,F90-94 90-94 år,2025,Personer,43
1515 Herøy (Møre og Romsdal),2 Kvinner,F95-99 95-99 år,2025,Personer,23
1515 Herøy (Møre og Romsdal),2 Kvinner,F100G5+ 100 år eller eldre,2025,Personer,4
1515 Herøy (Møre og Romsdal),1 Menn,F00-04 0-4 år,2025,Personer,216
1515 Herøy (Møre og Romsdal),1 Menn,F05-09 5-9 år,2025,Personer,241
1515 Herøy (Møre og Romsdal),1 Menn,F10-14 10-14 år,2025,Personer,293
1515 Herøy (Møre og Romsdal),1 Menn,F15-19 15-19 år,2025,Personer,338
1515 Herøy (Møre og Romsdal),1 Menn,F20-24 20-24 år,2025,Personer,285
1515 Herøy (Møre og Romsdal),1 Menn,F25-29 25-29 år,2025,Personer,219
1515 Herøy (Møre og Romsdal),1 Menn,F30-34 30-34 år,2025,Personer,251
1515 Herøy (Møre og Romsdal),1 Menn,F35-39 35-39 år,2025,Personer,295
1515 Herøy (Møre og Romsdal),1 Menn,F40-44 40-44 år,2025,Personer,310
1515 Herøy (Møre og Romsdal),1 Menn,F45-49 45-49 år,2025,Personer,291
1515 Herøy (Møre og Romsdal),1 Menn,F50-54 50-54 år,2025,Personer,328
1515 Herøy (Møre og Romsdal),1 Menn,F55-59 55-59 år,2025,Personer,312
1515 Herøy (Møre og Romsdal),1 Menn,F60-64 60-64 år,2025,Personer,314
1515 Herøy (Møre og Romsdal),1 Menn,F65-69 65-69 år,2025,Personer,287
1515 Herøy (Møre og Romsdal),1 Menn,F70-74 70-74 år,2025,Personer,256
1515 Herøy (Møre og Romsdal),1 Menn,F75-79 75-79 år,2025,Personer,199
1515 Herøy (Møre og Romsdal),1 Menn,F80-84 80-84 år,2025,Personer,128
1515 Herøy (Møre og Romsdal),1 Menn,F85-89 85-89 år,2025,Personer,58
1515 Herøy (Møre og Romsdal),1 Menn,F90-94 90-94 år,2025,Personer,26
1515 Herøy (Møre og Romsdal),1 Menn,F95-99 95-99 år,2025,Personer,4
1515 Herøy (Møre og Romsdal),1 Menn,F100G5+ 100 år eller eldre,2025,Personer,0
1516 Ulstein,2 Kvinner,F00-04 0-4 år,2025,Personer,223
1516 Ulstein,2 Kvinner,F05-09 5-9 år,2025,Personer,237
1516 Ulstein,2 Kvinner,F10-14 10-14 år,2025,Personer,267
1516 Ulstein,2 Kvinner,F15-19 15-19 år,2025,Personer,306
1516 Ulstein,2 Kvinner,F20-24 20-24 år,2025,Personer,244
1516 Ulstein,2 Kvinner,F25-29 25-29 år,2025,Personer,227
1516 Ulstein,2 Kvinner,F30-34 30-34 år,2025,Personer,242
1516 Ulstein,2 Kvinner,F35-39 35-39 år,2025,Personer,280
1516 Ulstein,2 Kvinner,F40-44 40-44 år,2025,Personer,274
1516 Ulstein,2 Kvinner,F45-49 45-49 år,2025,Personer,283
1516 Ulstein,2 Kvinner,F50-54 50-54 år,2025,Personer,320
1516 Ulstein,2 Kvinner,F55-59 55-59 år,2025,Personer,312
1516 Ulstein,2 Kvinner,F60-64 60-64 år,2025,Personer,241
1516 Ulstein,2 Kvinner,F65-69 65-69 år,2025,Personer,226
1516 Ulstein,2 Kvinner,F70-74 70-74 år,2025,Personer,209
1516 Ulstein,2 Kvinner,F75-79 75-79 år,2025,Personer,191
1516 Ulstein,2 Kvinner,F80-84 80-84 år,2025,Personer,132
1516 Ulstein,2 Kvinner,F85-89 85-89 år,2025,Personer,66
1516 Ulstein,2 Kvinner,F90-94 90-94 år,2025,Personer,39
1516 Ulstein,2 Kvinner,F95-99 95-99 år,2025,Personer,7
1516 Ulstein,2 Kvinner,F100G5+ 100 år eller eldre,2025,Personer,0
1516 Ulstein,1 Menn,F00-04 0-4 år,2025,Personer,256
1516 Ulstein,1 Menn,F05-09 5-9 år,2025,Personer,274
1516 Ulstein,1 Menn,F10-14 10-14 år,2025,Personer,283
1516 Ulstein,1 Menn,F15-19 15-19 år,2025,Personer,337
1516 Ulstein,1 Menn,F20-24 20-24 år,2025,Personer,283
1516 Ulstein,1 Menn,F25-29 25-29 år,2025,Personer,239
1516 Ulstein,1 Menn,F30-34 30-34 år,2025,Personer,255
1516 Ulstein,1 Menn,F35-39 35-39 år,2025,Personer,290
1516 Ulstein,1 Menn,F40-44 40-44 år,2025,Personer,290
1516 Ulstein,1 Menn,F45-49 45-49 år,2025,Personer,293
1516 Ulstein,1 Menn,F50-54 50-54 år,2025,Personer,347
1516 Ulstein,1 Menn,F55-59 55-59 år,2025,Personer,350
1516 Ulstein,1 Menn,F60-64 60-64 år,2025,Personer,251
1516 Ulstein,1 Menn,F65-69 65-69 år,2025,Personer,231
1516 Ulstein,1 Menn,F70-74 70-74 år,2025,Personer,201
1516 Ulstein,1 Menn,F75-79 75-79 år,2025,Personer,177
1516 Ulstein,1 Menn,F80-84 80-84 år,2025,Personer,103
1516 Ulstein,1 Menn,F85-89 85-89 år,2025,Personer,56
1516 Ulstein,1 Menn,F90-94 90-94 år,2025,Personer,16
1516 Ulstein,1 Menn,F95-99 95-99 år,2025,Personer,4
1516 Ulstein,1 Menn,F100G5+ 100 år eller eldre,2025,Personer,0
1517 Hareid,2 Kvinner,F00-04 0-4 år,2025,Personer,115
1517 Hareid,2 Kvinner,F05-09 5-9 år,2025,Personer,154
1517 Hareid,2 Kvinner,F10-14 10-14 år,2025,Personer,168
1517 Hareid,2 Kvinner,F15-19 15-19 år,2025,Personer,161
1517 Hareid,2 Kvinner,F20-24 20-24 år,2025,Personer,132
1517 Hareid,2 Kvinner,F25-29 25-29 år,2025,Personer,126
1517 Hareid,2 Kvinner,F30-34 30-34 år,2025,Personer,158
1517 Hareid,2 Kvinner,F35-39 35-39 år,2025,Personer,200
1517 Hareid,2 Kvinner,F40-44 40-44 år,2025,Personer,168
1517 Hareid,2 Kvinner,F45-49 45-49 år,2025,Personer,158
1517 Hareid,2 Kvinner,F50-54 50-54 år,2025,Personer,168
1517 Hareid,2 Kvinner,F55-59 55-59 år,2025,Personer,153
1517 Hareid,2 Kvinner,F60-64 60-64 år,2025,Personer,173
1517 Hareid,2 Kvinner,F65-69 65-69 år,2025,Personer,151
1517 Hareid,2 Kvinner,F70-74 70-74 år,2025,Personer,124
1517 Hareid,2 Kvinner,F75-79 75-79 år,2025,Personer,116
1517 Hareid,2 Kvinner,F80-84 80-84 år,2025,Personer,76
1517 Hareid,2 Kvinner,F85-89 85-89 år,2025,Personer,45
1517 Hareid,2 Kvinner,F90-94 90-94 år,2025,Personer,26
1517 Hareid,2 Kvinner,F95-99 95-99 år,2025,Personer,10
1517 Hareid,2 Kvinner,F100G5+ 100 år eller eldre,2025,Personer,1
1517 Hareid,1 Menn,F00-04 0-4 år,2025,Personer,141
1517 Hareid,1 Menn,F05-09 5-9 år,2025,Personer,182
1517 Hareid,1 Menn,F10-14 10-14 år,2025,Personer,194
1517 Hareid,1 Menn,F15-19 15-19 år,2025,Personer,186
1517 Hareid,1 Menn,F20-24 20-24 år,2025,Personer,129
1517 Hareid,1 Menn,F25-29 25-29 år,2025,Personer,157
1517 Hareid,1 Menn,F30-34 30-34 år,2025,Personer,172
1517 Hareid,1 Menn,F35-39 35-39 år,2025,Personer,191
1517 Hareid,1 Menn,F40-44 40-44 år,2025,Personer,200
1517 Hareid,1 Menn,F45-49 45-49 år,2025,Personer,180
1517 Hareid,1 Menn,F50-54 50-54 år,2025,Personer,158
1517 Hareid,1 Menn,F55-59 55-59 år,2025,Personer,176
1517 Hareid,1 Menn,F60-64 60-64 år,2025,Personer,140
1517 Hareid,1 Menn,F65-69 65-69 år,2025,Personer,163
1517 Hareid,1 Menn,F70-74 70-74 år,2025,Personer,160
1517 Hareid,1 Menn,F75-79 75-79 år,2025,Personer,105
1517 Hareid,1 Menn,F80-84 80-84 år,2025,Personer,54
1517 Hareid,1 Menn,F85-89 85-89 år,2025,Personer,34
1517 Hareid,1 Menn,F90-94 90-94 år,2025,Personer,11
1517 Hareid,1 Menn,F95-99 95-99 år,2025,Personer,4
1517 Hareid,1 Menn,F100G5+ 100 år eller eldre,2025,Personer,0
1520 Ørsta,2 Kvinner,F00-04 0-4 år,2025,Personer,260
1520 Ørsta,2 Kvinner,F05-09 5-9 år,2025,Personer,330
1520 Ørsta,2 Kvinner,F10-14 10-14 år,2025,Personer,342
1520 Ørsta,2 Kvinner,F15-19 15-19 år,2025,Personer,345
1520 Ørsta,2 Kvinner,F20-24 20-24 år,2025,Personer,311
1520 Ørsta,2 Kvinner,F25-29 25-29 år,2025,Personer,279
1520 Ørsta,2 Kvinner,F30-34 30-34 år,2025,Personer,340
1520 Ørsta,2 Kvinner,F35-39 35-39 år,2025,Personer,351
1520 Ørsta,2 Kvinner,F40-44 40-44 år,2025,Personer,332
1520 Ørsta,2 Kvinner,F45-49 45-49 år,2025,Personer,307
1520 Ørsta,2 Kvinner,F50-54 50-54 år,2025,Personer,308
1520 Ørsta,2 Kvinner,F55-59 55-59 år,2025,Personer,340
1520 Ørsta,2 Kvinner,F60-64 60-64 år,2025,Personer,317
1520 Ørsta,2 Kvinner,F65-69 65-69 år,2025,Personer,330
1520 Ørsta,2 Kvinner,F70-74 70-74 år,2025,Personer,318
1520 Ørsta,2 Kvinner,F75-79 75-79 år,2025,Personer,256
1520 Ørsta,2 Kvinner,F80-84 80-84 år,2025,Personer,180
1520 Ørsta,2 Kvinner,F85-89 85-89 år,2025,Personer,109
1520 Ørsta,2 Kvinner,F90-94 90-94 år,2025,Personer,66
1520 Ørsta,2 Kvinner,F95-99 95-99 år,2025,Personer,27
1520 Ørsta,2 Kvinner,F100G5+ 100 år eller eldre,2025,Personer,5
1520 Ørsta,1 Menn,F00-04 0-4 år,2025,Personer,282
1520 Ørsta,1 Menn,F05-09 5-9 år,2025,Personer,330
1520 Ørsta,1 Menn,F10-14 10-14 år,2025,Personer,347
1520 Ørsta,1 Menn,F15-19 15-19 år,2025,Personer,382
1520 Ørsta,1 Menn,F20-24 20-24 år,2025,Personer,342
1520 Ørsta,1 Menn,F25-29 25-29 år,2025,Personer,298
1520 Ørsta,1 Menn,F30-34 30-34 år,2025,Personer,332
1520 Ørsta,1 Menn,F35-39 35-39 år,2025,Personer,365
1520 Ørsta,1 Menn,F40-44 40-44 år,2025,Personer,370
1520 Ørsta,1 Menn,F45-49 45-49 år,2025,Personer,317
1520 Ørsta,1 Menn,F50-54 50-54 år,2025,Personer,380
1520 Ørsta,1 Menn,F55-59 55-59 år,2025,Personer,370
1520 Ørsta,1 Menn,F60-64 60-64 år,2025,Personer,319
1520 Ørsta,1 Menn,F65-69 65-69 år,2025,Personer,338
1520 Ørsta,1 Menn,F70-74 70-74 år,2025,Personer,297
1520 Ørsta,1 Menn,F75-79 75-79 år,2025,Personer,256
1520 Ørsta,1 Menn,F80-84 80-84 år,2025,Personer,156
1520 Ørsta,1 Menn,F85-89 85-89 år,2025,Personer,73
1520 Ørsta,1 Menn,F90-94 90-94 år,2025,Personer,40
1520 Ørsta,1 Menn,F95-99 95-99 år,2025,Personer,8
1520 Ørsta,1 Menn,F100G5+ 100 år eller eldre,2025,Personer,0
1525 Stranda,2 Kvinner,F00-04 0-4 år,2025,Personer,72
1525 Stranda,2 Kvinner,F05-09 5-9 år,2025,Personer,94
1525 Stranda,2 Kvinner,F10-14 10-14 år,2025,Personer,115
1525 Stranda,2 Kvinner,F15-19 15-19 år,2025,Personer,124
1525 Stranda,2 Kvinner,F20-24 20-24 år,2025,Personer,110
1525 Stranda,2 Kvinner,F25-29 25-29 år,2025,Personer,89
1525 Stranda,2 Kvinner,F30-34 30-34 år,2025,Personer,143
1525 Stranda,2 Kvinner,F35-39 35-39 år,2025,Personer,137
1525 Stranda,2 Kvinner,F40-44 40-44 år,2025,Personer,142
1525 Stranda,2 Kvinner,F45-49 45-49 år,2025,Personer,116
1525 Stranda,2 Kvinner,F50-54 50-54 år,2025,Personer,149
1525 Stranda,2 Kvinner,F55-59 55-59 år,2025,Personer,159
1525 Stranda,2 Kvinner,F60-64 60-64 år,2025,Personer,123
1525 Stranda,2 Kvinner,F65-69 65-69 år,2025,Personer,122
1525 Stranda,2 Kvinner,F70-74 70-74 år,2025,Personer,115
1525 Stranda,2 Kvinner,F75-79 75-79 år,2025,Personer,120
1525 Stranda,2 Kvinner,F80-84 80-84 år,2025,Personer,87
1525 Stranda,2 Kvinner,F85-89 85-89 år,2025,Personer,55
1525 Stranda,2 Kvinner,F90-94 90-94 år,2025,Personer,39
1525 Stranda,2 Kvinner,F95-99 95-99 år,2025,Personer,8
1525 Stranda,2 Kvinner,F100G5+ 100 år eller eldre,2025,Personer,2
1525 Stranda,1 Menn,F00-04 0-4 år,2025,Personer,86
1525 Stranda,1 Menn,F05-09 5-9 år,2025,Personer,116
1525 Stranda,1 Menn,F10-14 10-14 år,2025,Personer,110
1525 Stranda,1 Menn,F15-19 15-19 år,2025,Personer,128
1525 Stranda,1 Menn,F20-24 20-24 år,2025,Personer,121
1525 Stranda,1 Menn,F25-29 25-29 år,2025,Personer,121
1525 Stranda,1 Menn,F30-34 30-34 år,2025,Personer,133
1525 Stranda,1 Menn,F35-39 35-39 år,2025,Personer,171
1525 Stranda,1 Menn,F40-44 40-44 år,2025,Personer,140
1525 Stranda,1 Menn,F45-49 45-49 år,2025,Personer,152
1525 Stranda,1 Menn,F50-54 50-54 år,2025,Personer,157
1525 Stranda,1 Menn,F55-59 55-59 år,2025,Personer,178
1525 Stranda,1 Menn,F60-64 60-64 år,2025,Personer,157
1525 Stranda,1 Menn,F65-69 65-69 år,2025,Personer,136
1525 Stranda,1 Menn,F70-74 70-74 år,2025,Personer,96
1525 Stranda,1 Menn,F75-79 75-79 år,2025,Personer,114
1525 Stranda,1 Menn,F80-84 80-84 år,2025,Personer,72
1525 Stranda,1 Menn,F85-89 85-89 år,2025,Personer,44
1525 Stranda,1 Menn,F90-94 90-94 år,2025,Personer,23
1525 Stranda,1 Menn,F95-99 95-99 år,2025,Personer,4
1525 Stranda,1 Menn,F100G5+ 100 år eller eldre,2025,Personer,0
1528 Sykkylven,2 Kvinner,F00-04 0-4 år,2025,Personer,146
1528 Sykkylven,2 Kvinner,F05-09 5-9 år,2025,Personer,189
1528 Sykkylven,2 Kvinner,F10-14 10-14 år,2025,Personer,230
1528 Sykkylven,2 Kvinner,F15-19 15-19 år,2025,Personer,260
1528 Sykkylven,2 Kvinner,F20-24 20-24 år,2025,Personer,201
1528 Sykkylven,2 Kvinner,F25-29 25-29 år,2025,Personer,156
1528 Sykkylven,2 Kvinner,F30-34 30-34 år,2025,Personer,181
1528 Sykkylven,2 Kvinner,F35-39 35-39 år,2025,Personer,209
1528 Sykkylven,2 Kvinner,F40-44 40-44 år,2025,Personer,257
1528 Sykkylven,2 Kvinner,F45-49 45-49 år,2025,Personer,240
1528 Sykkylven,2 Kvinner,F50-54 50-54 år,2025,Personer,274
1528 Sykkylven,2 Kvinner,F55-59 55-59 år,2025,Personer,261
1528 Sykkylven,2 Kvinner,F60-64 60-64 år,2025,Personer,240
1528 Sykkylven,2 Kvinner,F65-69 65-69 år,2025,Personer,234
1528 Sykkylven,2 Kvinner,F70-74 70-74 år,2025,Personer,238
1528 Sykkylven,2 Kvinner,F75-79 75-79 år,2025,Personer,197
1528 Sykkylven,2 Kvinner,F80-84 80-84 år,2025,Personer,121
1528 Sykkylven,2 Kvinner,F85-89 85-89 år,2025,Personer,80
1528 Sykkylven,2 Kvinner,F90-94 90-94 år,2025,Personer,33
1528 Sykkylven,2 Kvinner,F95-99 95-99 år,2025,Personer,10
1528 Sykkylven,2 Kvinner,F100G5+ 100 år eller eldre,2025,Personer,3
1528 Sykkylven,1 Menn,F00-04 0-4 år,2025,Personer,164
1528 Sykkylven,1 Menn,F05-09 5-9 år,2025,Personer,195
1528 Sykkylven,1 Menn,F10-14 10-14 år,2025,Personer,227
1528 Sykkylven,1 Menn,F15-19 15-19 år,2025,Personer,252
1528 Sykkylven,1 Menn,F20-24 20-24 år,2025,Personer,220
1528 Sykkylven,1 Menn,F25-29 25-29 år,2025,Personer,183
1528 Sykkylven,1 Menn,F30-34 30-34 år,2025,Personer,217
1528 Sykkylven,1 Menn,F35-39 35-39 år,2025,Personer,227
1528 Sykkylven,1 Menn,F40-44 40-44 år,2025,Personer,263
1528 Sykkylven,1 Menn,F45-49 45-49 år,2025,Personer,235
1528 Sykkylven,1 Menn,F50-54 50-54 år,2025,Personer,289
1528 Sykkylven,1 Menn,F55-59 55-59 år,2025,Personer,275
1528 Sykkylven,1 Menn,F60-64 60-64 år,2025,Personer,253
1528 Sykkylven,1 Menn,F65-69 65-69 år,2025,Personer,241
1528 Sykkylven,1 Menn,F70-74 70-74 år,2025,Personer,217
1528 Sykkylven,1 Menn,F75-79 75-79 år,2025,Personer,188
1528 Sykkylven,1 Menn,F80-84 80-84 år,2025,Personer,126
1528 Sykkylven,1 Menn,F85-89 85-89 år,2025,Personer,54
1528 Sykkylven,1 Menn,F90-94 90-94 år,2025,Personer,27
1528 Sykkylven,1 Menn,F95-99 95-99 år,2025,Personer,13
1528 Sykkylven,1 Menn,F100G5+ 100 år eller eldre,2025,Personer,0
1531 Sula,2 Kvinner,F00-04 0-4 år,2025,Personer,287
1531 Sula,2 Kvinner,F05-09 5-9 år,2025,Personer,280
1531 Sula,2 Kvinner,F10-14 10-14 år,2025,Personer,369
1531 Sula,2 Kvinner,F15-19 15-19 år,2025,Personer,314
1531 Sula,2 Kvinner,F20-24 20-24 år,2025,Personer,245
1531 Sula,2 Kvinner,F25-29 25-29 år,2025,Personer,249
1531 Sula,2 Kvinner,F30-34 30-34 år,2025,Personer,293
1531 Sula,2 Kvinner,F35-39 35-39 år,2025,Personer,332
1531 Sula,2 Kvinner,F40-44 40-44 år,2025,Personer,360
1531 Sula,2 Kvinner,F45-49 45-49 år,2025,Personer,302
1531 Sula,2 Kvinner,F50-54 50-54 år,2025,Personer,299
1531 Sula,2 Kvinner,F55-59 55-59 år,2025,Personer,245
1531 Sula,2 Kvinner,F60-64 60-64 år,2025,Personer,213
1531 Sula,2 Kvinner,F65-69 65-69 år,2025,Personer,245
1531 Sula,2 Kvinner,F70-74 70-74 år,2025,Personer,227
1531 Sula,2 Kvinner,F75-79 75-79 år,2025,Personer,179
1531 Sula,2 Kvinner,F80-84 80-84 år,2025,Personer,117
1531 Sula,2 Kvinner,F85-89 85-89 år,2025,Personer,73
1531 Sula,2 Kvinner,F90-94 90-94 år,2025,Personer,53
1531 Sula,2 Kvinner,F95-99 95-99 år,2025,Personer,13
1531 Sula,2 Kvinner,F100G5+ 100 år eller eldre,2025,Personer,1
1531 Sula,1 Menn,F00-04 0-4 år,2025,Personer,266
1531 Sula,1 Menn,F05-09 5-9 år,2025,Personer,355
1531 Sula,1 Menn,F10-14 10-14 år,2025,Personer,372
1531 Sula,1 Menn,F15-19 15-19 år,2025,Personer,346
1531 Sula,1 Menn,F20-24 20-24 år,2025,Personer,268
1531 Sula,1 Menn,F25-29 25-29 år,2025,Personer,301
1531 Sula,1 Menn,F30-34 30-34 år,2025,Personer,334
1531 Sula,1 Menn,F35-39 35-39 år,2025,Personer,353
1531 Sula,1 Menn,F40-44 40-44 år,2025,Personer,352
1531 Sula,1 Menn,F45-49 45-49 år,2025,Personer,338
1531 Sula,1 Menn,F50-54 50-54 år,2025,Personer,383
1531 Sula,1 Menn,F55-59 55-59 år,2025,Personer,310
1531 Sula,1 Menn,F60-64 60-64 år,2025,Personer,242
1531 Sula,1 Menn,F65-69 65-69 år,2025,Personer,275
1531 Sula,1 Menn,F70-74 70-74 år,2025,Personer,193
1531 Sula,1 Menn,F75-79 75-79 år,2025,Personer,196
1531 Sula,1 Menn,F80-84 80-84 år,2025,Personer,91
1531 Sula,1 Menn,F85-89 85-89 år,2025,Personer,49
1531 Sula,1 Menn,F90-94 90-94 år,2025,Personer,31
1531 Sula,1 Menn,F95-99 95-99 år,2025,Personer,8
1531 Sula,1 Menn,F100G5+ 100 år eller eldre,2025,Personer,0
1532 Giske,2 Kvinner,F00-04 0-4 år,2025,Personer,258
1532 Giske,2 Kvinner,F05-09 5-9 år,2025,Personer,309
1532 Giske,2 Kvinner,F10-14 10-14 år,2025,Personer,291
1532 Giske,2 Kvinner,F15-19 15-19 år,2025,Personer,325
1532 Giske,2 Kvinner,F20-24 20-24 år,2025,Personer,236
1532 Giske,2 Kvinner,F25-29 25-29 år,2025,Personer,230
1532 Giske,2 Kvinner,F30-34 30-34 år,2025,Personer,262
1532 Giske,2 Kvinner,F35-39 35-39 år,2025,Personer,334
1532 Giske,2 Kvinner,F40-44 40-44 år,2025,Personer,289
1532 Giske,2 Kvinner,F45-49 45-49 år,2025,Personer,284
1532 Giske,2 Kvinner,F50-54 50-54 år,2025,Personer,250
1532 Giske,2 Kvinner,F55-59 55-59 år,2025,Personer,249
1532 Giske,2 Kvinner,F60-64 60-64 år,2025,Personer,234
1532 Giske,2 Kvinner,F65-69 65-69 år,2025,Personer,241
1532 Giske,2 Kvinner,F70-74 70-74 år,2025,Personer,198
1532 Giske,2 Kvinner,F75-79 75-79 år,2025,Personer,166
1532 Giske,2 Kvinner,F80-84 80-84 år,2025,Personer,119
1532 Giske,2 Kvinner,F85-89 85-89 år,2025,Personer,65
1532 Giske,2 Kvinner,F90-94 90-94 år,2025,Personer,41
1532 Giske,2 Kvinner,F95-99 95-99 år,2025,Personer,17
1532 Giske,2 Kvinner,F100G5+ 100 år eller eldre,2025,Personer,1
1532 Giske,1 Menn,F00-04 0-4 år,2025,Personer,237
1532 Giske,1 Menn,F05-09 5-9 år,2025,Personer,312
1532 Giske,1 Menn,F10-14 10-14 år,2025,Personer,306
1532 Giske,1 Menn,F15-19 15-19 år,2025,Personer,301
1532 Giske,1 Menn,F20-24 20-24 år,2025,Personer,247
1532 Giske,1 Menn,F25-29 25-29 år,2025,Personer,275
1532 Giske,1 Menn,F30-34 30-34 år,2025,Personer,245
1532 Giske,1 Menn,F35-39 35-39 år,2025,Personer,299
1532 Giske,1 Menn,F40-44 40-44 år,2025,Personer,293
1532 Giske,1 Menn,F45-49 45-49 år,2025,Personer,300
1532 Giske,1 Menn,F50-54 50-54 år,2025,Personer,295
1532 Giske,1 Menn,F55-59 55-59 år,2025,Personer,258
1532 Giske,1 Menn,F60-64 60-64 år,2025,Personer,233
1532 Giske,1 Menn,F65-69 65-69 år,2025,Personer,230
1532 Giske,1 Menn,F70-74 70-74 år,2025,Personer,217
1532 Giske,1 Menn,F75-79 75-79 år,2025,Personer,152
1532 Giske,1 Menn,F80-84 80-84 år,2025,Personer,103
1532 Giske,1 Menn,F85-89 85-89 år,2025,Personer,51
1532 Giske,1 Menn,F90-94 90-94 år,2025,Personer,17
1532 Giske,1 Menn,F95-99 95-99 år,2025,Personer,3
1532 Giske,1 Menn,F100G5+ 100 år eller eldre,2025,Personer,0
1535 Vestnes,2 Kvinner,F00-04 0-4 år,2025,Personer,168
1535 Vestnes,2 Kvinner,F05-09 5-9 år,2025,Personer,181
1535 Vestnes,2 Kvinner,F10-14 10-14 år,2025,Personer,200
1535 Vestnes,2 Kvinner,F15-19 15-19 år,2025,Personer,235
1535 Vestnes,2 Kvinner,F20-24 20-24 år,2025,Personer,184
1535 Vestnes,2 Kvinner,F25-29 25-29 år,2025,Personer,155
1535 Vestnes,2 Kvinner,F30-34 30-34 år,2025,Personer,203
1535 Vestnes,2 Kvinner,F35-39 35-39 år,2025,Personer,189
1535 Vestnes,2 Kvinner,F40-44 40-44 år,2025,Personer,207
1535 Vestnes,2 Kvinner,F45-49 45-49 år,2025,Personer,212
1535 Vestnes,2 Kvinner,F50-54 50-54 år,2025,Personer,238
1535 Vestnes,2 Kvinner,F55-59 55-59 år,2025,Personer,253
1535 Vestnes,2 Kvinner,F60-64 60-64 år,2025,Personer,220
1535 Vestnes,2 Kvinner,F65-69 65-69 år,2025,Personer,236
1535 Vestnes,2 Kvinner,F70-74 70-74 år,2025,Personer,240
1535 Vestnes,2 Kvinner,F75-79 75-79 år,2025,Personer,180
1535 Vestnes,2 Kvinner,F80-84 80-84 år,2025,Personer,117
1535 Vestnes,2 Kvinner,F85-89 85-89 år,2025,Personer,64
1535 Vestnes,2 Kvinner,F90-94 90-94 år,2025,Personer,27
1535 Vestnes,2 Kvinner,F95-99 95-99 år,2025,Personer,11
1535 Vestnes,2 Kvinner,F100G5+ 100 år eller eldre,2025,Personer,2
1535 Vestnes,1 Menn,F00-04 0-4 år,2025,Personer,144
1535 Vestnes,1 Menn,F05-09 5-9 år,2025,Personer,199
1535 Vestnes,1 Menn,F10-14 10-14 år,2025,Personer,200
1535 Vestnes,1 Menn,F15-19 15-19 år,2025,Personer,242
1535 Vestnes,1 Menn,F20-24 20-24 år,2025,Personer,202
1535 Vestnes,1 Menn,F25-29 25-29 år,2025,Personer,183
1535 Vestnes,1 Menn,F30-34 30-34 år,2025,Personer,252
1535 Vestnes,1 Menn,F35-39 35-39 år,2025,Personer,212
1535 Vestnes,1 Menn,F40-44 40-44 år,2025,Personer,220
1535 Vestnes,1 Menn,F45-49 45-49 år,2025,Personer,225
1535 Vestnes,1 Menn,F50-54 50-54 år,2025,Personer,270
1535 Vestnes,1 Menn,F55-59 55-59 år,2025,Personer,273
1535 Vestnes,1 Menn,F60-64 60-64 år,2025,Personer,255
1535 Vestnes,1 Menn,F65-69 65-69 år,2025,Personer,237
1535 Vestnes,1 Menn,F70-74 70-74 år,2025,Personer,249
1535 Vestnes,1 Menn,F75-79 75-79 år,2025,Personer,183
1535 Vestnes,1 Menn,F80-84 80-84 år,2025,Personer,104
1535 Vestnes,1 Menn,F85-89 85-89 år,2025,Personer,47
1535 Vestnes,1 Menn,F90-94 90-94 år,2025,Personer,20
1535 Vestnes,1 Menn,F95-99 95-99 år,2025,Personer,3
1535 Vestnes,1 Menn,F100G5+ 100 år eller eldre,2025,Personer,0
1539 Rauma,2 Kvinner,F00-04 0-4 år,2025,Personer,155
1539 Rauma,2 Kvinner,F05-09 5-9 år,2025,Personer,205
1539 Rauma,2 Kvinner,F10-14 10-14 år,2025,Personer,228
1539 Rauma,2 Kvinner,F15-19 15-19 år,2025,Personer,195
1539 Rauma,2 Kvinner,F20-24 20-24 år,2025,Personer,152
1539 Rauma,2 Kvinner,F25-29 25-29 år,2025,Personer,162
1539 Rauma,2 Kvinner,F30-34 30-34 år,2025,Personer,220
1539 Rauma,2 Kvinner,F35-39 35-39 år,2025,Personer,195
1539 Rauma,2 Kvinner,F40-44 40-44 år,2025,Personer,219
1539 Rauma,2 Kvinner,F45-49 45-49 år,2025,Personer,187
1539 Rauma,2 Kvinner,F50-54 50-54 år,2025,Personer,252
1539 Rauma,2 Kvinner,F55-59 55-59 år,2025,Personer,229
1539 Rauma,2 Kvinner,F60-64 60-64 år,2025,Personer,215
1539 Rauma,2 Kvinner,F65-69 65-69 år,2025,Personer,218
1539 Rauma,2 Kvinner,F70-74 70-74 år,2025,Personer,229
1539 Rauma,2 Kvinner,F75-79 75-79 år,2025,Personer,171
1539 Rauma,2 Kvinner,F80-84 80-84 år,2025,Personer,134
1539 Rauma,2 Kvinner,F85-89 85-89 år,2025,Personer,78
1539 Rauma,2 Kvinner,F90-94 90-94 år,2025,Personer,45
1539 Rauma,2 Kvinner,F95-99 95-99 år,2025,Personer,20
1539 Rauma,2 Kvinner,F100G5+ 100 år eller eldre,2025,Personer,2
1539 Rauma,1 Menn,F00-04 0-4 år,2025,Personer,200
1539 Rauma,1 Menn,F05-09 5-9 år,2025,Personer,195
1539 Rauma,1 Menn,F10-14 10-14 år,2025,Personer,239
1539 Rauma,1 Menn,F15-19 15-19 år,2025,Personer,226
1539 Rauma,1 Menn,F20-24 20-24 år,2025,Personer,198
1539 Rauma,1 Menn,F25-29 25-29 år,2025,Personer,184
1539 Rauma,1 Menn,F30-34 30-34 år,2025,Personer,208
1539 Rauma,1 Menn,F35-39 35-39 år,2025,Personer,258
1539 Rauma,1 Menn,F40-44 40-44 år,2025,Personer,207
1539 Rauma,1 Menn,F45-49 45-49 år,2025,Personer,200
1539 Rauma,1 Menn,F50-54 50-54 år,2025,Personer,227
1539 Rauma,1 Menn,F55-59 55-59 år,2025,Personer,257
1539 Rauma,1 Menn,F60-64 60-64 år,2025,Personer,248
1539 Rauma,1 Menn,F65-69 65-69 år,2025,Personer,214
1539 Rauma,1 Menn,F70-74 70-74 år,2025,Personer,224
1539 Rauma,1 Menn,F75-79 75-79 år,2025,Personer,206
1539 Rauma,1 Menn,F80-84 80-84 år,2025,Personer,118
1539 Rauma,1 Menn,F85-89 85-89 år,2025,Personer,48
1539 Rauma,1 Menn,F90-94 90-94 år,2025,Personer,24
1539 Rauma,1 Menn,F95-99 95-99 år,2025,Personer,4
1539 Rauma,1 Menn,F100G5+ 100 år eller eldre,2025,Personer,0
1547 Aukra,2 Kvinner,F00-04 0-4 år,2025,Personer,83
1547 Aukra,2 Kvinner,F05-09 5-9 år,2025,Personer,111
1547 Aukra,2 Kvinner,F10-14 10-14 år,2025,Personer,125
1547 Aukra,2 Kvinner,F15-19 15-19 år,2025,Personer,136
1547 Aukra,2 Kvinner,F20-24 20-24 år,2025,Personer,107
1547 Aukra,2 Kvinner,F25-29 25-29 år,2025,Personer,103
1547 Aukra,2 Kvinner,F30-34 30-34 år,2025,Personer,132
1547 Aukra,2 Kvinner,F35-39 35-39 år,2025,Personer,104
1547 Aukra,2 Kvinner,F40-44 40-44 år,2025,Personer,128
1547 Aukra,2 Kvinner,F45-49 45-49 år,2025,Personer,133
1547 Aukra,2 Kvinner,F50-54 50-54 år,2025,Personer,111
1547 Aukra,2 Kvinner,F55-59 55-59 år,2025,Personer,108
1547 Aukra,2 Kvinner,F60-64 60-64 år,2025,Personer,100
1547 Aukra,2 Kvinner,F65-69 65-69 år,2025,Personer,102
1547 Aukra,2 Kvinner,F70-74 70-74 år,2025,Personer,94
1547 Aukra,2 Kvinner,F75-79 75-79 år,2025,Personer,86
1547 Aukra,2 Kvinner,F80-84 80-84 år,2025,Personer,71
1547 Aukra,2 Kvinner,F85-89 85-89 år,2025,Personer,31
1547 Aukra,2 Kvinner,F90-94 90-94 år,2025,Personer,20
1547 Aukra,2 Kvinner,F95-99 95-99 år,2025,Personer,4
1547 Aukra,2 Kvinner,F100G5+ 100 år eller eldre,2025,Personer,1
1547 Aukra,1 Menn,F00-04 0-4 år,2025,Personer,77
1547 Aukra,1 Menn,F05-09 5-9 år,2025,Personer,114
1547 Aukra,1 Menn,F10-14 10-14 år,2025,Personer,116
1547 Aukra,1 Menn,F15-19 15-19 år,2025,Personer,155
1547 Aukra,1 Menn,F20-24 20-24 år,2025,Personer,118
1547 Aukra,1 Menn,F25-29 25-29 år,2025,Personer,108
1547 Aukra,1 Menn,F30-34 30-34 år,2025,Personer,110
1547 Aukra,1 Menn,F35-39 35-39 år,2025,Personer,125
1547 Aukra,1 Menn,F40-44 40-44 år,2025,Personer,123
1547 Aukra,1 Menn,F45-49 45-49 år,2025,Personer,116
1547 Aukra,1 Menn,F50-54 50-54 år,2025,Personer,128
1547 Aukra,1 Menn,F55-59 55-59 år,2025,Personer,108
1547 Aukra,1 Menn,F60-64 60-64 år,2025,Personer,96
1547 Aukra,1 Menn,F65-69 65-69 år,2025,Personer,107
1547 Aukra,1 Menn,F70-74 70-74 år,2025,Personer,84
1547 Aukra,1 Menn,F75-79 75-79 år,2025,Personer,92
1547 Aukra,1 Menn,F80-84 80-84 år,2025,Personer,48
1547 Aukra,1 Menn,F85-89 85-89 år,2025,Personer,22
1547 Aukra,1 Menn,F90-94 90-94 år,2025,Personer,20
1547 Aukra,1 Menn,F95-99 95-99 år,2025,Personer,2
1547 Aukra,1 Menn,F100G5+ 100 år eller eldre,2025,Personer,0
1554 Averøy,2 Kvinner,F00-04 0-4 år,2025,Personer,142
1554 Averøy,2 Kvinner,F05-09 5-9 år,2025,Personer,147
1554 Averøy,2 Kvinner,F10-14 10-14 år,2025,Personer,174
1554 Averøy,2 Kvinner,F15-19 15-19 år,2025,Personer,190
1554 Averøy,2 Kvinner,F20-24 20-24 år,2025,Personer,147
1554 Averøy,2 Kvinner,F25-29 25-29 år,2025,Personer,133
1554 Averøy,2 Kvinner,F30-34 30-34 år,2025,Personer,150
1554 Averøy,2 Kvinner,F35-39 35-39 år,2025,Personer,181
1554 Averøy,2 Kvinner,F40-44 40-44 år,2025,Personer,195
1554 Averøy,2 Kvinner,F45-49 45-49 år,2025,Personer,175
1554 Averøy,2 Kvinner,F50-54 50-54 år,2025,Personer,210
1554 Averøy,2 Kvinner,F55-59 55-59 år,2025,Personer,201
1554 Averøy,2 Kvinner,F60-64 60-64 år,2025,Personer,188
1554 Averøy,2 Kvinner,F65-69 65-69 år,2025,Personer,192
1554 Averøy,2 Kvinner,F70-74 70-74 år,2025,Personer,178
1554 Averøy,2 Kvinner,F75-79 75-79 år,2025,Personer,142
1554 Averøy,2 Kvinner,F80-84 80-84 år,2025,Personer,88
1554 Averøy,2 Kvinner,F85-89 85-89 år,2025,Personer,46
1554 Averøy,2 Kvinner,F90-94 90-94 år,2025,Personer,32
1554 Averøy,2 Kvinner,F95-99 95-99 år,2025,Personer,7
1554 Averøy,2 Kvinner,F100G5+ 100 år eller eldre,2025,Personer,1
1554 Averøy,1 Menn,F00-04 0-4 år,2025,Personer,120
1554 Averøy,1 Menn,F05-09 5-9 år,2025,Personer,142
1554 Averøy,1 Menn,F10-14 10-14 år,2025,Personer,194
1554 Averøy,1 Menn,F15-19 15-19 år,2025,Personer,201
1554 Averøy,1 Menn,F20-24 20-24 år,2025,Personer,172
1554 Averøy,1 Menn,F25-29 25-29 år,2025,Personer,144
1554 Averøy,1 Menn,F30-34 30-34 år,2025,Personer,188
1554 Averøy,1 Menn,F35-39 35-39 år,2025,Personer,181
1554 Averøy,1 Menn,F40-44 40-44 år,2025,Personer,180
1554 Averøy,1 Menn,F45-49 45-49 år,2025,Personer,180
1554 Averøy,1 Menn,F50-54 50-54 år,2025,Personer,233
1554 Averøy,1 Menn,F55-59 55-59 år,2025,Personer,234
1554 Averøy,1 Menn,F60-64 60-64 år,2025,Personer,187
1554 Averøy,1 Menn,F65-69 65-69 år,2025,Personer,210
1554 Averøy,1 Menn,F70-74 70-74 år,2025,Personer,186
1554 Averøy,1 Menn,F75-79 75-79 år,2025,Personer,160
1554 Averøy,1 Menn,F80-84 80-84 år,2025,Personer,101
1554 Averøy,1 Menn,F85-89 85-89 år,2025,Personer,40
1554 Averøy,1 Menn,F90-94 90-94 år,2025,Personer,14
1554 Averøy,1 Menn,F95-99 95-99 år,2025,Personer,4
1554 Averøy,1 Menn,F100G5+ 100 år eller eldre,2025,Personer,2
1557 Gjemnes,2 Kvinner,F00-04 0-4 år,2025,Personer,57
1557 Gjemnes,2 Kvinner,F05-09 5-9 år,2025,Personer,70
1557 Gjemnes,2 Kvinner,F10-14 10-14 år,2025,Personer,87
1557 Gjemnes,2 Kvinner,F15-19 15-19 år,2025,Personer,100
1557 Gjemnes,2 Kvinner,F20-24 20-24 år,2025,Personer,81
1557 Gjemnes,2 Kvinner,F25-29 25-29 år,2025,Personer,51
1557 Gjemnes,2 Kvinner,F30-34 30-34 år,2025,Personer,79
1557 Gjemnes,2 Kvinner,F35-39 35-39 år,2025,Personer,73
1557 Gjemnes,2 Kvinner,F40-44 40-44 år,2025,Personer,81
1557 Gjemnes,2 Kvinner,F45-49 45-49 år,2025,Personer,79
1557 Gjemnes,2 Kvinner,F50-54 50-54 år,2025,Personer,90
1557 Gjemnes,2 Kvinner,F55-59 55-59 år,2025,Personer,77
1557 Gjemnes,2 Kvinner,F60-64 60-64 år,2025,Personer,71
1557 Gjemnes,2 Kvinner,F65-69 65-69 år,2025,Personer,94
1557 Gjemnes,2 Kvinner,F70-74 70-74 år,2025,Personer,78
1557 Gjemnes,2 Kvinner,F75-79 75-79 år,2025,Personer,75
1557 Gjemnes,2 Kvinner,F80-84 80-84 år,2025,Personer,45
1557 Gjemnes,2 Kvinner,F85-89 85-89 år,2025,Personer,17
1557 Gjemnes,2 Kvinner,F90-94 90-94 år,2025,Personer,13
1557 Gjemnes,2 Kvinner,F95-99 95-99 år,2025,Personer,0
1557 Gjemnes,2 Kvinner,F100G5+ 100 år eller eldre,2025,Personer,1
1557 Gjemnes,1 Menn,F00-04 0-4 år,2025,Personer,51
1557 Gjemnes,1 Menn,F05-09 5-9 år,2025,Personer,77
1557 Gjemnes,1 Menn,F10-14 10-14 år,2025,Personer,74
1557 Gjemnes,1 Menn,F15-19 15-19 år,2025,Personer,110
1557 Gjemnes,1 Menn,F20-24 20-24 år,2025,Personer,96
1557 Gjemnes,1 Menn,F25-29 25-29 år,2025,Personer,60
1557 Gjemnes,1 Menn,F30-34 30-34 år,2025,Personer,67
1557 Gjemnes,1 Menn,F35-39 35-39 år,2025,Personer,83
1557 Gjemnes,1 Menn,F40-44 40-44 år,2025,Personer,89
1557 Gjemnes,1 Menn,F45-49 45-49 år,2025,Personer,73
1557 Gjemnes,1 Menn,F50-54 50-54 år,2025,Personer,92
1557 Gjemnes,1 Menn,F55-59 55-59 år,2025,Personer,90
1557 Gjemnes,1 Menn,F60-64 60-64 år,2025,Personer,85
1557 Gjemnes,1 Menn,F65-69 65-69 år,2025,Personer,79
1557 Gjemnes,1 Menn,F70-74 70-74 år,2025,Personer,96
1557 Gjemnes,1 Menn,F75-79 75-79 år,2025,Personer,102
1557 Gjemnes,1 Menn,F80-84 80-84 år,2025,Personer,37
1557 Gjemnes,1 Menn,F85-89 85-89 år,2025,Personer,20
1557 Gjemnes,1 Menn,F90-94 90-94 år,2025,Personer,7
1557 Gjemnes,1 Menn,F95-99 95-99 år,2025,Personer,1
1557 Gjemnes,1 Menn,F100G5+ 100 år eller eldre,2025,Personer,0
1560 Tingvoll,2 Kvinner,F00-04 0-4 år,2025,Personer,68
1560 Tingvoll,2 Kvinner,F05-09 5-9 år,2025,Personer,68
1560 Tingvoll,2 Kvinner,F10-14 10-14 år,2025,Personer,90
1560 Tingvoll,2 Kvinner,F15-19 15-19 år,2025,Personer,86
1560 Tingvoll,2 Kvinner,F20-24 20-24 år,2025,Personer,76
1560 Tingvoll,2 Kvinner,F25-29 25-29 år,2025,Personer,51
1560 Tingvoll,2 Kvinner,F30-34 30-34 år,2025,Personer,65
1560 Tingvoll,2 Kvinner,F35-39 35-39 år,2025,Personer,94
1560 Tingvoll,2 Kvinner,F40-44 40-44 år,2025,Personer,87
1560 Tingvoll,2 Kvinner,F45-49 45-49 år,2025,Personer,84
1560 Tingvoll,2 Kvinner,F50-54 50-54 år,2025,Personer,111
1560 Tingvoll,2 Kvinner,F55-59 55-59 år,2025,Personer,114
1560 Tingvoll,2 Kvinner,F60-64 60-64 år,2025,Personer,118
1560 Tingvoll,2 Kvinner,F65-69 65-69 år,2025,Personer,105
1560 Tingvoll,2 Kvinner,F70-74 70-74 år,2025,Personer,83
1560 Tingvoll,2 Kvinner,F75-79 75-79 år,2025,Personer,89
1560 Tingvoll,2 Kvinner,F80-84 80-84 år,2025,Personer,77
1560 Tingvoll,2 Kvinner,F85-89 85-89 år,2025,Personer,35
1560 Tingvoll,2 Kvinner,F90-94 90-94 år,2025,Personer,15
1560 Tingvoll,2 Kvinner,F95-99 95-99 år,2025,Personer,6
1560 Tingvoll,2 Kvinner,F100G5+ 100 år eller eldre,2025,Personer,0
1560 Tingvoll,1 Menn,F00-04 0-4 år,2025,Personer,65
1560 Tingvoll,1 Menn,F05-09 5-9 år,2025,Personer,64
1560 Tingvoll,1 Menn,F10-14 10-14 år,2025,Personer,86
1560 Tingvoll,1 Menn,F15-19 15-19 år,2025,Personer,101
1560 Tingvoll,1 Menn,F20-24 20-24 år,2025,Personer,87
1560 Tingvoll,1 Menn,F25-29 25-29 år,2025,Personer,79
1560 Tingvoll,1 Menn,F30-34 30-34 år,2025,Personer,83
1560 Tingvoll,1 Menn,F35-39 35-39 år,2025,Personer,72
1560 Tingvoll,1 Menn,F40-44 40-44 år,2025,Personer,100
1560 Tingvoll,1 Menn,F45-49 45-49 år,2025,Personer,88
1560 Tingvoll,1 Menn,F50-54 50-54 år,2025,Personer,120
1560 Tingvoll,1 Menn,F55-59 55-59 år,2025,Personer,96
1560 Tingvoll,1 Menn,F60-64 60-64 år,2025,Personer,131
1560 Tingvoll,1 Menn,F65-69 65-69 år,2025,Personer,100
1560 Tingvoll,1 Menn,F70-74 70-74 år,2025,Personer,108
1560 Tingvoll,1 Menn,F75-79 75-79 år,2025,Personer,79
1560 Tingvoll,1 Menn,F80-84 80-84 år,2025,Personer,57
1560 Tingvoll,1 Menn,F85-89 85-89 år,2025,Personer,29
1560 Tingvoll,1 Menn,F90-94 90-94 år,2025,Personer,9
1560 Tingvoll,1 Menn,F95-99 95-99 år,2025,Personer,1
1560 Tingvoll,1 Menn,F100G5+ 100 år eller eldre,2025,Personer,0
1563 Sunndal,2 Kvinner,F00-04 0-4 år,2025,Personer,160
1563 Sunndal,2 Kvinner,F05-09 5-9 år,2025,Personer,209
1563 Sunndal,2 Kvinner,F10-14 10-14 år,2025,Personer,193
1563 Sunndal,2 Kvinner,F15-19 15-19 år,2025,Personer,198
1563 Sunndal,2 Kvinner,F20-24 20-24 år,2025,Personer,167
1563 Sunndal,2 Kvinner,F25-29 25-29 år,2025,Personer,169
1563 Sunndal,2 Kvinner,F30-34 30-34 år,2025,Personer,208
1563 Sunndal,2 Kvinner,F35-39 35-39 år,2025,Personer,215
1563 Sunndal,2 Kvinner,F40-44 40-44 år,2025,Personer,178
1563 Sunndal,2 Kvinner,F45-49 45-49 år,2025,Personer,187
1563 Sunndal,2 Kvinner,F50-54 50-54 år,2025,Personer,257
1563 Sunndal,2 Kvinner,F55-59 55-59 år,2025,Personer,280
1563 Sunndal,2 Kvinner,F60-64 60-64 år,2025,Personer,242
1563 Sunndal,2 Kvinner,F65-69 65-69 år,2025,Personer,262
1563 Sunndal,2 Kvinner,F70-74 70-74 år,2025,Personer,208
1563 Sunndal,2 Kvinner,F75-79 75-79 år,2025,Personer,160
1563 Sunndal,2 Kvinner,F80-84 80-84 år,2025,Personer,139
1563 Sunndal,2 Kvinner,F85-89 85-89 år,2025,Personer,89
1563 Sunndal,2 Kvinner,F90-94 90-94 år,2025,Personer,52
1563 Sunndal,2 Kvinner,F95-99 95-99 år,2025,Personer,15
1563 Sunndal,2 Kvinner,F100G5+ 100 år eller eldre,2025,Personer,2
1563 Sunndal,1 Menn,F00-04 0-4 år,2025,Personer,145
1563 Sunndal,1 Menn,F05-09 5-9 år,2025,Personer,187
1563 Sunndal,1 Menn,F10-14 10-14 år,2025,Personer,194
1563 Sunndal,1 Menn,F15-19 15-19 år,2025,Personer,237
1563 Sunndal,1 Menn,F20-24 20-24 år,2025,Personer,218
1563 Sunndal,1 Menn,F25-29 25-29 år,2025,Personer,227
1563 Sunndal,1 Menn,F30-34 30-34 år,2025,Personer,212
1563 Sunndal,1 Menn,F35-39 35-39 år,2025,Personer,238
1563 Sunndal,1 Menn,F40-44 40-44 år,2025,Personer,196
1563 Sunndal,1 Menn,F45-49 45-49 år,2025,Personer,179
1563 Sunndal,1 Menn,F50-54 50-54 år,2025,Personer,212
1563 Sunndal,1 Menn,F55-59 55-59 år,2025,Personer,273
1563 Sunndal,1 Menn,F60-64 60-64 år,2025,Personer,253
1563 Sunndal,1 Menn,F65-69 65-69 år,2025,Personer,271
1563 Sunndal,1 Menn,F70-74 70-74 år,2025,Personer,226
1563 Sunndal,1 Menn,F75-79 75-79 år,2025,Personer,172
1563 Sunndal,1 Menn,F80-84 80-84 år,2025,Personer,102
1563 Sunndal,1 Menn,F85-89 85-89 år,2025,Personer,38
1563 Sunndal,1 Menn,F90-94 90-94 år,2025,Personer,18
1563 Sunndal,1 Menn,F95-99 95-99 år,2025,Personer,5
1563 Sunndal,1 Menn,F100G5+ 100 år eller eldre,2025,Personer,0
1566 Surnadal,2 Kvinner,F00-04 0-4 år,2025,Personer,139
1566 Surnadal,2 Kvinner,F05-09 5-9 år,2025,Personer,173
1566 Surnadal,2 Kvinner,F10-14 10-14 år,2025,Personer,156
1566 Surnadal,2 Kvinner,F15-19 15-19 år,2025,Personer,143
1566 Surnadal,2 Kvinner,F20-24 20-24 år,2025,Personer,158
1566 Surnadal,2 Kvinner,F25-29 25-29 år,2025,Personer,170
1566 Surnadal,2 Kvinner,F30-34 30-34 år,2025,Personer,165
1566 Surnadal,2 Kvinner,F35-39 35-39 år,2025,Personer,145
1566 Surnadal,2 Kvinner,F40-44 40-44 år,2025,Personer,158
1566 Surnadal,2 Kvinner,F45-49 45-49 år,2025,Personer,147
1566 Surnadal,2 Kvinner,F50-54 50-54 år,2025,Personer,200
1566 Surnadal,2 Kvinner,F55-59 55-59 år,2025,Personer,211
1566 Surnadal,2 Kvinner,F60-64 60-64 år,2025,Personer,185
1566 Surnadal,2 Kvinner,F65-69 65-69 år,2025,Personer,201
1566 Surnadal,2 Kvinner,F70-74 70-74 år,2025,Personer,185
1566 Surnadal,2 Kvinner,F75-79 75-79 år,2025,Personer,174
1566 Surnadal,2 Kvinner,F80-84 80-84 år,2025,Personer,119
1566 Surnadal,2 Kvinner,F85-89 85-89 år,2025,Personer,70
1566 Surnadal,2 Kvinner,F90-94 90-94 år,2025,Personer,26
1566 Surnadal,2 Kvinner,F95-99 95-99 år,2025,Personer,9
1566 Surnadal,2 Kvinner,F100G5+ 100 år eller eldre,2025,Personer,4
1566 Surnadal,1 Menn,F00-04 0-4 år,2025,Personer,148
1566 Surnadal,1 Menn,F05-09 5-9 år,2025,Personer,160
1566 Surnadal,1 Menn,F10-14 10-14 år,2025,Personer,154
1566 Surnadal,1 Menn,F15-19 15-19 år,2025,Personer,187
1566 Surnadal,1 Menn,F20-24 20-24 år,2025,Personer,147
1566 Surnadal,1 Menn,F25-29 25-29 år,2025,Personer,157
1566 Surnadal,1 Menn,F30-34 30-34 år,2025,Personer,189
1566 Surnadal,1 Menn,F35-39 35-39 år,2025,Personer,155
1566 Surnadal,1 Menn,F40-44 40-44 år,2025,Personer,163
1566 Surnadal,1 Menn,F45-49 45-49 år,2025,Personer,156
1566 Surnadal,1 Menn,F50-54 50-54 år,2025,Personer,199
1566 Surnadal,1 Menn,F55-59 55-59 år,2025,Personer,244
1566 Surnadal,1 Menn,F60-64 60-64 år,2025,Personer,209
1566 Surnadal,1 Menn,F65-69 65-69 år,2025,Personer,206
1566 Surnadal,1 Menn,F70-74 70-74 år,2025,Personer,192
1566 Surnadal,1 Menn,F75-79 75-79 år,2025,Personer,160
1566 Surnadal,1 Menn,F80-84 80-84 år,2025,Personer,111
1566 Surnadal,1 Menn,F85-89 85-89 år,2025,Personer,53
1566 Surnadal,1 Menn,F90-94 90-94 år,2025,Personer,20
1566 Surnadal,1 Menn,F95-99 95-99 år,2025,Personer,1
1566 Surnadal,1 Menn,F100G5+ 100 år eller eldre,2025,Personer,1
1573 Smøla,2 Kvinner,F00-04 0-4 år,2025,Personer,46
1573 Smøla,2 Kvinner,F05-09 5-9 år,2025,Personer,55
1573 Smøla,2 Kvinner,F10-14 10-14 år,2025,Personer,59
1573 Smøla,2 Kvinner,F15-19 15-19 år,2025,Personer,53
1573 Smøla,2 Kvinner,F20-24 20-24 år,2025,Personer,55
1573 Smøla,2 Kvinner,F25-29 25-29 år,2025,Personer,50
1573 Smøla,2 Kvinner,F30-34 30-34 år,2025,Personer,74
1573 Smøla,2 Kvinner,F35-39 35-39 år,2025,Personer,50
1573 Smøla,2 Kvinner,F40-44 40-44 år,2025,Personer,56
1573 Smøla,2 Kvinner,F45-49 45-49 år,2025,Personer,57
1573 Smøla,2 Kvinner,F50-54 50-54 år,2025,Personer,68
1573 Smøla,2 Kvinner,F55-59 55-59 år,2025,Personer,85
1573 Smøla,2 Kvinner,F60-64 60-64 år,2025,Personer,72
1573 Smøla,2 Kvinner,F65-69 65-69 år,2025,Personer,74
1573 Smøla,2 Kvinner,F70-74 70-74 år,2025,Personer,72
1573 Smøla,2 Kvinner,F75-79 75-79 år,2025,Personer,60
1573 Smøla,2 Kvinner,F80-84 80-84 år,2025,Personer,39
1573 Smøla,2 Kvinner,F85-89 85-89 år,2025,Personer,26
1573 Smøla,2 Kvinner,F90-94 90-94 år,2025,Personer,11
1573 Smøla,2 Kvinner,F95-99 95-99 år,2025,Personer,4
1573 Smøla,2 Kvinner,F100G5+ 100 år eller eldre,2025,Personer,1
1573 Smøla,1 Menn,F00-04 0-4 år,2025,Personer,48
1573 Smøla,1 Menn,F05-09 5-9 år,2025,Personer,51
1573 Smøla,1 Menn,F10-14 10-14 år,2025,Personer,48
1573 Smøla,1 Menn,F15-19 15-19 år,2025,Personer,59
1573 Smøla,1 Menn,F20-24 20-24 år,2025,Personer,43
1573 Smøla,1 Menn,F25-29 25-29 år,2025,Personer,57
1573 Smøla,1 Menn,F30-34 30-34 år,2025,Personer,69
1573 Smøla,1 Menn,F35-39 35-39 år,2025,Personer,64
1573 Smøla,1 Menn,F40-44 40-44 år,2025,Personer,53
1573 Smøla,1 Menn,F45-49 45-49 år,2025,Personer,64
1573 Smøla,1 Menn,F50-54 50-54 år,2025,Personer,83
1573 Smøla,1 Menn,F55-59 55-59 år,2025,Personer,84
1573 Smøla,1 Menn,F60-64 60-64 år,2025,Personer,69
1573 Smøla,1 Menn,F65-69 65-69 år,2025,Personer,95
1573 Smøla,1 Menn,F70-74 70-74 år,2025,Personer,89
1573 Smøla,1 Menn,F75-79 75-79 år,2025,Personer,51
1573 Smøla,1 Menn,F80-84 80-84 år,2025,Personer,42
1573 Smøla,1 Menn,F85-89 85-89 år,2025,Personer,21
1573 Smøla,1 Menn,F90-94 90-94 år,2025,Personer,9
1573 Smøla,1 Menn,F95-99 95-99 år,2025,Personer,2
1573 Smøla,1 Menn,F100G5+ 100 år eller eldre,2025,Personer,0
1576 Aure,2 Kvinner,F00-04 0-4 år,2025,Personer,51
1576 Aure,2 Kvinner,F05-09 5-9 år,2025,Personer,77
1576 Aure,2 Kvinner,F10-14 10-14 år,2025,Personer,83
1576 Aure,2 Kvinner,F15-19 15-19 år,2025,Personer,92
1576 Aure,2 Kvinner,F20-24 20-24 år,2025,Personer,76
1576 Aure,2 Kvinner,F25-29 25-29 år,2025,Personer,87
1576 Aure,2 Kvinner,F30-34 30-34 år,2025,Personer,74
1576 Aure,2 Kvinner,F35-39 35-39 år,2025,Personer,78
1576 Aure,2 Kvinner,F40-44 40-44 år,2025,Personer,88
1576 Aure,2 Kvinner,F45-49 45-49 år,2025,Personer,95
1576 Aure,2 Kvinner,F50-54 50-54 år,2025,Personer,124
1576 Aure,2 Kvinner,F55-59 55-59 år,2025,Personer,128
1576 Aure,2 Kvinner,F60-64 60-64 år,2025,Personer,114
1576 Aure,2 Kvinner,F65-69 65-69 år,2025,Personer,114
1576 Aure,2 Kvinner,F70-74 70-74 år,2025,Personer,101
1576 Aure,2 Kvinner,F75-79 75-79 år,2025,Personer,109
1576 Aure,2 Kvinner,F80-84 80-84 år,2025,Personer,75
1576 Aure,2 Kvinner,F85-89 85-89 år,2025,Personer,32
1576 Aure,2 Kvinner,F90-94 90-94 år,2025,Personer,24
1576 Aure,2 Kvinner,F95-99 95-99 år,2025,Personer,13
1576 Aure,2 Kvinner,F100G5+ 100 år eller eldre,2025,Personer,0
1576 Aure,1 Menn,F00-04 0-4 år,2025,Personer,73
1576 Aure,1 Menn,F05-09 5-9 år,2025,Personer,82
1576 Aure,1 Menn,F10-14 10-14 år,2025,Personer,80
1576 Aure,1 Menn,F15-19 15-19 år,2025,Personer,95
1576 Aure,1 Menn,F20-24 20-24 år,2025,Personer,89
1576 Aure,1 Menn,F25-29 25-29 år,2025,Personer,96
1576 Aure,1 Menn,F30-34 30-34 år,2025,Personer,90
1576 Aure,1 Menn,F35-39 35-39 år,2025,Personer,85
1576 Aure,1 Menn,F40-44 40-44 år,2025,Personer,116
1576 Aure,1 Menn,F45-49 45-49 år,2025,Personer,93
1576 Aure,1 Menn,F50-54 50-54 år,2025,Personer,132
1576 Aure,1 Menn,F55-59 55-59 år,2025,Personer,144
1576 Aure,1 Menn,F60-64 60-64 år,2025,Personer,117
1576 Aure,1 Menn,F65-69 65-69 år,2025,Personer,140
1576 Aure,1 Menn,F70-74 70-74 år,2025,Personer,116
1576 Aure,1 Menn,F75-79 75-79 år,2025,Personer,105
1576 Aure,1 Menn,F80-84 80-84 år,2025,Personer,72
1576 Aure,1 Menn,F85-89 85-89 år,2025,Personer,26
1576 Aure,1 Menn,F90-94 90-94 år,2025,Personer,8
1576 Aure,1 Menn,F95-99 95-99 år,2025,Personer,0
1576 Aure,1 Menn,F100G5+ 100 år eller eldre,2025,Personer,0
1577 Volda,2 Kvinner,F00-04 0-4 år,2025,Personer,280
1577 Volda,2 Kvinner,F05-09 5-9 år,2025,Personer,323
1577 Volda,2 Kvinner,F10-14 10-14 år,2025,Personer,271
1577 Volda,2 Kvinner,F15-19 15-19 år,2025,Personer,368
1577 Volda,2 Kvinner,F20-24 20-24 år,2025,Personer,585
1577 Volda,2 Kvinner,F25-29 25-29 år,2025,Personer,382
1577 Volda,2 Kvinner,F30-34 30-34 år,2025,Personer,331
1577 Volda,2 Kvinner,F35-39 35-39 år,2025,Personer,320
1577 Volda,2 Kvinner,F40-44 40-44 år,2025,Personer,310
1577 Volda,2 Kvinner,F45-49 45-49 år,2025,Personer,312
1577 Volda,2 Kvinner,F50-54 50-54 år,2025,Personer,342
1577 Volda,2 Kvinner,F55-59 55-59 år,2025,Personer,302
1577 Volda,2 Kvinner,F60-64 60-64 år,2025,Personer,322
1577 Volda,2 Kvinner,F65-69 65-69 år,2025,Personer,292
1577 Volda,2 Kvinner,F70-74 70-74 år,2025,Personer,297
1577 Volda,2 Kvinner,F75-79 75-79 år,2025,Personer,238
1577 Volda,2 Kvinner,F80-84 80-84 år,2025,Personer,168
1577 Volda,2 Kvinner,F85-89 85-89 år,2025,Personer,113
1577 Volda,2 Kvinner,F90-94 90-94 år,2025,Personer,60
1577 Volda,2 Kvinner,F95-99 95-99 år,2025,Personer,22
1577 Volda,2 Kvinner,F100G5+ 100 år eller eldre,2025,Personer,5
1577 Volda,1 Menn,F00-04 0-4 år,2025,Personer,275
1577 Volda,1 Menn,F05-09 5-9 år,2025,Personer,323
1577 Volda,1 Menn,F10-14 10-14 år,2025,Personer,318
1577 Volda,1 Menn,F15-19 15-19 år,2025,Personer,367
1577 Volda,1 Menn,F20-24 20-24 år,2025,Personer,430
1577 Volda,1 Menn,F25-29 25-29 år,2025,Personer,415
1577 Volda,1 Menn,F30-34 30-34 år,2025,Personer,349
1577 Volda,1 Menn,F35-39 35-39 år,2025,Personer,313
1577 Volda,1 Menn,F40-44 40-44 år,2025,Personer,332
1577 Volda,1 Menn,F45-49 45-49 år,2025,Personer,318
1577 Volda,1 Menn,F50-54 50-54 år,2025,Personer,297
1577 Volda,1 Menn,F55-59 55-59 år,2025,Personer,322
1577 Volda,1 Menn,F60-64 60-64 år,2025,Personer,318
1577 Volda,1 Menn,F65-69 65-69 år,2025,Personer,306
1577 Volda,1 Menn,F70-74 70-74 år,2025,Personer,269
1577 Volda,1 Menn,F75-79 75-79 år,2025,Personer,261
1577 Volda,1 Menn,F80-84 80-84 år,2025,Personer,149
1577 Volda,1 Menn,F85-89 85-89 år,2025,Personer,88
1577 Volda,1 Menn,F90-94 90-94 år,2025,Personer,29
1577 Volda,1 Menn,F95-99 95-99 år,2025,Personer,9
1577 Volda,1 Menn,F100G5+ 100 år eller eldre,2025,Personer,0
1578 Fjord,2 Kvinner,F00-04 0-4 år,2025,Personer,49
1578 Fjord,2 Kvinner,F05-09 5-9 år,2025,Personer,46
1578 Fjord,2 Kvinner,F10-14 10-14 år,2025,Personer,63
1578 Fjord,2 Kvinner,F15-19 15-19 år,2025,Personer,94
1578 Fjord,2 Kvinner,F20-24 20-24 år,2025,Personer,87
1578 Fjord,2 Kvinner,F25-29 25-29 år,2025,Personer,50
1578 Fjord,2 Kvinner,F30-34 30-34 år,2025,Personer,49
1578 Fjord,2 Kvinner,F35-39 35-39 år,2025,Personer,71
1578 Fjord,2 Kvinner,F40-44 40-44 år,2025,Personer,72
1578 Fjord,2 Kvinner,F45-49 45-49 år,2025,Personer,64
1578 Fjord,2 Kvinner,F50-54 50-54 år,2025,Personer,89
1578 Fjord,2 Kvinner,F55-59 55-59 år,2025,Personer,93
1578 Fjord,2 Kvinner,F60-64 60-64 år,2025,Personer,83
1578 Fjord,2 Kvinner,F65-69 65-69 år,2025,Personer,95
1578 Fjord,2 Kvinner,F70-74 70-74 år,2025,Personer,85
1578 Fjord,2 Kvinner,F75-79 75-79 år,2025,Personer,66
1578 Fjord,2 Kvinner,F80-84 80-84 år,2025,Personer,53
1578 Fjord,2 Kvinner,F85-89 85-89 år,2025,Personer,35
1578 Fjord,2 Kvinner,F90-94 90-94 år,2025,Personer,13
1578 Fjord,2 Kvinner,F95-99 95-99 år,2025,Personer,3
1578 Fjord,2 Kvinner,F100G5+ 100 år eller eldre,2025,Personer,2
1578 Fjord,1 Menn,F00-04 0-4 år,2025,Personer,55
1578 Fjord,1 Menn,F05-09 5-9 år,2025,Personer,51
1578 Fjord,1 Menn,F10-14 10-14 år,2025,Personer,75
1578 Fjord,1 Menn,F15-19 15-19 år,2025,Personer,84
1578 Fjord,1 Menn,F20-24 20-24 år,2025,Personer,77
1578 Fjord,1 Menn,F25-29 25-29 år,2025,Personer,42
1578 Fjord,1 Menn,F30-34 30-34 år,2025,Personer,52
1578 Fjord,1 Menn,F35-39 35-39 år,2025,Personer,56
1578 Fjord,1 Menn,F40-44 40-44 år,2025,Personer,69
1578 Fjord,1 Menn,F45-49 45-49 år,2025,Personer,74
1578 Fjord,1 Menn,F50-54 50-54 år,2025,Personer,76
1578 Fjord,1 Menn,F55-59 55-59 år,2025,Personer,92
1578 Fjord,1 Menn,F60-64 60-64 år,2025,Personer,101
1578 Fjord,1 Menn,F65-69 65-69 år,2025,Personer,98
1578 Fjord,1 Menn,F70-74 70-74 år,2025,Personer,73
1578 Fjord,1 Menn,F75-79 75-79 år,2025,Personer,76
1578 Fjord,1 Menn,F80-84 80-84 år,2025,Personer,43
1578 Fjord,1 Menn,F85-89 85-89 år,2025,Personer,32
1578 Fjord,1 Menn,F90-94 90-94 år,2025,Personer,10
1578 Fjord,1 Menn,F95-99 95-99 år,2025,Personer,7
1578 Fjord,1 Menn,F100G5+ 100 år eller eldre,2025,Personer,1
1579 Hustadvika,2 Kvinner,F00-04 0-4 år,2025,Personer,324
1579 Hustadvika,2 Kvinner,F05-09 5-9 år,2025,Personer,380
1579 Hustadvika,2 Kvinner,F10-14 10-14 år,2025,Personer,428
1579 Hustadvika,2 Kvinner,F15-19 15-19 år,2025,Personer,457
1579 Hustadvika,2 Kvinner,F20-24 20-24 år,2025,Personer,361
1579 Hustadvika,2 Kvinner,F25-29 25-29 år,2025,Personer,322
1579 Hustadvika,2 Kvinner,F30-34 30-34 år,2025,Personer,396
1579 Hustadvika,2 Kvinner,F35-39 35-39 år,2025,Personer,444
1579 Hustadvika,2 Kvinner,F40-44 40-44 år,2025,Personer,385
1579 Hustadvika,2 Kvinner,F45-49 45-49 år,2025,Personer,425
1579 Hustadvika,2 Kvinner,F50-54 50-54 år,2025,Personer,406
1579 Hustadvika,2 Kvinner,F55-59 55-59 år,2025,Personer,443
1579 Hustadvika,2 Kvinner,F60-64 60-64 år,2025,Personer,368
1579 Hustadvika,2 Kvinner,F65-69 65-69 år,2025,Personer,399
1579 Hustadvika,2 Kvinner,F70-74 70-74 år,2025,Personer,371
1579 Hustadvika,2 Kvinner,F75-79 75-79 år,2025,Personer,324
1579 Hustadvika,2 Kvinner,F80-84 80-84 år,2025,Personer,200
1579 Hustadvika,2 Kvinner,F85-89 85-89 år,2025,Personer,114
1579 Hustadvika,2 Kvinner,F90-94 90-94 år,2025,Personer,64
1579 Hustadvika,2 Kvinner,F95-99 95-99 år,2025,Personer,15
1579 Hustadvika,2 Kvinner,F100G5+ 100 år eller eldre,2025,Personer,3
1579 Hustadvika,1 Menn,F00-04 0-4 år,2025,Personer,308
1579 Hustadvika,1 Menn,F05-09 5-9 år,2025,Personer,385
1579 Hustadvika,1 Menn,F10-14 10-14 år,2025,Personer,416
1579 Hustadvika,1 Menn,F15-19 15-19 år,2025,Personer,458
1579 Hustadvika,1 Menn,F20-24 20-24 år,2025,Personer,419
1579 Hustadvika,1 Menn,F25-29 25-29 år,2025,Personer,351
1579 Hustadvika,1 Menn,F30-34 30-34 år,2025,Personer,429
1579 Hustadvika,1 Menn,F35-39 35-39 år,2025,Personer,441
1579 Hustadvika,1 Menn,F40-44 40-44 år,2025,Personer,480
1579 Hustadvika,1 Menn,F45-49 45-49 år,2025,Personer,383
1579 Hustadvika,1 Menn,F50-54 50-54 år,2025,Personer,458
1579 Hustadvika,1 Menn,F55-59 55-59 år,2025,Personer,460
1579 Hustadvika,1 Menn,F60-64 60-64 år,2025,Personer,446
1579 Hustadvika,1 Menn,F65-69 65-69 år,2025,Personer,399
1579 Hustadvika,1 Menn,F70-74 70-74 år,2025,Personer,374
1579 Hustadvika,1 Menn,F75-79 75-79 år,2025,Personer,319
1579 Hustadvika,1 Menn,F80-84 80-84 år,2025,Personer,188
1579 Hustadvika,1 Menn,F85-89 85-89 år,2025,Personer,84
1579 Hustadvika,1 Menn,F90-94 90-94 år,2025,Personer,28
1579 Hustadvika,1 Menn,F95-99 95-99 år,2025,Personer,5
1579 Hustadvika,1 Menn,F100G5+ 100 år eller eldre,2025,Personer,0
1580 Haram,2 Kvinner,F00-04 0-4 år,2025,Personer,214
1580 Haram,2 Kvinner,F05-09 5-9 år,2025,Personer,255
1580 Haram,2 Kvinner,F10-14 10-14 år,2025,Personer,255
1580 Haram,2 Kvinner,F15-19 15-19 år,2025,Personer,307
1580 Haram,2 Kvinner,F20-24 20-24 år,2025,Personer,233
1580 Haram,2 Kvinner,F25-29 25-29 år,2025,Personer,221
1580 Haram,2 Kvinner,F30-34 30-34 år,2025,Personer,220
1580 Haram,2 Kvinner,F35-39 35-39 år,2025,Personer,278
1580 Haram,2 Kvinner,F40-44 40-44 år,2025,Personer,297
1580 Haram,2 Kvinner,F45-49 45-49 år,2025,Personer,284
1580 Haram,2 Kvinner,F50-54 50-54 år,2025,Personer,313
1580 Haram,2 Kvinner,F55-59 55-59 år,2025,Personer,286
1580 Haram,2 Kvinner,F60-64 60-64 år,2025,Personer,255
1580 Haram,2 Kvinner,F65-69 65-69 år,2025,Personer,280
1580 Haram,2 Kvinner,F70-74 70-74 år,2025,Personer,252
1580 Haram,2 Kvinner,F75-79 75-79 år,2025,Personer,236
1580 Haram,2 Kvinner,F80-84 80-84 år,2025,Personer,149
1580 Haram,2 Kvinner,F85-89 85-89 år,2025,Personer,98
1580 Haram,2 Kvinner,F90-94 90-94 år,2025,Personer,64
1580 Haram,2 Kvinner,F95-99 95-99 år,2025,Personer,23
1580 Haram,2 Kvinner,F100G5+ 100 år eller eldre,2025,Personer,4
1580 Haram,1 Menn,F00-04 0-4 år,2025,Personer,225
1580 Haram,1 Menn,F05-09 5-9 år,2025,Personer,289
1580 Haram,1 Menn,F10-14 10-14 år,2025,Personer,303
1580 Haram,1 Menn,F15-19 15-19 år,2025,Personer,280
1580 Haram,1 Menn,F20-24 20-24 år,2025,Personer,262
1580 Haram,1 Menn,F25-29 25-29 år,2025,Personer,248
1580 Haram,1 Menn,F30-34 30-34 år,2025,Personer,297
1580 Haram,1 Menn,F35-39 35-39 år,2025,Personer,280
1580 Haram,1 Menn,F40-44 40-44 år,2025,Personer,331
1580 Haram,1 Menn,F45-49 45-49 år,2025,Personer,334
1580 Haram,1 Menn,F50-54 50-54 år,2025,Personer,351
1580 Haram,1 Menn,F55-59 55-59 år,2025,Personer,313
1580 Haram,1 Menn,F60-64 60-64 år,2025,Personer,301
1580 Haram,1 Menn,F65-69 65-69 år,2025,Personer,318
1580 Haram,1 Menn,F70-74 70-74 år,2025,Personer,301
1580 Haram,1 Menn,F75-79 75-79 år,2025,Personer,214
1580 Haram,1 Menn,F80-84 80-84 år,2025,Personer,127
1580 Haram,1 Menn,F85-89 85-89 år,2025,Personer,68
1580 Haram,1 Menn,F90-94 90-94 år,2025,Personer,31
1580 Haram,1 Menn,F95-99 95-99 år,2025,Personer,11
1580 Haram,1 Menn,F100G5+ 100 år eller eldre,2025,Personer,1
5001 Trondheim - Tråante,2 Kvinner,F00-04 0-4 år,2025,Personer,5055
5001 Trondheim - Tråante,2 Kvinner,F05-09 5-9 år,2025,Personer,5224
5001 Trondheim - Tråante,2 Kvinner,F10-14 10-14 år,2025,Personer,5737
5001 Trondheim - Tråante,2 Kvinner,F15-19 15-19 år,2025,Personer,5881
5001 Trondheim - Tråante,2 Kvinner,F20-24 20-24 år,2025,Personer,8752
5001 Trondheim - Tråante,2 Kvinner,F25-29 25-29 år,2025,Personer,9650
5001 Trondheim - Tråante,2 Kvinner,F30-34 30-34 år,2025,Personer,8462
5001 Trondheim - Tråante,2 Kvinner,F35-39 35-39 år,2025,Personer,7594
5001 Trondheim - Tråante,2 Kvinner,F40-44 40-44 år,2025,Personer,6972
5001 Trondheim - Tråante,2 Kvinner,F45-49 45-49 år,2025,Personer,6363
5001 Trondheim - Tråante,2 Kvinner,F50-54 50-54 år,2025,Personer,6520
5001 Trondheim - Tråante,2 Kvinner,F55-59 55-59 år,2025,Personer,6350
5001 Trondheim - Tråante,2 Kvinner,F60-64 60-64 år,2025,Personer,5492
5001 Trondheim - Tråante,2 Kvinner,F65-69 65-69 år,2025,Personer,5109
5001 Trondheim - Tråante,2 Kvinner,F70-74 70-74 år,2025,Personer,4514
5001 Trondheim - Tråante,2 Kvinner,F75-79 75-79 år,2025,Personer,3959
5001 Trondheim - Tråante,2 Kvinner,F80-84 80-84 år,2025,Personer,2613
5001 Trondheim - Tråante,2 Kvinner,F85-89 85-89 år,2025,Personer,1439
5001 Trondheim - Tråante,2 Kvinner,F90-94 90-94 år,2025,Personer,695
5001 Trondheim - Tråante,2 Kvinner,F95-99 95-99 år,2025,Personer,205
5001 Trondheim - Tråante,2 Kvinner,F100G5+ 100 år eller eldre,2025,Personer,35
5001 Trondheim - Tråante,1 Menn,F00-04 0-4 år,2025,Personer,5449
5001 Trondheim - Tråante,1 Menn,F05-09 5-9 år,2025,Personer,5579
5001 Trondheim - Tråante,1 Menn,F10-14 10-14 år,2025,Personer,5947
5001 Trondheim - Tråante,1 Menn,F15-19 15-19 år,2025,Personer,6405
5001 Trondheim - Tråante,1 Menn,F20-24 20-24 år,2025,Personer,9509
5001 Trondheim - Tråante,1 Menn,F25-29 25-29 år,2025,Personer,10742
5001 Trondheim - Tråante,1 Menn,F30-34 30-34 år,2025,Personer,9554
5001 Trondheim - Tråante,1 Menn,F35-39 35-39 år,2025,Personer,8325
5001 Trondheim - Tråante,1 Menn,F40-44 40-44 år,2025,Personer,7288
5001 Trondheim - Tråante,1 Menn,F45-49 45-49 år,2025,Personer,6753
5001 Trondheim - Tråante,1 Menn,F50-54 50-54 år,2025,Personer,6801
5001 Trondheim - Tråante,1 Menn,F55-59 55-59 år,2025,Personer,6414
5001 Trondheim - Tråante,1 Menn,F60-64 60-64 år,2025,Personer,5340
5001 Trondheim - Tråante,1 Menn,F65-69 65-69 år,2025,Personer,4825
5001 Trondheim - Tråante,1 Menn,F70-74 70-74 år,2025,Personer,3971
5001 Trondheim - Tråante,1 Menn,F75-79 75-79 år,2025,Personer,3479
5001 Trondheim - Tråante,1 Menn,F80-84 80-84 år,2025,Personer,2174
5001 Trondheim - Tråante,1 Menn,F85-89 85-89 år,2025,Personer,924
5001 Trondheim - Tråante,1 Menn,F90-94 90-94 år,2025,Personer,321
5001 Trondheim - Tråante,1 Menn,F95-99 95-99 år,2025,Personer,91
5001 Trondheim - Tråante,1 Menn,F100G5+ 100 år eller eldre,2025,Personer,6
5006 Steinkjer,2 Kvinner,F00-04 0-4 år,2025,Personer,515
5006 Steinkjer,2 Kvinner,F05-09 5-9 år,2025,Personer,592
5006 Steinkjer,2 Kvinner,F10-14 10-14 år,2025,Personer,688
5006 Steinkjer,2 Kvinner,F15-19 15-19 år,2025,Personer,732
5006 Steinkjer,2 Kvinner,F20-24 20-24 år,2025,Personer,627
5006 Steinkjer,2 Kvinner,F25-29 25-29 år,2025,Personer,612
5006 Steinkjer,2 Kvinner,F30-34 30-34 år,2025,Personer,708
5006 Steinkjer,2 Kvinner,F35-39 35-39 år,2025,Personer,718
5006 Steinkjer,2 Kvinner,F40-44 40-44 år,2025,Personer,630
5006 Steinkjer,2 Kvinner,F45-49 45-49 år,2025,Personer,664
5006 Steinkjer,2 Kvinner,F50-54 50-54 år,2025,Personer,767
5006 Steinkjer,2 Kvinner,F55-59 55-59 år,2025,Personer,873
5006 Steinkjer,2 Kvinner,F60-64 60-64 år,2025,Personer,790
5006 Steinkjer,2 Kvinner,F65-69 65-69 år,2025,Personer,745
5006 Steinkjer,2 Kvinner,F70-74 70-74 år,2025,Personer,697
5006 Steinkjer,2 Kvinner,F75-79 75-79 år,2025,Personer,658
5006 Steinkjer,2 Kvinner,F80-84 80-84 år,2025,Personer,472
5006 Steinkjer,2 Kvinner,F85-89 85-89 år,2025,Personer,262
5006 Steinkjer,2 Kvinner,F90-94 90-94 år,2025,Personer,148
5006 Steinkjer,2 Kvinner,F95-99 95-99 år,2025,Personer,45
5006 Steinkjer,2 Kvinner,F100G5+ 100 år eller eldre,2025,Personer,5
5006 Steinkjer,1 Menn,F00-04 0-4 år,2025,Personer,580
5006 Steinkjer,1 Menn,F05-09 5-9 år,2025,Personer,643
5006 Steinkjer,1 Menn,F10-14 10-14 år,2025,Personer,729
5006 Steinkjer,1 Menn,F15-19 15-19 år,2025,Personer,823
5006 Steinkjer,1 Menn,F20-24 20-24 år,2025,Personer,701
5006 Steinkjer,1 Menn,F25-29 25-29 år,2025,Personer,618
5006 Steinkjer,1 Menn,F30-34 30-34 år,2025,Personer,786
5006 Steinkjer,1 Menn,F35-39 35-39 år,2025,Personer,717
5006 Steinkjer,1 Menn,F40-44 40-44 år,2025,Personer,674
5006 Steinkjer,1 Menn,F45-49 45-49 år,2025,Personer,670
5006 Steinkjer,1 Menn,F50-54 50-54 år,2025,Personer,754
5006 Steinkjer,1 Menn,F55-59 55-59 år,2025,Personer,841
5006 Steinkjer,1 Menn,F60-64 60-64 år,2025,Personer,828
5006 Steinkjer,1 Menn,F65-69 65-69 år,2025,Personer,797
5006 Steinkjer,1 Menn,F70-74 70-74 år,2025,Personer,696
5006 Steinkjer,1 Menn,F75-79 75-79 år,2025,Personer,612
5006 Steinkjer,1 Menn,F80-84 80-84 år,2025,Personer,393
5006 Steinkjer,1 Menn,F85-89 85-89 år,2025,Personer,174
5006 Steinkjer,1 Menn,F90-94 90-94 år,2025,Personer,64
5006 Steinkjer,1 Menn,F95-99 95-99 år,2025,Personer,14
5006 Steinkjer,1 Menn,F100G5+ 100 år eller eldre,2025,Personer,2
5007 Namsos - Nåavmesjenjaelmie,2 Kvinner,F00-04 0-4 år,2025,Personer,359
5007 Namsos - Nåavmesjenjaelmie,2 Kvinner,F05-09 5-9 år,2025,Personer,376
5007 Namsos - Nåavmesjenjaelmie,2 Kvinner,F10-14 10-14 år,2025,Personer,437
5007 Namsos - Nåavmesjenjaelmie,2 Kvinner,F15-19 15-19 år,2025,Personer,451
5007 Namsos - Nåavmesjenjaelmie,2 Kvinner,F20-24 20-24 år,2025,Personer,471
5007 Namsos - Nåavmesjenjaelmie,2 Kvinner,F25-29 25-29 år,2025,Personer,431
5007 Namsos - Nåavmesjenjaelmie,2 Kvinner,F30-34 30-34 år,2025,Personer,442
5007 Namsos - Nåavmesjenjaelmie,2 Kvinner,F35-39 35-39 år,2025,Personer,430
5007 Namsos - Nåavmesjenjaelmie,2 Kvinner,F40-44 40-44 år,2025,Personer,423
5007 Namsos - Nåavmesjenjaelmie,2 Kvinner,F45-49 45-49 år,2025,Personer,435
5007 Namsos - Nåavmesjenjaelmie,2 Kvinner,F50-54 50-54 år,2025,Personer,540
5007 Namsos - Nåavmesjenjaelmie,2 Kvinner,F55-59 55-59 år,2025,Personer,539
5007 Namsos - Nåavmesjenjaelmie,2 Kvinner,F60-64 60-64 år,2025,Personer,505
5007 Namsos - Nåavmesjenjaelmie,2 Kvinner,F65-69 65-69 år,2025,Personer,440
5007 Namsos - Nåavmesjenjaelmie,2 Kvinner,F70-74 70-74 år,2025,Personer,486
5007 Namsos - Nåavmesjenjaelmie,2 Kvinner,F75-79 75-79 år,2025,Personer,360
5007 Namsos - Nåavmesjenjaelmie,2 Kvinner,F80-84 80-84 år,2025,Personer,260
5007 Namsos - Nåavmesjenjaelmie,2 Kvinner,F85-89 85-89 år,2025,Personer,150
5007 Namsos - Nåavmesjenjaelmie,2 Kvinner,F90-94 90-94 år,2025,Personer,67
5007 Namsos - Nåavmesjenjaelmie,2 Kvinner,F95-99 95-99 år,2025,Personer,30
5007 Namsos - Nåavmesjenjaelmie,2 Kvinner,F100G5+ 100 år eller eldre,2025,Personer,1
5007 Namsos - Nåavmesjenjaelmie,1 Menn,F00-04 0-4 år,2025,Personer,347
5007 Namsos - Nåavmesjenjaelmie,1 Menn,F05-09 5-9 år,2025,Personer,384
5007 Namsos - Nåavmesjenjaelmie,1 Menn,F10-14 10-14 år,2025,Personer,483
5007 Namsos - Nåavmesjenjaelmie,1 Menn,F15-19 15-19 år,2025,Personer,517
5007 Namsos - Nåavmesjenjaelmie,1 Menn,F20-24 20-24 år,2025,Personer,477
5007 Namsos - Nåavmesjenjaelmie,1 Menn,F25-29 25-29 år,2025,Personer,483
5007 Namsos - Nåavmesjenjaelmie,1 Menn,F30-34 30-34 år,2025,Personer,462
5007 Namsos - Nåavmesjenjaelmie,1 Menn,F35-39 35-39 år,2025,Personer,442
5007 Namsos - Nåavmesjenjaelmie,1 Menn,F40-44 40-44 år,2025,Personer,389
5007 Namsos - Nåavmesjenjaelmie,1 Menn,F45-49 45-49 år,2025,Personer,410
5007 Namsos - Nåavmesjenjaelmie,1 Menn,F50-54 50-54 år,2025,Personer,474
5007 Namsos - Nåavmesjenjaelmie,1 Menn,F55-59 55-59 år,2025,Personer,541
5007 Namsos - Nåavmesjenjaelmie,1 Menn,F60-64 60-64 år,2025,Personer,481
5007 Namsos - Nåavmesjenjaelmie,1 Menn,F65-69 65-69 år,2025,Personer,449
5007 Namsos - Nåavmesjenjaelmie,1 Menn,F70-74 70-74 år,2025,Personer,412
5007 Namsos - Nåavmesjenjaelmie,1 Menn,F75-79 75-79 år,2025,Personer,384
5007 Namsos - Nåavmesjenjaelmie,1 Menn,F80-84 80-84 år,2025,Personer,241
5007 Namsos - Nåavmesjenjaelmie,1 Menn,F85-89 85-89 år,2025,Personer,102
5007 Namsos - Nåavmesjenjaelmie,1 Menn,F90-94 90-94 år,2025,Personer,33
5007 Namsos - Nåavmesjenjaelmie,1 Menn,F95-99 95-99 år,2025,Personer,9
5007 Namsos - Nåavmesjenjaelmie,1 Menn,F100G5+ 100 år eller eldre,2025,Personer,1
5014 Frøya,2 Kvinner,F00-04 0-4 år,2025,Personer,148
5014 Frøya,2 Kvinner,F05-09 5-9 år,2025,Personer,125
5014 Frøya,2 Kvinner,F10-14 10-14 år,2025,Personer,173
5014 Frøya,2 Kvinner,F15-19 15-19 år,2025,Personer,130
5014 Frøya,2 Kvinner,F20-24 20-24 år,2025,Personer,148
5014 Frøya,2 Kvinner,F25-29 25-29 år,2025,Personer,216
5014 Frøya,2 Kvinner,F30-34 30-34 år,2025,Personer,210
5014 Frøya,2 Kvinner,F35-39 35-39 år,2025,Personer,204
5014 Frøya,2 Kvinner,F40-44 40-44 år,2025,Personer,165
5014 Frøya,2 Kvinner,F45-49 45-49 år,2025,Personer,162
5014 Frøya,2 Kvinner,F50-54 50-54 år,2025,Personer,168
5014 Frøya,2 Kvinner,F55-59 55-59 år,2025,Personer,160
5014 Frøya,2 Kvinner,F60-64 60-64 år,2025,Personer,153
5014 Frøya,2 Kvinner,F65-69 65-69 år,2025,Personer,135
5014 Frøya,2 Kvinner,F70-74 70-74 år,2025,Personer,111
5014 Frøya,2 Kvinner,F75-79 75-79 år,2025,Personer,86
5014 Frøya,2 Kvinner,F80-84 80-84 år,2025,Personer,73
5014 Frøya,2 Kvinner,F85-89 85-89 år,2025,Personer,37
5014 Frøya,2 Kvinner,F90-94 90-94 år,2025,Personer,17
5014 Frøya,2 Kvinner,F95-99 95-99 år,2025,Personer,3
5014 Frøya,2 Kvinner,F100G5+ 100 år eller eldre,2025,Personer,0
5014 Frøya,1 Menn,F00-04 0-4 år,2025,Personer,167
5014 Frøya,1 Menn,F05-09 5-9 år,2025,Personer,149
5014 Frøya,1 Menn,F10-14 10-14 år,2025,Personer,143
5014 Frøya,1 Menn,F15-19 15-19 år,2025,Personer,148
5014 Frøya,1 Menn,F20-24 20-24 år,2025,Personer,180
5014 Frøya,1 Menn,F25-29 25-29 år,2025,Personer,263
5014 Frøya,1 Menn,F30-34 30-34 år,2025,Personer,252
5014 Frøya,1 Menn,F35-39 35-39 år,2025,Personer,270
5014 Frøya,1 Menn,F40-44 40-44 år,2025,Personer,208
5014 Frøya,1 Menn,F45-49 45-49 år,2025,Personer,184
5014 Frøya,1 Menn,F50-54 50-54 år,2025,Personer,190
5014 Frøya,1 Menn,F55-59 55-59 år,2025,Personer,195
5014 Frøya,1 Menn,F60-64 60-64 år,2025,Personer,182
5014 Frøya,1 Menn,F65-69 65-69 år,2025,Personer,158
5014 Frøya,1 Menn,F70-74 70-74 år,2025,Personer,126
5014 Frøya,1 Menn,F75-79 75-79 år,2025,Personer,108
5014 Frøya,1 Menn,F80-84 80-84 år,2025,Personer,61
5014 Frøya,1 Menn,F85-89 85-89 år,2025,Personer,32
5014 Frøya,1 Menn,F90-94 90-94 år,2025,Personer,14
5014 Frøya,1 Menn,F95-99 95-99 år,2025,Personer,1
5014 Frøya,1 Menn,F100G5+ 100 år eller eldre,2025,Personer,0
5020 Osen,2 Kvinner,F00-04 0-4 år,2025,Personer,17
5020 Osen,2 Kvinner,F05-09 5-9 år,2025,Personer,18
5020 Osen,2 Kvinner,F10-14 10-14 år,2025,Personer,15
5020 Osen,2 Kvinner,F15-19 15-19 år,2025,Personer,23
5020 Osen,2 Kvinner,F20-24 20-24 år,2025,Personer,14
5020 Osen,2 Kvinner,F25-29 25-29 år,2025,Personer,28
5020 Osen,2 Kvinner,F30-34 30-34 år,2025,Personer,18
5020 Osen,2 Kvinner,F35-39 35-39 år,2025,Personer,19
5020 Osen,2 Kvinner,F40-44 40-44 år,2025,Personer,24
5020 Osen,2 Kvinner,F45-49 45-49 år,2025,Personer,25
5020 Osen,2 Kvinner,F50-54 50-54 år,2025,Personer,25
5020 Osen,2 Kvinner,F55-59 55-59 år,2025,Personer,27
5020 Osen,2 Kvinner,F60-64 60-64 år,2025,Personer,30
5020 Osen,2 Kvinner,F65-69 65-69 år,2025,Personer,40
5020 Osen,2 Kvinner,F70-74 70-74 år,2025,Personer,30
5020 Osen,2 Kvinner,F75-79 75-79 år,2025,Personer,32
5020 Osen,2 Kvinner,F80-84 80-84 år,2025,Personer,17
5020 Osen,2 Kvinner,F85-89 85-89 år,2025,Personer,12
5020 Osen,2 Kvinner,F90-94 90-94 år,2025,Personer,4
5020 Osen,2 Kvinner,F95-99 95-99 år,2025,Personer,1
5020 Osen,2 Kvinner,F100G5+ 100 år eller eldre,2025,Personer,1
5020 Osen,1 Menn,F00-04 0-4 år,2025,Personer,16
5020 Osen,1 Menn,F05-09 5-9 år,2025,Personer,25
5020 Osen,1 Menn,F10-14 10-14 år,2025,Personer,25
5020 Osen,1 Menn,F15-19 15-19 år,2025,Personer,29
5020 Osen,1 Menn,F20-24 20-24 år,2025,Personer,15
5020 Osen,1 Menn,F25-29 25-29 år,2025,Personer,15
5020 Osen,1 Menn,F30-34 30-34 år,2025,Personer,28
5020 Osen,1 Menn,F35-39 35-39 år,2025,Personer,23
5020 Osen,1 Menn,F40-44 40-44 år,2025,Personer,22
5020 Osen,1 Menn,F45-49 45-49 år,2025,Personer,22
5020 Osen,1 Menn,F50-54 50-54 år,2025,Personer,29
5020 Osen,1 Menn,F55-59 55-59 år,2025,Personer,36
5020 Osen,1 Menn,F60-64 60-64 år,2025,Personer,30
5020 Osen,1 Menn,F65-69 65-69 år,2025,Personer,46
5020 Osen,1 Menn,F70-74 70-74 år,2025,Personer,37
5020 Osen,1 Menn,F75-79 75-79 år,2025,Personer,34
5020 Osen,1 Menn,F80-84 80-84 år,2025,Personer,24
5020 Osen,1 Menn,F85-89 85-89 år,2025,Personer,10
5020 Osen,1 Menn,F90-94 90-94 år,2025,Personer,5
5020 Osen,1 Menn,F95-99 95-99 år,2025,Personer,0
5020 Osen,1 Menn,F100G5+ 100 år eller eldre,2025,Personer,0
5021 Oppdal,2 Kvinner,F00-04 0-4 år,2025,Personer,196
5021 Oppdal,2 Kvinner,F05-09 5-9 år,2025,Personer,205
5021 Oppdal,2 Kvinner,F10-14 10-14 år,2025,Personer,236
5021 Oppdal,2 Kvinner,F15-19 15-19 år,2025,Personer,219
5021 Oppdal,2 Kvinner,F20-24 20-24 år,2025,Personer,192
5021 Oppdal,2 Kvinner,F25-29 25-29 år,2025,Personer,157
5021 Oppdal,2 Kvinner,F30-34 30-34 år,2025,Personer,227
5021 Oppdal,2 Kvinner,F35-39 35-39 år,2025,Personer,224
5021 Oppdal,2 Kvinner,F40-44 40-44 år,2025,Personer,208
5021 Oppdal,2 Kvinner,F45-49 45-49 år,2025,Personer,201
5021 Oppdal,2 Kvinner,F50-54 50-54 år,2025,Personer,259
5021 Oppdal,2 Kvinner,F55-59 55-59 år,2025,Personer,257
5021 Oppdal,2 Kvinner,F60-64 60-64 år,2025,Personer,216
5021 Oppdal,2 Kvinner,F65-69 65-69 år,2025,Personer,227
5021 Oppdal,2 Kvinner,F70-74 70-74 år,2025,Personer,203
5021 Oppdal,2 Kvinner,F75-79 75-79 år,2025,Personer,219
5021 Oppdal,2 Kvinner,F80-84 80-84 år,2025,Personer,123
5021 Oppdal,2 Kvinner,F85-89 85-89 år,2025,Personer,81
5021 Oppdal,2 Kvinner,F90-94 90-94 år,2025,Personer,36
5021 Oppdal,2 Kvinner,F95-99 95-99 år,2025,Personer,14
5021 Oppdal,2 Kvinner,F100G5+ 100 år eller eldre,2025,Personer,0
5021 Oppdal,1 Menn,F00-04 0-4 år,2025,Personer,194
5021 Oppdal,1 Menn,F05-09 5-9 år,2025,Personer,204
5021 Oppdal,1 Menn,F10-14 10-14 år,2025,Personer,248
5021 Oppdal,1 Menn,F15-19 15-19 år,2025,Personer,219
5021 Oppdal,1 Menn,F20-24 20-24 år,2025,Personer,206
5021 Oppdal,1 Menn,F25-29 25-29 år,2025,Personer,205
5021 Oppdal,1 Menn,F30-34 30-34 år,2025,Personer,224
5021 Oppdal,1 Menn,F35-39 35-39 år,2025,Personer,240
5021 Oppdal,1 Menn,F40-44 40-44 år,2025,Personer,223
5021 Oppdal,1 Menn,F45-49 45-49 år,2025,Personer,213
5021 Oppdal,1 Menn,F50-54 50-54 år,2025,Personer,234
5021 Oppdal,1 Menn,F55-59 55-59 år,2025,Personer,277
5021 Oppdal,1 Menn,F60-64 60-64 år,2025,Personer,227
5021 Oppdal,1 Menn,F65-69 65-69 år,2025,Personer,230
5021 Oppdal,1 Menn,F70-74 70-74 år,2025,Personer,196
5021 Oppdal,1 Menn,F75-79 75-79 år,2025,Personer,162
5021 Oppdal,1 Menn,F80-84 80-84 år,2025,Personer,126
5021 Oppdal,1 Menn,F85-89 85-89 år,2025,Personer,54
5021 Oppdal,1 Menn,F90-94 90-94 år,2025,Personer,21
5021 Oppdal,1 Menn,F95-99 95-99 år,2025,Personer,4
5021 Oppdal,1 Menn,F100G5+ 100 år eller eldre,2025,Personer,1
5022 Rennebu,2 Kvinner,F00-04 0-4 år,2025,Personer,55
5022 Rennebu,2 Kvinner,F05-09 5-9 år,2025,Personer,72
5022 Rennebu,2 Kvinner,F10-14 10-14 år,2025,Personer,47
5022 Rennebu,2 Kvinner,F15-19 15-19 år,2025,Personer,67
5022 Rennebu,2 Kvinner,F20-24 20-24 år,2025,Personer,55
5022 Rennebu,2 Kvinner,F25-29 25-29 år,2025,Personer,69
5022 Rennebu,2 Kvinner,F30-34 30-34 år,2025,Personer,72
5022 Rennebu,2 Kvinner,F35-39 35-39 år,2025,Personer,59
5022 Rennebu,2 Kvinner,F40-44 40-44 år,2025,Personer,40
5022 Rennebu,2 Kvinner,F45-49 45-49 år,2025,Personer,67
5022 Rennebu,2 Kvinner,F50-54 50-54 år,2025,Personer,89
5022 Rennebu,2 Kvinner,F55-59 55-59 år,2025,Personer,103
5022 Rennebu,2 Kvinner,F60-64 60-64 år,2025,Personer,71
5022 Rennebu,2 Kvinner,F65-69 65-69 år,2025,Personer,87
5022 Rennebu,2 Kvinner,F70-74 70-74 år,2025,Personer,83
5022 Rennebu,2 Kvinner,F75-79 75-79 år,2025,Personer,91
5022 Rennebu,2 Kvinner,F80-84 80-84 år,2025,Personer,52
5022 Rennebu,2 Kvinner,F85-89 85-89 år,2025,Personer,26
5022 Rennebu,2 Kvinner,F90-94 90-94 år,2025,Personer,16
5022 Rennebu,2 Kvinner,F95-99 95-99 år,2025,Personer,4
5022 Rennebu,2 Kvinner,F100G5+ 100 år eller eldre,2025,Personer,0
5022 Rennebu,1 Menn,F00-04 0-4 år,2025,Personer,70
5022 Rennebu,1 Menn,F05-09 5-9 år,2025,Personer,66
5022 Rennebu,1 Menn,F10-14 10-14 år,2025,Personer,73
5022 Rennebu,1 Menn,F15-19 15-19 år,2025,Personer,76
5022 Rennebu,1 Menn,F20-24 20-24 år,2025,Personer,69
5022 Rennebu,1 Menn,F25-29 25-29 år,2025,Personer,64
5022 Rennebu,1 Menn,F30-34 30-34 år,2025,Personer,74
5022 Rennebu,1 Menn,F35-39 35-39 år,2025,Personer,63
5022 Rennebu,1 Menn,F40-44 40-44 år,2025,Personer,50
5022 Rennebu,1 Menn,F45-49 45-49 år,2025,Personer,63
5022 Rennebu,1 Menn,F50-54 50-54 år,2025,Personer,95
5022 Rennebu,1 Menn,F55-59 55-59 år,2025,Personer,107
5022 Rennebu,1 Menn,F60-64 60-64 år,2025,Personer,89
5022 Rennebu,1 Menn,F65-69 65-69 år,2025,Personer,80
5022 Rennebu,1 Menn,F70-74 70-74 år,2025,Personer,76
5022 Rennebu,1 Menn,F75-79 75-79 år,2025,Personer,84
5022 Rennebu,1 Menn,F80-84 80-84 år,2025,Personer,53
5022 Rennebu,1 Menn,F85-89 85-89 år,2025,Personer,26
5022 Rennebu,1 Menn,F90-94 90-94 år,2025,Personer,9
5022 Rennebu,1 Menn,F95-99 95-99 år,2025,Personer,1
5022 Rennebu,1 Menn,F100G5+ 100 år eller eldre,2025,Personer,0
5025 Røros - Rosse,2 Kvinner,F00-04 0-4 år,2025,Personer,130
5025 Røros - Rosse,2 Kvinner,F05-09 5-9 år,2025,Personer,126
5025 Røros - Rosse,2 Kvinner,F10-14 10-14 år,2025,Personer,135
5025 Røros - Rosse,2 Kvinner,F15-19 15-19 år,2025,Personer,152
5025 Røros - Rosse,2 Kvinner,F20-24 20-24 år,2025,Personer,145
5025 Røros - Rosse,2 Kvinner,F25-29 25-29 år,2025,Personer,150
5025 Røros - Rosse,2 Kvinner,F30-34 30-34 år,2025,Personer,157
5025 Røros - Rosse,2 Kvinner,F35-39 35-39 år,2025,Personer,171
5025 Røros - Rosse,2 Kvinner,F40-44 40-44 år,2025,Personer,154
5025 Røros - Rosse,2 Kvinner,F45-49 45-49 år,2025,Personer,155
5025 Røros - Rosse,2 Kvinner,F50-54 50-54 år,2025,Personer,184
5025 Røros - Rosse,2 Kvinner,F55-59 55-59 år,2025,Personer,212
5025 Røros - Rosse,2 Kvinner,F60-64 60-64 år,2025,Personer,211
5025 Røros - Rosse,2 Kvinner,F65-69 65-69 år,2025,Personer,209
5025 Røros - Rosse,2 Kvinner,F70-74 70-74 år,2025,Personer,204
5025 Røros - Rosse,2 Kvinner,F75-79 75-79 år,2025,Personer,171
5025 Røros - Rosse,2 Kvinner,F80-84 80-84 år,2025,Personer,128
5025 Røros - Rosse,2 Kvinner,F85-89 85-89 år,2025,Personer,51
5025 Røros - Rosse,2 Kvinner,F90-94 90-94 år,2025,Personer,26
5025 Røros - Rosse,2 Kvinner,F95-99 95-99 år,2025,Personer,5
5025 Røros - Rosse,2 Kvinner,F100G5+ 100 år eller eldre,2025,Personer,0
5025 Røros - Rosse,1 Menn,F00-04 0-4 år,2025,Personer,136
5025 Røros - Rosse,1 Menn,F05-09 5-9 år,2025,Personer,140
5025 Røros - Rosse,1 Menn,F10-14 10-14 år,2025,Personer,138
5025 Røros - Rosse,1 Menn,F15-19 15-19 år,2025,Personer,174
5025 Røros - Rosse,1 Menn,F20-24 20-24 år,2025,Personer,127
5025 Røros - Rosse,1 Menn,F25-29 25-29 år,2025,Personer,123
5025 Røros - Rosse,1 Menn,F30-34 30-34 år,2025,Personer,169
5025 Røros - Rosse,1 Menn,F35-39 35-39 år,2025,Personer,163
5025 Røros - Rosse,1 Menn,F40-44 40-44 år,2025,Personer,161
5025 Røros - Rosse,1 Menn,F45-49 45-49 år,2025,Personer,149
5025 Røros - Rosse,1 Menn,F50-54 50-54 år,2025,Personer,190
5025 Røros - Rosse,1 Menn,F55-59 55-59 år,2025,Personer,201
5025 Røros - Rosse,1 Menn,F60-64 60-64 år,2025,Personer,169
5025 Røros - Rosse,1 Menn,F65-69 65-69 år,2025,Personer,222
5025 Røros - Rosse,1 Menn,F70-74 70-74 år,2025,Personer,182
5025 Røros - Rosse,1 Menn,F75-79 75-79 år,2025,Personer,182
5025 Røros - Rosse,1 Menn,F80-84 80-84 år,2025,Personer,106
5025 Røros - Rosse,1 Menn,F85-89 85-89 år,2025,Personer,52
5025 Røros - Rosse,1 Menn,F90-94 90-94 år,2025,Personer,17
5025 Røros - Rosse,1 Menn,F95-99 95-99 år,2025,Personer,4
5025 Røros - Rosse,1 Menn,F100G5+ 100 år eller eldre,2025,Personer,0
5026 Holtålen,2 Kvinner,F00-04 0-4 år,2025,Personer,60
5026 Holtålen,2 Kvinner,F05-09 5-9 år,2025,Personer,42
5026 Holtålen,2 Kvinner,F10-14 10-14 år,2025,Personer,64
5026 Holtålen,2 Kvinner,F15-19 15-19 år,2025,Personer,67
5026 Holtålen,2 Kvinner,F20-24 20-24 år,2025,Personer,42
5026 Holtålen,2 Kvinner,F25-29 25-29 år,2025,Personer,55
5026 Holtålen,2 Kvinner,F30-34 30-34 år,2025,Personer,60
5026 Holtålen,2 Kvinner,F35-39 35-39 år,2025,Personer,47
5026 Holtålen,2 Kvinner,F40-44 40-44 år,2025,Personer,60
5026 Holtålen,2 Kvinner,F45-49 45-49 år,2025,Personer,45
5026 Holtålen,2 Kvinner,F50-54 50-54 år,2025,Personer,62
5026 Holtålen,2 Kvinner,F55-59 55-59 år,2025,Personer,77
5026 Holtålen,2 Kvinner,F60-64 60-64 år,2025,Personer,64
5026 Holtålen,2 Kvinner,F65-69 65-69 år,2025,Personer,66
5026 Holtålen,2 Kvinner,F70-74 70-74 år,2025,Personer,76
5026 Holtålen,2 Kvinner,F75-79 75-79 år,2025,Personer,60
5026 Holtålen,2 Kvinner,F80-84 80-84 år,2025,Personer,54
5026 Holtålen,2 Kvinner,F85-89 85-89 år,2025,Personer,31
5026 Holtålen,2 Kvinner,F90-94 90-94 år,2025,Personer,8
5026 Holtålen,2 Kvinner,F95-99 95-99 år,2025,Personer,3
5026 Holtålen,2 Kvinner,F100G5+ 100 år eller eldre,2025,Personer,0
5026 Holtålen,1 Menn,F00-04 0-4 år,2025,Personer,49
5026 Holtålen,1 Menn,F05-09 5-9 år,2025,Personer,30
5026 Holtålen,1 Menn,F10-14 10-14 år,2025,Personer,34
5026 Holtålen,1 Menn,F15-19 15-19 år,2025,Personer,59
5026 Holtålen,1 Menn,F20-24 20-24 år,2025,Personer,41
5026 Holtålen,1 Menn,F25-29 25-29 år,2025,Personer,60
5026 Holtålen,1 Menn,F30-34 30-34 år,2025,Personer,60
5026 Holtålen,1 Menn,F35-39 35-39 år,2025,Personer,46
5026 Holtålen,1 Menn,F40-44 40-44 år,2025,Personer,43
5026 Holtålen,1 Menn,F45-49 45-49 år,2025,Personer,54
5026 Holtålen,1 Menn,F50-54 50-54 år,2025,Personer,75
5026 Holtålen,1 Menn,F55-59 55-59 år,2025,Personer,82
5026 Holtålen,1 Menn,F60-64 60-64 år,2025,Personer,75
5026 Holtålen,1 Menn,F65-69 65-69 år,2025,Personer,73
5026 Holtålen,1 Menn,F70-74 70-74 år,2025,Personer,70
5026 Holtålen,1 Menn,F75-79 75-79 år,2025,Personer,69
5026 Holtålen,1 Menn,F80-84 80-84 år,2025,Personer,51
5026 Holtålen,1 Menn,F85-89 85-89 år,2025,Personer,29
5026 Holtålen,1 Menn,F90-94 90-94 år,2025,Personer,4
5026 Holtålen,1 Menn,F95-99 95-99 år,2025,Personer,1
5026 Holtålen,1 Menn,F100G5+ 100 år eller eldre,2025,Personer,0
5027 Midtre Gauldal,2 Kvinner,F00-04 0-4 år,2025,Personer,171
5027 Midtre Gauldal,2 Kvinner,F05-09 5-9 år,2025,Personer,165
5027 Midtre Gauldal,2 Kvinner,F10-14 10-14 år,2025,Personer,189
5027 Midtre Gauldal,2 Kvinner,F15-19 15-19 år,2025,Personer,170
5027 Midtre Gauldal,2 Kvinner,F20-24 20-24 år,2025,Personer,137
5027 Midtre Gauldal,2 Kvinner,F25-29 25-29 år,2025,Personer,172
5027 Midtre Gauldal,2 Kvinner,F30-34 30-34 år,2025,Personer,199
5027 Midtre Gauldal,2 Kvinner,F35-39 35-39 år,2025,Personer,192
5027 Midtre Gauldal,2 Kvinner,F40-44 40-44 år,2025,Personer,177
5027 Midtre Gauldal,2 Kvinner,F45-49 45-49 år,2025,Personer,155
5027 Midtre Gauldal,2 Kvinner,F50-54 50-54 år,2025,Personer,184
5027 Midtre Gauldal,2 Kvinner,F55-59 55-59 år,2025,Personer,214
5027 Midtre Gauldal,2 Kvinner,F60-64 60-64 år,2025,Personer,202
5027 Midtre Gauldal,2 Kvinner,F65-69 65-69 år,2025,Personer,151
5027 Midtre Gauldal,2 Kvinner,F70-74 70-74 år,2025,Personer,164
5027 Midtre Gauldal,2 Kvinner,F75-79 75-79 år,2025,Personer,157
5027 Midtre Gauldal,2 Kvinner,F80-84 80-84 år,2025,Personer,102
5027 Midtre Gauldal,2 Kvinner,F85-89 85-89 år,2025,Personer,68
5027 Midtre Gauldal,2 Kvinner,F90-94 90-94 år,2025,Personer,34
5027 Midtre Gauldal,2 Kvinner,F95-99 95-99 år,2025,Personer,13
5027 Midtre Gauldal,2 Kvinner,F100G5+ 100 år eller eldre,2025,Personer,2
5027 Midtre Gauldal,1 Menn,F00-04 0-4 år,2025,Personer,171
5027 Midtre Gauldal,1 Menn,F05-09 5-9 år,2025,Personer,182
5027 Midtre Gauldal,1 Menn,F10-14 10-14 år,2025,Personer,185
5027 Midtre Gauldal,1 Menn,F15-19 15-19 år,2025,Personer,174
5027 Midtre Gauldal,1 Menn,F20-24 20-24 år,2025,Personer,184
5027 Midtre Gauldal,1 Menn,F25-29 25-29 år,2025,Personer,186
5027 Midtre Gauldal,1 Menn,F30-34 30-34 år,2025,Personer,196
5027 Midtre Gauldal,1 Menn,F35-39 35-39 år,2025,Personer,215
5027 Midtre Gauldal,1 Menn,F40-44 40-44 år,2025,Personer,166
5027 Midtre Gauldal,1 Menn,F45-49 45-49 år,2025,Personer,170
5027 Midtre Gauldal,1 Menn,F50-54 50-54 år,2025,Personer,219
5027 Midtre Gauldal,1 Menn,F55-59 55-59 år,2025,Personer,227
5027 Midtre Gauldal,1 Menn,F60-64 60-64 år,2025,Personer,201
5027 Midtre Gauldal,1 Menn,F65-69 65-69 år,2025,Personer,182
5027 Midtre Gauldal,1 Menn,F70-74 70-74 år,2025,Personer,160
5027 Midtre Gauldal,1 Menn,F75-79 75-79 år,2025,Personer,148
5027 Midtre Gauldal,1 Menn,F80-84 80-84 år,2025,Personer,94
5027 Midtre Gauldal,1 Menn,F85-89 85-89 år,2025,Personer,40
5027 Midtre Gauldal,1 Menn,F90-94 90-94 år,2025,Personer,20
5027 Midtre Gauldal,1 Menn,F95-99 95-99 år,2025,Personer,3
5027 Midtre Gauldal,1 Menn,F100G5+ 100 år eller eldre,2025,Personer,0
5028 Melhus,2 Kvinner,F00-04 0-4 år,2025,Personer,463
5028 Melhus,2 Kvinner,F05-09 5-9 år,2025,Personer,505
5028 Melhus,2 Kvinner,F10-14 10-14 år,2025,Personer,532
5028 Melhus,2 Kvinner,F15-19 15-19 år,2025,Personer,564
5028 Melhus,2 Kvinner,F20-24 20-24 år,2025,Personer,491
5028 Melhus,2 Kvinner,F25-29 25-29 år,2025,Personer,459
5028 Melhus,2 Kvinner,F30-34 30-34 år,2025,Personer,623
5028 Melhus,2 Kvinner,F35-39 35-39 år,2025,Personer,602
5028 Melhus,2 Kvinner,F40-44 40-44 år,2025,Personer,584
5028 Melhus,2 Kvinner,F45-49 45-49 år,2025,Personer,554
5028 Melhus,2 Kvinner,F50-54 50-54 år,2025,Personer,590
5028 Melhus,2 Kvinner,F55-59 55-59 år,2025,Personer,567
5028 Melhus,2 Kvinner,F60-64 60-64 år,2025,Personer,490
5028 Melhus,2 Kvinner,F65-69 65-69 år,2025,Personer,431
5028 Melhus,2 Kvinner,F70-74 70-74 år,2025,Personer,385
5028 Melhus,2 Kvinner,F75-79 75-79 år,2025,Personer,353
5028 Melhus,2 Kvinner,F80-84 80-84 år,2025,Personer,274
5028 Melhus,2 Kvinner,F85-89 85-89 år,2025,Personer,127
5028 Melhus,2 Kvinner,F90-94 90-94 år,2025,Personer,96
5028 Melhus,2 Kvinner,F95-99 95-99 år,2025,Personer,24
5028 Melhus,2 Kvinner,F100G5+ 100 år eller eldre,2025,Personer,4
5028 Melhus,1 Menn,F00-04 0-4 år,2025,Personer,502
5028 Melhus,1 Menn,F05-09 5-9 år,2025,Personer,570
5028 Melhus,1 Menn,F10-14 10-14 år,2025,Personer,628
5028 Melhus,1 Menn,F15-19 15-19 år,2025,Personer,606
5028 Melhus,1 Menn,F20-24 20-24 år,2025,Personer,528
5028 Melhus,1 Menn,F25-29 25-29 år,2025,Personer,544
5028 Melhus,1 Menn,F30-34 30-34 år,2025,Personer,603
5028 Melhus,1 Menn,F35-39 35-39 år,2025,Personer,615
5028 Melhus,1 Menn,F40-44 40-44 år,2025,Personer,576
5028 Melhus,1 Menn,F45-49 45-49 år,2025,Personer,581
5028 Melhus,1 Menn,F50-54 50-54 år,2025,Personer,663
5028 Melhus,1 Menn,F55-59 55-59 år,2025,Personer,590
5028 Melhus,1 Menn,F60-64 60-64 år,2025,Personer,528
5028 Melhus,1 Menn,F65-69 65-69 år,2025,Personer,440
5028 Melhus,1 Menn,F70-74 70-74 år,2025,Personer,406
5028 Melhus,1 Menn,F75-79 75-79 år,2025,Personer,343
5028 Melhus,1 Menn,F80-84 80-84 år,2025,Personer,239
5028 Melhus,1 Menn,F85-89 85-89 år,2025,Personer,97
5028 Melhus,1 Menn,F90-94 90-94 år,2025,Personer,32
5028 Melhus,1 Menn,F95-99 95-99 år,2025,Personer,3
5028 Melhus,1 Menn,F100G5+ 100 år eller eldre,2025,Personer,0
5029 Skaun,2 Kvinner,F00-04 0-4 år,2025,Personer,211
5029 Skaun,2 Kvinner,F05-09 5-9 år,2025,Personer,287
5029 Skaun,2 Kvinner,F10-14 10-14 år,2025,Personer,325
5029 Skaun,2 Kvinner,F15-19 15-19 år,2025,Personer,317
5029 Skaun,2 Kvinner,F20-24 20-24 år,2025,Personer,165
5029 Skaun,2 Kvinner,F25-29 25-29 år,2025,Personer,202
5029 Skaun,2 Kvinner,F30-34 30-34 år,2025,Personer,294
5029 Skaun,2 Kvinner,F35-39 35-39 år,2025,Personer,303
5029 Skaun,2 Kvinner,F40-44 40-44 år,2025,Personer,316
5029 Skaun,2 Kvinner,F45-49 45-49 år,2025,Personer,265
5029 Skaun,2 Kvinner,F50-54 50-54 år,2025,Personer,280
5029 Skaun,2 Kvinner,F55-59 55-59 år,2025,Personer,297
5029 Skaun,2 Kvinner,F60-64 60-64 år,2025,Personer,219
5029 Skaun,2 Kvinner,F65-69 65-69 år,2025,Personer,197
5029 Skaun,2 Kvinner,F70-74 70-74 år,2025,Personer,169
5029 Skaun,2 Kvinner,F75-79 75-79 år,2025,Personer,140
5029 Skaun,2 Kvinner,F80-84 80-84 år,2025,Personer,97
5029 Skaun,2 Kvinner,F85-89 85-89 år,2025,Personer,58
5029 Skaun,2 Kvinner,F90-94 90-94 år,2025,Personer,24
5029 Skaun,2 Kvinner,F95-99 95-99 år,2025,Personer,14
5029 Skaun,2 Kvinner,F100G5+ 100 år eller eldre,2025,Personer,0
5029 Skaun,1 Menn,F00-04 0-4 år,2025,Personer,245
5029 Skaun,1 Menn,F05-09 5-9 år,2025,Personer,278
5029 Skaun,1 Menn,F10-14 10-14 år,2025,Personer,362
5029 Skaun,1 Menn,F15-19 15-19 år,2025,Personer,285
5029 Skaun,1 Menn,F20-24 20-24 år,2025,Personer,240
5029 Skaun,1 Menn,F25-29 25-29 år,2025,Personer,215
5029 Skaun,1 Menn,F30-34 30-34 år,2025,Personer,266
5029 Skaun,1 Menn,F35-39 35-39 år,2025,Personer,293
5029 Skaun,1 Menn,F40-44 40-44 år,2025,Personer,310
5029 Skaun,1 Menn,F45-49 45-49 år,2025,Personer,317
5029 Skaun,1 Menn,F50-54 50-54 år,2025,Personer,289
5029 Skaun,1 Menn,F55-59 55-59 år,2025,Personer,265
5029 Skaun,1 Menn,F60-64 60-64 år,2025,Personer,255
5029 Skaun,1 Menn,F65-69 65-69 år,2025,Personer,207
5029 Skaun,1 Menn,F70-74 70-74 år,2025,Personer,202
5029 Skaun,1 Menn,F75-79 75-79 år,2025,Personer,160
5029 Skaun,1 Menn,F80-84 80-84 år,2025,Personer,85
5029 Skaun,1 Menn,F85-89 85-89 år,2025,Personer,47
5029 Skaun,1 Menn,F90-94 90-94 år,2025,Personer,17
5029 Skaun,1 Menn,F95-99 95-99 år,2025,Personer,3
5029 Skaun,1 Menn,F100G5+ 100 år eller eldre,2025,Personer,0
5031 Malvik,2 Kvinner,F00-04 0-4 år,2025,Personer,408
5031 Malvik,2 Kvinner,F05-09 5-9 år,2025,Personer,452
5031 Malvik,2 Kvinner,F10-14 10-14 år,2025,Personer,507
5031 Malvik,2 Kvinner,F15-19 15-19 år,2025,Personer,497
5031 Malvik,2 Kvinner,F20-24 20-24 år,2025,Personer,419
5031 Malvik,2 Kvinner,F25-29 25-29 år,2025,Personer,350
5031 Malvik,2 Kvinner,F30-34 30-34 år,2025,Personer,489
5031 Malvik,2 Kvinner,F35-39 35-39 år,2025,Personer,597
5031 Malvik,2 Kvinner,F40-44 40-44 år,2025,Personer,515
5031 Malvik,2 Kvinner,F45-49 45-49 år,2025,Personer,508
5031 Malvik,2 Kvinner,F50-54 50-54 år,2025,Personer,548
5031 Malvik,2 Kvinner,F55-59 55-59 år,2025,Personer,521
5031 Malvik,2 Kvinner,F60-64 60-64 år,2025,Personer,411
5031 Malvik,2 Kvinner,F65-69 65-69 år,2025,Personer,325
5031 Malvik,2 Kvinner,F70-74 70-74 år,2025,Personer,280
5031 Malvik,2 Kvinner,F75-79 75-79 år,2025,Personer,265
5031 Malvik,2 Kvinner,F80-84 80-84 år,2025,Personer,169
5031 Malvik,2 Kvinner,F85-89 85-89 år,2025,Personer,94
5031 Malvik,2 Kvinner,F90-94 90-94 år,2025,Personer,39
5031 Malvik,2 Kvinner,F95-99 95-99 år,2025,Personer,17
5031 Malvik,2 Kvinner,F100G5+ 100 år eller eldre,2025,Personer,2
5031 Malvik,1 Menn,F00-04 0-4 år,2025,Personer,435
5031 Malvik,1 Menn,F05-09 5-9 år,2025,Personer,529
5031 Malvik,1 Menn,F10-14 10-14 år,2025,Personer,566
5031 Malvik,1 Menn,F15-19 15-19 år,2025,Personer,536
5031 Malvik,1 Menn,F20-24 20-24 år,2025,Personer,406
5031 Malvik,1 Menn,F25-29 25-29 år,2025,Personer,370
5031 Malvik,1 Menn,F30-34 30-34 år,2025,Personer,461
5031 Malvik,1 Menn,F35-39 35-39 år,2025,Personer,555
5031 Malvik,1 Menn,F40-44 40-44 år,2025,Personer,525
5031 Malvik,1 Menn,F45-49 45-49 år,2025,Personer,528
5031 Malvik,1 Menn,F50-54 50-54 år,2025,Personer,586
5031 Malvik,1 Menn,F55-59 55-59 år,2025,Personer,541
5031 Malvik,1 Menn,F60-64 60-64 år,2025,Personer,398
5031 Malvik,1 Menn,F65-69 65-69 år,2025,Personer,373
5031 Malvik,1 Menn,F70-74 70-74 år,2025,Personer,292
5031 Malvik,1 Menn,F75-79 75-79 år,2025,Personer,246
5031 Malvik,1 Menn,F80-84 80-84 år,2025,Personer,150
5031 Malvik,1 Menn,F85-89 85-89 år,2025,Personer,84
5031 Malvik,1 Menn,F90-94 90-94 år,2025,Personer,21
5031 Malvik,1 Menn,F95-99 95-99 år,2025,Personer,8
5031 Malvik,1 Menn,F100G5+ 100 år eller eldre,2025,Personer,0
5032 Selbu,2 Kvinner,F00-04 0-4 år,2025,Personer,102
5032 Selbu,2 Kvinner,F05-09 5-9 år,2025,Personer,113
5032 Selbu,2 Kvinner,F10-14 10-14 år,2025,Personer,100
5032 Selbu,2 Kvinner,F15-19 15-19 år,2025,Personer,121
5032 Selbu,2 Kvinner,F20-24 20-24 år,2025,Personer,109
5032 Selbu,2 Kvinner,F25-29 25-29 år,2025,Personer,86
5032 Selbu,2 Kvinner,F30-34 30-34 år,2025,Personer,103
5032 Selbu,2 Kvinner,F35-39 35-39 år,2025,Personer,133
5032 Selbu,2 Kvinner,F40-44 40-44 år,2025,Personer,119
5032 Selbu,2 Kvinner,F45-49 45-49 år,2025,Personer,115
5032 Selbu,2 Kvinner,F50-54 50-54 år,2025,Personer,143
5032 Selbu,2 Kvinner,F55-59 55-59 år,2025,Personer,134
5032 Selbu,2 Kvinner,F60-64 60-64 år,2025,Personer,144
5032 Selbu,2 Kvinner,F65-69 65-69 år,2025,Personer,136
5032 Selbu,2 Kvinner,F70-74 70-74 år,2025,Personer,110
5032 Selbu,2 Kvinner,F75-79 75-79 år,2025,Personer,118
5032 Selbu,2 Kvinner,F80-84 80-84 år,2025,Personer,71
5032 Selbu,2 Kvinner,F85-89 85-89 år,2025,Personer,57
5032 Selbu,2 Kvinner,F90-94 90-94 år,2025,Personer,27
5032 Selbu,2 Kvinner,F95-99 95-99 år,2025,Personer,10
5032 Selbu,2 Kvinner,F100G5+ 100 år eller eldre,2025,Personer,3
5032 Selbu,1 Menn,F00-04 0-4 år,2025,Personer,110
5032 Selbu,1 Menn,F05-09 5-9 år,2025,Personer,109
5032 Selbu,1 Menn,F10-14 10-14 år,2025,Personer,109
5032 Selbu,1 Menn,F15-19 15-19 år,2025,Personer,129
5032 Selbu,1 Menn,F20-24 20-24 år,2025,Personer,125
5032 Selbu,1 Menn,F25-29 25-29 år,2025,Personer,118
5032 Selbu,1 Menn,F30-34 30-34 år,2025,Personer,122
5032 Selbu,1 Menn,F35-39 35-39 år,2025,Personer,130
5032 Selbu,1 Menn,F40-44 40-44 år,2025,Personer,121
5032 Selbu,1 Menn,F45-49 45-49 år,2025,Personer,131
5032 Selbu,1 Menn,F50-54 50-54 år,2025,Personer,153
5032 Selbu,1 Menn,F55-59 55-59 år,2025,Personer,151
5032 Selbu,1 Menn,F60-64 60-64 år,2025,Personer,164
5032 Selbu,1 Menn,F65-69 65-69 år,2025,Personer,148
5032 Selbu,1 Menn,F70-74 70-74 år,2025,Personer,116
5032 Selbu,1 Menn,F75-79 75-79 år,2025,Personer,98
5032 Selbu,1 Menn,F80-84 80-84 år,2025,Personer,72
5032 Selbu,1 Menn,F85-89 85-89 år,2025,Personer,53
5032 Selbu,1 Menn,F90-94 90-94 år,2025,Personer,17
5032 Selbu,1 Menn,F95-99 95-99 år,2025,Personer,3
5032 Selbu,1 Menn,F100G5+ 100 år eller eldre,2025,Personer,0
5033 Tydal,2 Kvinner,F00-04 0-4 år,2025,Personer,14
5033 Tydal,2 Kvinner,F05-09 5-9 år,2025,Personer,12
5033 Tydal,2 Kvinner,F10-14 10-14 år,2025,Personer,23
5033 Tydal,2 Kvinner,F15-19 15-19 år,2025,Personer,15
5033 Tydal,2 Kvinner,F20-24 20-24 år,2025,Personer,14
5033 Tydal,2 Kvinner,F25-29 25-29 år,2025,Personer,17
5033 Tydal,2 Kvinner,F30-34 30-34 år,2025,Personer,19
5033 Tydal,2 Kvinner,F35-39 35-39 år,2025,Personer,15
5033 Tydal,2 Kvinner,F40-44 40-44 år,2025,Personer,18
5033 Tydal,2 Kvinner,F45-49 45-49 år,2025,Personer,14
5033 Tydal,2 Kvinner,F50-54 50-54 år,2025,Personer,29
5033 Tydal,2 Kvinner,F55-59 55-59 år,2025,Personer,30
5033 Tydal,2 Kvinner,F60-64 60-64 år,2025,Personer,40
5033 Tydal,2 Kvinner,F65-69 65-69 år,2025,Personer,37
5033 Tydal,2 Kvinner,F70-74 70-74 år,2025,Personer,23
5033 Tydal,2 Kvinner,F75-79 75-79 år,2025,Personer,16
5033 Tydal,2 Kvinner,F80-84 80-84 år,2025,Personer,24
5033 Tydal,2 Kvinner,F85-89 85-89 år,2025,Personer,14
5033 Tydal,2 Kvinner,F90-94 90-94 år,2025,Personer,8
5033 Tydal,2 Kvinner,F95-99 95-99 år,2025,Personer,2
5033 Tydal,2 Kvinner,F100G5+ 100 år eller eldre,2025,Personer,0
5033 Tydal,1 Menn,F00-04 0-4 år,2025,Personer,13
5033 Tydal,1 Menn,F05-09 5-9 år,2025,Personer,21
5033 Tydal,1 Menn,F10-14 10-14 år,2025,Personer,18
5033 Tydal,1 Menn,F15-19 15-19 år,2025,Personer,15
5033 Tydal,1 Menn,F20-24 20-24 år,2025,Personer,24
5033 Tydal,1 Menn,F25-29 25-29 år,2025,Personer,15
5033 Tydal,1 Menn,F30-34 30-34 år,2025,Personer,21
5033 Tydal,1 Menn,F35-39 35-39 år,2025,Personer,31
5033 Tydal,1 Menn,F40-44 40-44 år,2025,Personer,23
5033 Tydal,1 Menn,F45-49 45-49 år,2025,Personer,17
5033 Tydal,1 Menn,F50-54 50-54 år,2025,Personer,18
5033 Tydal,1 Menn,F55-59 55-59 år,2025,Personer,31
5033 Tydal,1 Menn,F60-64 60-64 år,2025,Personer,31
5033 Tydal,1 Menn,F65-69 65-69 år,2025,Personer,35
5033 Tydal,1 Menn,F70-74 70-74 år,2025,Personer,32
5033 Tydal,1 Menn,F75-79 75-79 år,2025,Personer,20
5033 Tydal,1 Menn,F80-84 80-84 år,2025,Personer,19
5033 Tydal,1 Menn,F85-89 85-89 år,2025,Personer,14
5033 Tydal,1 Menn,F90-94 90-94 år,2025,Personer,4
5033 Tydal,1 Menn,F95-99 95-99 år,2025,Personer,0
5033 Tydal,1 Menn,F100G5+ 100 år eller eldre,2025,Personer,0
5034 Meråker,2 Kvinner,F00-04 0-4 år,2025,Personer,41
5034 Meråker,2 Kvinner,F05-09 5-9 år,2025,Personer,54
5034 Meråker,2 Kvinner,F10-14 10-14 år,2025,Personer,59
5034 Meråker,2 Kvinner,F15-19 15-19 år,2025,Personer,60
5034 Meråker,2 Kvinner,F20-24 20-24 år,2025,Personer,52
5034 Meråker,2 Kvinner,F25-29 25-29 år,2025,Personer,60
5034 Meråker,2 Kvinner,F30-34 30-34 år,2025,Personer,74
5034 Meråker,2 Kvinner,F35-39 35-39 år,2025,Personer,65
5034 Meråker,2 Kvinner,F40-44 40-44 år,2025,Personer,71
5034 Meråker,2 Kvinner,F45-49 45-49 år,2025,Personer,78
5034 Meråker,2 Kvinner,F50-54 50-54 år,2025,Personer,75
5034 Meråker,2 Kvinner,F55-59 55-59 år,2025,Personer,90
5034 Meråker,2 Kvinner,F60-64 60-64 år,2025,Personer,88
5034 Meråker,2 Kvinner,F65-69 65-69 år,2025,Personer,78
5034 Meråker,2 Kvinner,F70-74 70-74 år,2025,Personer,83
5034 Meråker,2 Kvinner,F75-79 75-79 år,2025,Personer,56
5034 Meråker,2 Kvinner,F80-84 80-84 år,2025,Personer,45
5034 Meråker,2 Kvinner,F85-89 85-89 år,2025,Personer,23
5034 Meråker,2 Kvinner,F90-94 90-94 år,2025,Personer,12
5034 Meråker,2 Kvinner,F95-99 95-99 år,2025,Personer,7
5034 Meråker,2 Kvinner,F100G5+ 100 år eller eldre,2025,Personer,0
5034 Meråker,1 Menn,F00-04 0-4 år,2025,Personer,70
5034 Meråker,1 Menn,F05-09 5-9 år,2025,Personer,78
5034 Meråker,1 Menn,F10-14 10-14 år,2025,Personer,84
5034 Meråker,1 Menn,F15-19 15-19 år,2025,Personer,57
5034 Meråker,1 Menn,F20-24 20-24 år,2025,Personer,68
5034 Meråker,1 Menn,F25-29 25-29 år,2025,Personer,81
5034 Meråker,1 Menn,F30-34 30-34 år,2025,Personer,66
5034 Meråker,1 Menn,F35-39 35-39 år,2025,Personer,69
5034 Meråker,1 Menn,F40-44 40-44 år,2025,Personer,62
5034 Meråker,1 Menn,F45-49 45-49 år,2025,Personer,76
5034 Meråker,1 Menn,F50-54 50-54 år,2025,Personer,102
5034 Meråker,1 Menn,F55-59 55-59 år,2025,Personer,86
5034 Meråker,1 Menn,F60-64 60-64 år,2025,Personer,86
5034 Meråker,1 Menn,F65-69 65-69 år,2025,Personer,84
5034 Meråker,1 Menn,F70-74 70-74 år,2025,Personer,82
5034 Meråker,1 Menn,F75-79 75-79 år,2025,Personer,76
5034 Meråker,1 Menn,F80-84 80-84 år,2025,Personer,45
5034 Meråker,1 Menn,F85-89 85-89 år,2025,Personer,17
5034 Meråker,1 Menn,F90-94 90-94 år,2025,Personer,8
5034 Meråker,1 Menn,F95-99 95-99 år,2025,Personer,4
5034 Meråker,1 Menn,F100G5+ 100 år eller eldre,2025,Personer,0
5035 Stjørdal,2 Kvinner,F00-04 0-4 år,2025,Personer,599
5035 Stjørdal,2 Kvinner,F05-09 5-9 år,2025,Personer,633
5035 Stjørdal,2 Kvinner,F10-14 10-14 år,2025,Personer,775
5035 Stjørdal,2 Kvinner,F15-19 15-19 år,2025,Personer,851
5035 Stjørdal,2 Kvinner,F20-24 20-24 år,2025,Personer,692
5035 Stjørdal,2 Kvinner,F25-29 25-29 år,2025,Personer,643
5035 Stjørdal,2 Kvinner,F30-34 30-34 år,2025,Personer,728
5035 Stjørdal,2 Kvinner,F35-39 35-39 år,2025,Personer,796
5035 Stjørdal,2 Kvinner,F40-44 40-44 år,2025,Personer,772
5035 Stjørdal,2 Kvinner,F45-49 45-49 år,2025,Personer,750
5035 Stjørdal,2 Kvinner,F50-54 50-54 år,2025,Personer,893
5035 Stjørdal,2 Kvinner,F55-59 55-59 år,2025,Personer,862
5035 Stjørdal,2 Kvinner,F60-64 60-64 år,2025,Personer,747
5035 Stjørdal,2 Kvinner,F65-69 65-69 år,2025,Personer,703
5035 Stjørdal,2 Kvinner,F70-74 70-74 år,2025,Personer,624
5035 Stjørdal,2 Kvinner,F75-79 75-79 år,2025,Personer,600
5035 Stjørdal,2 Kvinner,F80-84 80-84 år,2025,Personer,398
5035 Stjørdal,2 Kvinner,F85-89 85-89 år,2025,Personer,220
5035 Stjørdal,2 Kvinner,F90-94 90-94 år,2025,Personer,99
5035 Stjørdal,2 Kvinner,F95-99 95-99 år,2025,Personer,24
5035 Stjørdal,2 Kvinner,F100G5+ 100 år eller eldre,2025,Personer,4
5035 Stjørdal,1 Menn,F00-04 0-4 år,2025,Personer,593
5035 Stjørdal,1 Menn,F05-09 5-9 år,2025,Personer,724
5035 Stjørdal,1 Menn,F10-14 10-14 år,2025,Personer,823
5035 Stjørdal,1 Menn,F15-19 15-19 år,2025,Personer,885
5035 Stjørdal,1 Menn,F20-24 20-24 år,2025,Personer,766
5035 Stjørdal,1 Menn,F25-29 25-29 år,2025,Personer,699
5035 Stjørdal,1 Menn,F30-34 30-34 år,2025,Personer,744
5035 Stjørdal,1 Menn,F35-39 35-39 år,2025,Personer,766
5035 Stjørdal,1 Menn,F40-44 40-44 år,2025,Personer,727
5035 Stjørdal,1 Menn,F45-49 45-49 år,2025,Personer,778
5035 Stjørdal,1 Menn,F50-54 50-54 år,2025,Personer,927
5035 Stjørdal,1 Menn,F55-59 55-59 år,2025,Personer,894
5035 Stjørdal,1 Menn,F60-64 60-64 år,2025,Personer,741
5035 Stjørdal,1 Menn,F65-69 65-69 år,2025,Personer,650
5035 Stjørdal,1 Menn,F70-74 70-74 år,2025,Personer,632
5035 Stjørdal,1 Menn,F75-79 75-79 år,2025,Personer,576
5035 Stjørdal,1 Menn,F80-84 80-84 år,2025,Personer,366
5035 Stjørdal,1 Menn,F85-89 85-89 år,2025,Personer,174
5035 Stjørdal,1 Menn,F90-94 90-94 år,2025,Personer,39
5035 Stjørdal,1 Menn,F95-99 95-99 år,2025,Personer,8
5035 Stjørdal,1 Menn,F100G5+ 100 år eller eldre,2025,Personer,2
5036 Frosta,2 Kvinner,F00-04 0-4 år,2025,Personer,57
5036 Frosta,2 Kvinner,F05-09 5-9 år,2025,Personer,68
5036 Frosta,2 Kvinner,F10-14 10-14 år,2025,Personer,81
5036 Frosta,2 Kvinner,F15-19 15-19 år,2025,Personer,72
5036 Frosta,2 Kvinner,F20-24 20-24 år,2025,Personer,68
5036 Frosta,2 Kvinner,F25-29 25-29 år,2025,Personer,75
5036 Frosta,2 Kvinner,F30-34 30-34 år,2025,Personer,68
5036 Frosta,2 Kvinner,F35-39 35-39 år,2025,Personer,70
5036 Frosta,2 Kvinner,F40-44 40-44 år,2025,Personer,80
5036 Frosta,2 Kvinner,F45-49 45-49 år,2025,Personer,78
5036 Frosta,2 Kvinner,F50-54 50-54 år,2025,Personer,91
5036 Frosta,2 Kvinner,F55-59 55-59 år,2025,Personer,94
5036 Frosta,2 Kvinner,F60-64 60-64 år,2025,Personer,102
5036 Frosta,2 Kvinner,F65-69 65-69 år,2025,Personer,97
5036 Frosta,2 Kvinner,F70-74 70-74 år,2025,Personer,68
5036 Frosta,2 Kvinner,F75-79 75-79 år,2025,Personer,70
5036 Frosta,2 Kvinner,F80-84 80-84 år,2025,Personer,43
5036 Frosta,2 Kvinner,F85-89 85-89 år,2025,Personer,36
5036 Frosta,2 Kvinner,F90-94 90-94 år,2025,Personer,17
5036 Frosta,2 Kvinner,F95-99 95-99 år,2025,Personer,5
5036 Frosta,2 Kvinner,F100G5+ 100 år eller eldre,2025,Personer,1
5036 Frosta,1 Menn,F00-04 0-4 år,2025,Personer,73
5036 Frosta,1 Menn,F05-09 5-9 år,2025,Personer,59
5036 Frosta,1 Menn,F10-14 10-14 år,2025,Personer,68
5036 Frosta,1 Menn,F15-19 15-19 år,2025,Personer,80
5036 Frosta,1 Menn,F20-24 20-24 år,2025,Personer,76
5036 Frosta,1 Menn,F25-29 25-29 år,2025,Personer,68
5036 Frosta,1 Menn,F30-34 30-34 år,2025,Personer,66
5036 Frosta,1 Menn,F35-39 35-39 år,2025,Personer,71
5036 Frosta,1 Menn,F40-44 40-44 år,2025,Personer,78
5036 Frosta,1 Menn,F45-49 45-49 år,2025,Personer,56
5036 Frosta,1 Menn,F50-54 50-54 år,2025,Personer,105
5036 Frosta,1 Menn,F55-59 55-59 år,2025,Personer,90
5036 Frosta,1 Menn,F60-64 60-64 år,2025,Personer,97
5036 Frosta,1 Menn,F65-69 65-69 år,2025,Personer,105
5036 Frosta,1 Menn,F70-74 70-74 år,2025,Personer,68
5036 Frosta,1 Menn,F75-79 75-79 år,2025,Personer,85
5036 Frosta,1 Menn,F80-84 80-84 år,2025,Personer,30
5036 Frosta,1 Menn,F85-89 85-89 år,2025,Personer,30
5036 Frosta,1 Menn,F90-94 90-94 år,2025,Personer,11
5036 Frosta,1 Menn,F95-99 95-99 år,2025,Personer,4
5036 Frosta,1 Menn,F100G5+ 100 år eller eldre,2025,Personer,0
5037 Levanger - Levangke,2 Kvinner,F00-04 0-4 år,2025,Personer,486
5037 Levanger - Levangke,2 Kvinner,F05-09 5-9 år,2025,Personer,597
5037 Levanger - Levangke,2 Kvinner,F10-14 10-14 år,2025,Personer,624
5037 Levanger - Levangke,2 Kvinner,F15-19 15-19 år,2025,Personer,688
5037 Levanger - Levangke,2 Kvinner,F20-24 20-24 år,2025,Personer,650
5037 Levanger - Levangke,2 Kvinner,F25-29 25-29 år,2025,Personer,572
5037 Levanger - Levangke,2 Kvinner,F30-34 30-34 år,2025,Personer,672
5037 Levanger - Levangke,2 Kvinner,F35-39 35-39 år,2025,Personer,633
5037 Levanger - Levangke,2 Kvinner,F40-44 40-44 år,2025,Personer,622
5037 Levanger - Levangke,2 Kvinner,F45-49 45-49 år,2025,Personer,594
5037 Levanger - Levangke,2 Kvinner,F50-54 50-54 år,2025,Personer,639
5037 Levanger - Levangke,2 Kvinner,F55-59 55-59 år,2025,Personer,747
5037 Levanger - Levangke,2 Kvinner,F60-64 60-64 år,2025,Personer,609
5037 Levanger - Levangke,2 Kvinner,F65-69 65-69 år,2025,Personer,588
5037 Levanger - Levangke,2 Kvinner,F70-74 70-74 år,2025,Personer,561
5037 Levanger - Levangke,2 Kvinner,F75-79 75-79 år,2025,Personer,501
5037 Levanger - Levangke,2 Kvinner,F80-84 80-84 år,2025,Personer,342
5037 Levanger - Levangke,2 Kvinner,F85-89 85-89 år,2025,Personer,179
5037 Levanger - Levangke,2 Kvinner,F90-94 90-94 år,2025,Personer,94
5037 Levanger - Levangke,2 Kvinner,F95-99 95-99 år,2025,Personer,25
5037 Levanger - Levangke,2 Kvinner,F100G5+ 100 år eller eldre,2025,Personer,3
5037 Levanger - Levangke,1 Menn,F00-04 0-4 år,2025,Personer,528
5037 Levanger - Levangke,1 Menn,F05-09 5-9 år,2025,Personer,626
5037 Levanger - Levangke,1 Menn,F10-14 10-14 år,2025,Personer,643
5037 Levanger - Levangke,1 Menn,F15-19 15-19 år,2025,Personer,723
5037 Levanger - Levangke,1 Menn,F20-24 20-24 år,2025,Personer,647
5037 Levanger - Levangke,1 Menn,F25-29 25-29 år,2025,Personer,621
5037 Levanger - Levangke,1 Menn,F30-34 30-34 år,2025,Personer,644
5037 Levanger - Levangke,1 Menn,F35-39 35-39 år,2025,Personer,631
5037 Levanger - Levangke,1 Menn,F40-44 40-44 år,2025,Personer,591
5037 Levanger - Levangke,1 Menn,F45-49 45-49 år,2025,Personer,570
5037 Levanger - Levangke,1 Menn,F50-54 50-54 år,2025,Personer,617
5037 Levanger - Levangke,1 Menn,F55-59 55-59 år,2025,Personer,681
5037 Levanger - Levangke,1 Menn,F60-64 60-64 år,2025,Personer,670
5037 Levanger - Levangke,1 Menn,F65-69 65-69 år,2025,Personer,611
5037 Levanger - Levangke,1 Menn,F70-74 70-74 år,2025,Personer,544
5037 Levanger - Levangke,1 Menn,F75-79 75-79 år,2025,Personer,456
5037 Levanger - Levangke,1 Menn,F80-84 80-84 år,2025,Personer,289
5037 Levanger - Levangke,1 Menn,F85-89 85-89 år,2025,Personer,139
5037 Levanger - Levangke,1 Menn,F90-94 90-94 år,2025,Personer,63
5037 Levanger - Levangke,1 Menn,F95-99 95-99 år,2025,Personer,12
5037 Levanger - Levangke,1 Menn,F100G5+ 100 år eller eldre,2025,Personer,0
5038 Verdal,2 Kvinner,F00-04 0-4 år,2025,Personer,363
5038 Verdal,2 Kvinner,F05-09 5-9 år,2025,Personer,367
5038 Verdal,2 Kvinner,F10-14 10-14 år,2025,Personer,438
5038 Verdal,2 Kvinner,F15-19 15-19 år,2025,Personer,464
5038 Verdal,2 Kvinner,F20-24 20-24 år,2025,Personer,429
5038 Verdal,2 Kvinner,F25-29 25-29 år,2025,Personer,429
5038 Verdal,2 Kvinner,F30-34 30-34 år,2025,Personer,466
5038 Verdal,2 Kvinner,F35-39 35-39 år,2025,Personer,475
5038 Verdal,2 Kvinner,F40-44 40-44 år,2025,Personer,458
5038 Verdal,2 Kvinner,F45-49 45-49 år,2025,Personer,458
5038 Verdal,2 Kvinner,F50-54 50-54 år,2025,Personer,514
5038 Verdal,2 Kvinner,F55-59 55-59 år,2025,Personer,505
5038 Verdal,2 Kvinner,F60-64 60-64 år,2025,Personer,463
5038 Verdal,2 Kvinner,F65-69 65-69 år,2025,Personer,445
5038 Verdal,2 Kvinner,F70-74 70-74 år,2025,Personer,447
5038 Verdal,2 Kvinner,F75-79 75-79 år,2025,Personer,453
5038 Verdal,2 Kvinner,F80-84 80-84 år,2025,Personer,263
5038 Verdal,2 Kvinner,F85-89 85-89 år,2025,Personer,142
5038 Verdal,2 Kvinner,F90-94 90-94 år,2025,Personer,58
5038 Verdal,2 Kvinner,F95-99 95-99 år,2025,Personer,18
5038 Verdal,2 Kvinner,F100G5+ 100 år eller eldre,2025,Personer,2
5038 Verdal,1 Menn,F00-04 0-4 år,2025,Personer,366
5038 Verdal,1 Menn,F05-09 5-9 år,2025,Personer,425
5038 Verdal,1 Menn,F10-14 10-14 år,2025,Personer,478
5038 Verdal,1 Menn,F15-19 15-19 år,2025,Personer,522
5038 Verdal,1 Menn,F20-24 20-24 år,2025,Personer,424
5038 Verdal,1 Menn,F25-29 25-29 år,2025,Personer,522
5038 Verdal,1 Menn,F30-34 30-34 år,2025,Personer,479
5038 Verdal,1 Menn,F35-39 35-39 år,2025,Personer,437
5038 Verdal,1 Menn,F40-44 40-44 år,2025,Personer,476
5038 Verdal,1 Menn,F45-49 45-49 år,2025,Personer,439
5038 Verdal,1 Menn,F50-54 50-54 år,2025,Personer,548
5038 Verdal,1 Menn,F55-59 55-59 år,2025,Personer,564
5038 Verdal,1 Menn,F60-64 60-64 år,2025,Personer,444
5038 Verdal,1 Menn,F65-69 65-69 år,2025,Personer,454
5038 Verdal,1 Menn,F70-74 70-74 år,2025,Personer,439
5038 Verdal,1 Menn,F75-79 75-79 år,2025,Personer,374
5038 Verdal,1 Menn,F80-84 80-84 år,2025,Personer,228
5038 Verdal,1 Menn,F85-89 85-89 år,2025,Personer,93
5038 Verdal,1 Menn,F90-94 90-94 år,2025,Personer,37
5038 Verdal,1 Menn,F95-99 95-99 år,2025,Personer,6
5038 Verdal,1 Menn,F100G5+ 100 år eller eldre,2025,Personer,0
5041 Snåase - Snåsa,2 Kvinner,F00-04 0-4 år,2025,Personer,67
5041 Snåase - Snåsa,2 Kvinner,F05-09 5-9 år,2025,Personer,45
5041 Snåase - Snåsa,2 Kvinner,F10-14 10-14 år,2025,Personer,52
5041 Snåase - Snåsa,2 Kvinner,F15-19 15-19 år,2025,Personer,68
5041 Snåase - Snåsa,2 Kvinner,F20-24 20-24 år,2025,Personer,56
5041 Snåase - Snåsa,2 Kvinner,F25-29 25-29 år,2025,Personer,50
5041 Snåase - Snåsa,2 Kvinner,F30-34 30-34 år,2025,Personer,60
5041 Snåase - Snåsa,2 Kvinner,F35-39 35-39 år,2025,Personer,54
5041 Snåase - Snåsa,2 Kvinner,F40-44 40-44 år,2025,Personer,54
5041 Snåase - Snåsa,2 Kvinner,F45-49 45-49 år,2025,Personer,56
5041 Snåase - Snåsa,2 Kvinner,F50-54 50-54 år,2025,Personer,67
5041 Snåase - Snåsa,2 Kvinner,F55-59 55-59 år,2025,Personer,86
5041 Snåase - Snåsa,2 Kvinner,F60-64 60-64 år,2025,Personer,87
5041 Snåase - Snåsa,2 Kvinner,F65-69 65-69 år,2025,Personer,68
5041 Snåase - Snåsa,2 Kvinner,F70-74 70-74 år,2025,Personer,54
5041 Snåase - Snåsa,2 Kvinner,F75-79 75-79 år,2025,Personer,52
5041 Snåase - Snåsa,2 Kvinner,F80-84 80-84 år,2025,Personer,46
5041 Snåase - Snåsa,2 Kvinner,F85-89 85-89 år,2025,Personer,37
5041 Snåase - Snåsa,2 Kvinner,F90-94 90-94 år,2025,Personer,11
5041 Snåase - Snåsa,2 Kvinner,F95-99 95-99 år,2025,Personer,3
5041 Snåase - Snåsa,2 Kvinner,F100G5+ 100 år eller eldre,2025,Personer,0
5041 Snåase - Snåsa,1 Menn,F00-04 0-4 år,2025,Personer,62
5041 Snåase - Snåsa,1 Menn,F05-09 5-9 år,2025,Personer,57
5041 Snåase - Snåsa,1 Menn,F10-14 10-14 år,2025,Personer,59
5041 Snåase - Snåsa,1 Menn,F15-19 15-19 år,2025,Personer,71
5041 Snåase - Snåsa,1 Menn,F20-24 20-24 år,2025,Personer,60
5041 Snåase - Snåsa,1 Menn,F25-29 25-29 år,2025,Personer,59
5041 Snåase - Snåsa,1 Menn,F30-34 30-34 år,2025,Personer,61
5041 Snåase - Snåsa,1 Menn,F35-39 35-39 år,2025,Personer,55
5041 Snåase - Snåsa,1 Menn,F40-44 40-44 år,2025,Personer,58
5041 Snåase - Snåsa,1 Menn,F45-49 45-49 år,2025,Personer,47
5041 Snåase - Snåsa,1 Menn,F50-54 50-54 år,2025,Personer,54
5041 Snåase - Snåsa,1 Menn,F55-59 55-59 år,2025,Personer,79
5041 Snåase - Snåsa,1 Menn,F60-64 60-64 år,2025,Personer,78
5041 Snåase - Snåsa,1 Menn,F65-69 65-69 år,2025,Personer,74
5041 Snåase - Snåsa,1 Menn,F70-74 70-74 år,2025,Personer,59
5041 Snåase - Snåsa,1 Menn,F75-79 75-79 år,2025,Personer,57
5041 Snåase - Snåsa,1 Menn,F80-84 80-84 år,2025,Personer,47
5041 Snåase - Snåsa,1 Menn,F85-89 85-89 år,2025,Personer,17
5041 Snåase - Snåsa,1 Menn,F90-94 90-94 år,2025,Personer,10
5041 Snåase - Snåsa,1 Menn,F95-99 95-99 år,2025,Personer,1
5041 Snåase - Snåsa,1 Menn,F100G5+ 100 år eller eldre,2025,Personer,0
5042 Lierne,2 Kvinner,F00-04 0-4 år,2025,Personer,18
5042 Lierne,2 Kvinner,F05-09 5-9 år,2025,Personer,30
5042 Lierne,2 Kvinner,F10-14 10-14 år,2025,Personer,32
5042 Lierne,2 Kvinner,F15-19 15-19 år,2025,Personer,32
5042 Lierne,2 Kvinner,F20-24 20-24 år,2025,Personer,39
5042 Lierne,2 Kvinner,F25-29 25-29 år,2025,Personer,21
5042 Lierne,2 Kvinner,F30-34 30-34 år,2025,Personer,26
5042 Lierne,2 Kvinner,F35-39 35-39 år,2025,Personer,34
5042 Lierne,2 Kvinner,F40-44 40-44 år,2025,Personer,30
5042 Lierne,2 Kvinner,F45-49 45-49 år,2025,Personer,40
5042 Lierne,2 Kvinner,F50-54 50-54 år,2025,Personer,49
5042 Lierne,2 Kvinner,F55-59 55-59 år,2025,Personer,41
5042 Lierne,2 Kvinner,F60-64 60-64 år,2025,Personer,43
5042 Lierne,2 Kvinner,F65-69 65-69 år,2025,Personer,47
5042 Lierne,2 Kvinner,F70-74 70-74 år,2025,Personer,40
5042 Lierne,2 Kvinner,F75-79 75-79 år,2025,Personer,39
5042 Lierne,2 Kvinner,F80-84 80-84 år,2025,Personer,28
5042 Lierne,2 Kvinner,F85-89 85-89 år,2025,Personer,22
5042 Lierne,2 Kvinner,F90-94 90-94 år,2025,Personer,10
5042 Lierne,2 Kvinner,F95-99 95-99 år,2025,Personer,3
5042 Lierne,2 Kvinner,F100G5+ 100 år eller eldre,2025,Personer,0
5042 Lierne,1 Menn,F00-04 0-4 år,2025,Personer,33
5042 Lierne,1 Menn,F05-09 5-9 år,2025,Personer,28
5042 Lierne,1 Menn,F10-14 10-14 år,2025,Personer,43
5042 Lierne,1 Menn,F15-19 15-19 år,2025,Personer,37
5042 Lierne,1 Menn,F20-24 20-24 år,2025,Personer,51
5042 Lierne,1 Menn,F25-29 25-29 år,2025,Personer,31
5042 Lierne,1 Menn,F30-34 30-34 år,2025,Personer,26
5042 Lierne,1 Menn,F35-39 35-39 år,2025,Personer,33
5042 Lierne,1 Menn,F40-44 40-44 år,2025,Personer,31
5042 Lierne,1 Menn,F45-49 45-49 år,2025,Personer,39
5042 Lierne,1 Menn,F50-54 50-54 år,2025,Personer,48
5042 Lierne,1 Menn,F55-59 55-59 år,2025,Personer,56
5042 Lierne,1 Menn,F60-64 60-64 år,2025,Personer,48
5042 Lierne,1 Menn,F65-69 65-69 år,2025,Personer,49
5042 Lierne,1 Menn,F70-74 70-74 år,2025,Personer,55
5042 Lierne,1 Menn,F75-79 75-79 år,2025,Personer,45
5042 Lierne,1 Menn,F80-84 80-84 år,2025,Personer,23
5042 Lierne,1 Menn,F85-89 85-89 år,2025,Personer,12
5042 Lierne,1 Menn,F90-94 90-94 år,2025,Personer,3
5042 Lierne,1 Menn,F95-99 95-99 år,2025,Personer,1
5042 Lierne,1 Menn,F100G5+ 100 år eller eldre,2025,Personer,0
5043 Raarvihke - Røyrvik,2 Kvinner,F00-04 0-4 år,2025,Personer,8
5043 Raarvihke - Røyrvik,2 Kvinner,F05-09 5-9 år,2025,Personer,13
5043 Raarvihke - Røyrvik,2 Kvinner,F10-14 10-14 år,2025,Personer,15
5043 Raarvihke - Røyrvik,2 Kvinner,F15-19 15-19 år,2025,Personer,17
5043 Raarvihke - Røyrvik,2 Kvinner,F20-24 20-24 år,2025,Personer,8
5043 Raarvihke - Røyrvik,2 Kvinner,F25-29 25-29 år,2025,Personer,4
5043 Raarvihke - Røyrvik,2 Kvinner,F30-34 30-34 år,2025,Personer,12
5043 Raarvihke - Røyrvik,2 Kvinner,F35-39 35-39 år,2025,Personer,17
5043 Raarvihke - Røyrvik,2 Kvinner,F40-44 40-44 år,2025,Personer,9
5043 Raarvihke - Røyrvik,2 Kvinner,F45-49 45-49 år,2025,Personer,11
5043 Raarvihke - Røyrvik,2 Kvinner,F50-54 50-54 år,2025,Personer,19
5043 Raarvihke - Røyrvik,2 Kvinner,F55-59 55-59 år,2025,Personer,9
5043 Raarvihke - Røyrvik,2 Kvinner,F60-64 60-64 år,2025,Personer,14
5043 Raarvihke - Røyrvik,2 Kvinner,F65-69 65-69 år,2025,Personer,18
5043 Raarvihke - Røyrvik,2 Kvinner,F70-74 70-74 år,2025,Personer,19
5043 Raarvihke - Røyrvik,2 Kvinner,F75-79 75-79 år,2025,Personer,11
5043 Raarvihke - Røyrvik,2 Kvinner,F80-84 80-84 år,2025,Personer,12
5043 Raarvihke - Røyrvik,2 Kvinner,F85-89 85-89 år,2025,Personer,9
5043 Raarvihke - Røyrvik,2 Kvinner,F90-94 90-94 år,2025,Personer,2
5043 Raarvihke - Røyrvik,2 Kvinner,F95-99 95-99 år,2025,Personer,1
5043 Raarvihke - Røyrvik,2 Kvinner,F100G5+ 100 år eller eldre,2025,Personer,0
5043 Raarvihke - Røyrvik,1 Menn,F00-04 0-4 år,2025,Personer,8
5043 Raarvihke - Røyrvik,1 Menn,F05-09 5-9 år,2025,Personer,10
5043 Raarvihke - Røyrvik,1 Menn,F10-14 10-14 år,2025,Personer,9
5043 Raarvihke - Røyrvik,1 Menn,F15-19 15-19 år,2025,Personer,16
5043 Raarvihke - Røyrvik,1 Menn,F20-24 20-24 år,2025,Personer,12
5043 Raarvihke - Røyrvik,1 Menn,F25-29 25-29 år,2025,Personer,8
5043 Raarvihke - Røyrvik,1 Menn,F30-34 30-34 år,2025,Personer,11
5043 Raarvihke - Røyrvik,1 Menn,F35-39 35-39 år,2025,Personer,13
5043 Raarvihke - Røyrvik,1 Menn,F40-44 40-44 år,2025,Personer,9
5043 Raarvihke - Røyrvik,1 Menn,F45-49 45-49 år,2025,Personer,8
5043 Raarvihke - Røyrvik,1 Menn,F50-54 50-54 år,2025,Personer,12
5043 Raarvihke - Røyrvik,1 Menn,F55-59 55-59 år,2025,Personer,13
5043 Raarvihke - Røyrvik,1 Menn,F60-64 60-64 år,2025,Personer,21
5043 Raarvihke - Røyrvik,1 Menn,F65-69 65-69 år,2025,Personer,20
5043 Raarvihke - Røyrvik,1 Menn,F70-74 70-74 år,2025,Personer,16
5043 Raarvihke - Røyrvik,1 Menn,F75-79 75-79 år,2025,Personer,14
5043 Raarvihke - Røyrvik,1 Menn,F80-84 80-84 år,2025,Personer,9
5043 Raarvihke - Røyrvik,1 Menn,F85-89 85-89 år,2025,Personer,3
5043 Raarvihke - Røyrvik,1 Menn,F90-94 90-94 år,2025,Personer,1
5043 Raarvihke - Røyrvik,1 Menn,F95-99 95-99 år,2025,Personer,2
5043 Raarvihke - Røyrvik,1 Menn,F100G5+ 100 år eller eldre,2025,Personer,0
5044 Namsskogan,2 Kvinner,F00-04 0-4 år,2025,Personer,15
5044 Namsskogan,2 Kvinner,F05-09 5-9 år,2025,Personer,18
5044 Namsskogan,2 Kvinner,F10-14 10-14 år,2025,Personer,18
5044 Namsskogan,2 Kvinner,F15-19 15-19 år,2025,Personer,26
5044 Namsskogan,2 Kvinner,F20-24 20-24 år,2025,Personer,17
5044 Namsskogan,2 Kvinner,F25-29 25-29 år,2025,Personer,22
5044 Namsskogan,2 Kvinner,F30-34 30-34 år,2025,Personer,16
5044 Namsskogan,2 Kvinner,F35-39 35-39 år,2025,Personer,17
5044 Namsskogan,2 Kvinner,F40-44 40-44 år,2025,Personer,24
5044 Namsskogan,2 Kvinner,F45-49 45-49 år,2025,Personer,21
5044 Namsskogan,2 Kvinner,F50-54 50-54 år,2025,Personer,26
5044 Namsskogan,2 Kvinner,F55-59 55-59 år,2025,Personer,34
5044 Namsskogan,2 Kvinner,F60-64 60-64 år,2025,Personer,34
5044 Namsskogan,2 Kvinner,F65-69 65-69 år,2025,Personer,21
5044 Namsskogan,2 Kvinner,F70-74 70-74 år,2025,Personer,22
5044 Namsskogan,2 Kvinner,F75-79 75-79 år,2025,Personer,22
5044 Namsskogan,2 Kvinner,F80-84 80-84 år,2025,Personer,19
5044 Namsskogan,2 Kvinner,F85-89 85-89 år,2025,Personer,20
5044 Namsskogan,2 Kvinner,F90-94 90-94 år,2025,Personer,5
5044 Namsskogan,2 Kvinner,F95-99 95-99 år,2025,Personer,0
5044 Namsskogan,2 Kvinner,F100G5+ 100 år eller eldre,2025,Personer,0
5044 Namsskogan,1 Menn,F00-04 0-4 år,2025,Personer,13
5044 Namsskogan,1 Menn,F05-09 5-9 år,2025,Personer,16
5044 Namsskogan,1 Menn,F10-14 10-14 år,2025,Personer,32
5044 Namsskogan,1 Menn,F15-19 15-19 år,2025,Personer,21
5044 Namsskogan,1 Menn,F20-24 20-24 år,2025,Personer,21
5044 Namsskogan,1 Menn,F25-29 25-29 år,2025,Personer,23
5044 Namsskogan,1 Menn,F30-34 30-34 år,2025,Personer,10
5044 Namsskogan,1 Menn,F35-39 35-39 år,2025,Personer,14
5044 Namsskogan,1 Menn,F40-44 40-44 år,2025,Personer,29
5044 Namsskogan,1 Menn,F45-49 45-49 år,2025,Personer,23
5044 Namsskogan,1 Menn,F50-54 50-54 år,2025,Personer,26
5044 Namsskogan,1 Menn,F55-59 55-59 år,2025,Personer,42
5044 Namsskogan,1 Menn,F60-64 60-64 år,2025,Personer,32
5044 Namsskogan,1 Menn,F65-69 65-69 år,2025,Personer,36
5044 Namsskogan,1 Menn,F70-74 70-74 år,2025,Personer,24
5044 Namsskogan,1 Menn,F75-79 75-79 år,2025,Personer,26
5044 Namsskogan,1 Menn,F80-84 80-84 år,2025,Personer,14
5044 Namsskogan,1 Menn,F85-89 85-89 år,2025,Personer,7
5044 Namsskogan,1 Menn,F90-94 90-94 år,2025,Personer,4
5044 Namsskogan,1 Menn,F95-99 95-99 år,2025,Personer,1
5044 Namsskogan,1 Menn,F100G5+ 100 år eller eldre,2025,Personer,0
5045 Grong,2 Kvinner,F00-04 0-4 år,2025,Personer,47
5045 Grong,2 Kvinner,F05-09 5-9 år,2025,Personer,69
5045 Grong,2 Kvinner,F10-14 10-14 år,2025,Personer,82
5045 Grong,2 Kvinner,F15-19 15-19 år,2025,Personer,68
5045 Grong,2 Kvinner,F20-24 20-24 år,2025,Personer,65
5045 Grong,2 Kvinner,F25-29 25-29 år,2025,Personer,49
5045 Grong,2 Kvinner,F30-34 30-34 år,2025,Personer,57
5045 Grong,2 Kvinner,F35-39 35-39 år,2025,Personer,57
5045 Grong,2 Kvinner,F40-44 40-44 år,2025,Personer,67
5045 Grong,2 Kvinner,F45-49 45-49 år,2025,Personer,53
5045 Grong,2 Kvinner,F50-54 50-54 år,2025,Personer,81
5045 Grong,2 Kvinner,F55-59 55-59 år,2025,Personer,85
5045 Grong,2 Kvinner,F60-64 60-64 år,2025,Personer,75
5045 Grong,2 Kvinner,F65-69 65-69 år,2025,Personer,73
5045 Grong,2 Kvinner,F70-74 70-74 år,2025,Personer,78
5045 Grong,2 Kvinner,F75-79 75-79 år,2025,Personer,53
5045 Grong,2 Kvinner,F80-84 80-84 år,2025,Personer,52
5045 Grong,2 Kvinner,F85-89 85-89 år,2025,Personer,37
5045 Grong,2 Kvinner,F90-94 90-94 år,2025,Personer,18
5045 Grong,2 Kvinner,F95-99 95-99 år,2025,Personer,3
5045 Grong,2 Kvinner,F100G5+ 100 år eller eldre,2025,Personer,1
5045 Grong,1 Menn,F00-04 0-4 år,2025,Personer,45
5045 Grong,1 Menn,F05-09 5-9 år,2025,Personer,55
5045 Grong,1 Menn,F10-14 10-14 år,2025,Personer,73
5045 Grong,1 Menn,F15-19 15-19 år,2025,Personer,60
5045 Grong,1 Menn,F20-24 20-24 år,2025,Personer,59
5045 Grong,1 Menn,F25-29 25-29 år,2025,Personer,54
5045 Grong,1 Menn,F30-34 30-34 år,2025,Personer,66
5045 Grong,1 Menn,F35-39 35-39 år,2025,Personer,75
5045 Grong,1 Menn,F40-44 40-44 år,2025,Personer,51
5045 Grong,1 Menn,F45-49 45-49 år,2025,Personer,68
5045 Grong,1 Menn,F50-54 50-54 år,2025,Personer,70
5045 Grong,1 Menn,F55-59 55-59 år,2025,Personer,83
5045 Grong,1 Menn,F60-64 60-64 år,2025,Personer,82
5045 Grong,1 Menn,F65-69 65-69 år,2025,Personer,82
5045 Grong,1 Menn,F70-74 70-74 år,2025,Personer,79
5045 Grong,1 Menn,F75-79 75-79 år,2025,Personer,62
5045 Grong,1 Menn,F80-84 80-84 år,2025,Personer,36
5045 Grong,1 Menn,F85-89 85-89 år,2025,Personer,25
5045 Grong,1 Menn,F90-94 90-94 år,2025,Personer,13
5045 Grong,1 Menn,F95-99 95-99 år,2025,Personer,6
5045 Grong,1 Menn,F100G5+ 100 år eller eldre,2025,Personer,0
5046 Høylandet,2 Kvinner,F00-04 0-4 år,2025,Personer,22
5046 Høylandet,2 Kvinner,F05-09 5-9 år,2025,Personer,23
5046 Høylandet,2 Kvinner,F10-14 10-14 år,2025,Personer,47
5046 Høylandet,2 Kvinner,F15-19 15-19 år,2025,Personer,35
5046 Høylandet,2 Kvinner,F20-24 20-24 år,2025,Personer,42
5046 Høylandet,2 Kvinner,F25-29 25-29 år,2025,Personer,23
5046 Høylandet,2 Kvinner,F30-34 30-34 år,2025,Personer,25
5046 Høylandet,2 Kvinner,F35-39 35-39 år,2025,Personer,34
5046 Høylandet,2 Kvinner,F40-44 40-44 år,2025,Personer,38
5046 Høylandet,2 Kvinner,F45-49 45-49 år,2025,Personer,32
5046 Høylandet,2 Kvinner,F50-54 50-54 år,2025,Personer,43
5046 Høylandet,2 Kvinner,F55-59 55-59 år,2025,Personer,32
5046 Høylandet,2 Kvinner,F60-64 60-64 år,2025,Personer,45
5046 Høylandet,2 Kvinner,F65-69 65-69 år,2025,Personer,35
5046 Høylandet,2 Kvinner,F70-74 70-74 år,2025,Personer,43
5046 Høylandet,2 Kvinner,F75-79 75-79 år,2025,Personer,39
5046 Høylandet,2 Kvinner,F80-84 80-84 år,2025,Personer,25
5046 Høylandet,2 Kvinner,F85-89 85-89 år,2025,Personer,18
5046 Høylandet,2 Kvinner,F90-94 90-94 år,2025,Personer,6
5046 Høylandet,2 Kvinner,F95-99 95-99 år,2025,Personer,1
5046 Høylandet,2 Kvinner,F100G5+ 100 år eller eldre,2025,Personer,0
5046 Høylandet,1 Menn,F00-04 0-4 år,2025,Personer,25
5046 Høylandet,1 Menn,F05-09 5-9 år,2025,Personer,33
5046 Høylandet,1 Menn,F10-14 10-14 år,2025,Personer,39
5046 Høylandet,1 Menn,F15-19 15-19 år,2025,Personer,63
5046 Høylandet,1 Menn,F20-24 20-24 år,2025,Personer,28
5046 Høylandet,1 Menn,F25-29 25-29 år,2025,Personer,28
5046 Høylandet,1 Menn,F30-34 30-34 år,2025,Personer,26
5046 Høylandet,1 Menn,F35-39 35-39 år,2025,Personer,24
5046 Høylandet,1 Menn,F40-44 40-44 år,2025,Personer,33
5046 Høylandet,1 Menn,F45-49 45-49 år,2025,Personer,39
5046 Høylandet,1 Menn,F50-54 50-54 år,2025,Personer,52
5046 Høylandet,1 Menn,F55-59 55-59 år,2025,Personer,42
5046 Høylandet,1 Menn,F60-64 60-64 år,2025,Personer,32
5046 Høylandet,1 Menn,F65-69 65-69 år,2025,Personer,39
5046 Høylandet,1 Menn,F70-74 70-74 år,2025,Personer,49
5046 Høylandet,1 Menn,F75-79 75-79 år,2025,Personer,33
5046 Høylandet,1 Menn,F80-84 80-84 år,2025,Personer,25
5046 Høylandet,1 Menn,F85-89 85-89 år,2025,Personer,10
5046 Høylandet,1 Menn,F90-94 90-94 år,2025,Personer,6
5046 Høylandet,1 Menn,F95-99 95-99 år,2025,Personer,1
5046 Høylandet,1 Menn,F100G5+ 100 år eller eldre,2025,Personer,0
5047 Overhalla,2 Kvinner,F00-04 0-4 år,2025,Personer,87
5047 Overhalla,2 Kvinner,F05-09 5-9 år,2025,Personer,118
5047 Overhalla,2 Kvinner,F10-14 10-14 år,2025,Personer,143
5047 Overhalla,2 Kvinner,F15-19 15-19 år,2025,Personer,134
5047 Overhalla,2 Kvinner,F20-24 20-24 år,2025,Personer,87
5047 Overhalla,2 Kvinner,F25-29 25-29 år,2025,Personer,109
5047 Overhalla,2 Kvinner,F30-34 30-34 år,2025,Personer,134
5047 Overhalla,2 Kvinner,F35-39 35-39 år,2025,Personer,117
5047 Overhalla,2 Kvinner,F40-44 40-44 år,2025,Personer,142
5047 Overhalla,2 Kvinner,F45-49 45-49 år,2025,Personer,109
5047 Overhalla,2 Kvinner,F50-54 50-54 år,2025,Personer,103
5047 Overhalla,2 Kvinner,F55-59 55-59 år,2025,Personer,132
5047 Overhalla,2 Kvinner,F60-64 60-64 år,2025,Personer,87
5047 Overhalla,2 Kvinner,F65-69 65-69 år,2025,Personer,128
5047 Overhalla,2 Kvinner,F70-74 70-74 år,2025,Personer,92
5047 Overhalla,2 Kvinner,F75-79 75-79 år,2025,Personer,76
5047 Overhalla,2 Kvinner,F80-84 80-84 år,2025,Personer,61
5047 Overhalla,2 Kvinner,F85-89 85-89 år,2025,Personer,33
5047 Overhalla,2 Kvinner,F90-94 90-94 år,2025,Personer,21
5047 Overhalla,2 Kvinner,F95-99 95-99 år,2025,Personer,0
5047 Overhalla,2 Kvinner,F100G5+ 100 år eller eldre,2025,Personer,1
5047 Overhalla,1 Menn,F00-04 0-4 år,2025,Personer,115
5047 Overhalla,1 Menn,F05-09 5-9 år,2025,Personer,142
5047 Overhalla,1 Menn,F10-14 10-14 år,2025,Personer,154
5047 Overhalla,1 Menn,F15-19 15-19 år,2025,Personer,126
5047 Overhalla,1 Menn,F20-24 20-24 år,2025,Personer,120
5047 Overhalla,1 Menn,F25-29 25-29 år,2025,Personer,112
5047 Overhalla,1 Menn,F30-34 30-34 år,2025,Personer,129
5047 Overhalla,1 Menn,F35-39 35-39 år,2025,Personer,151
5047 Overhalla,1 Menn,F40-44 40-44 år,2025,Personer,117
5047 Overhalla,1 Menn,F45-49 45-49 år,2025,Personer,99
5047 Overhalla,1 Menn,F50-54 50-54 år,2025,Personer,132
5047 Overhalla,1 Menn,F55-59 55-59 år,2025,Personer,131
5047 Overhalla,1 Menn,F60-64 60-64 år,2025,Personer,127
5047 Overhalla,1 Menn,F65-69 65-69 år,2025,Personer,124
5047 Overhalla,1 Menn,F70-74 70-74 år,2025,Personer,96
5047 Overhalla,1 Menn,F75-79 75-79 år,2025,Personer,79
5047 Overhalla,1 Menn,F80-84 80-84 år,2025,Personer,37
5047 Overhalla,1 Menn,F85-89 85-89 år,2025,Personer,29
5047 Overhalla,1 Menn,F90-94 90-94 år,2025,Personer,10
5047 Overhalla,1 Menn,F95-99 95-99 år,2025,Personer,2
5047 Overhalla,1 Menn,F100G5+ 100 år eller eldre,2025,Personer,0
5049 Flatanger,2 Kvinner,F00-04 0-4 år,2025,Personer,34
5049 Flatanger,2 Kvinner,F05-09 5-9 år,2025,Personer,26
5049 Flatanger,2 Kvinner,F10-14 10-14 år,2025,Personer,20
5049 Flatanger,2 Kvinner,F15-19 15-19 år,2025,Personer,13
5049 Flatanger,2 Kvinner,F20-24 20-24 år,2025,Personer,31
5049 Flatanger,2 Kvinner,F25-29 25-29 år,2025,Personer,38
5049 Flatanger,2 Kvinner,F30-34 30-34 år,2025,Personer,33
5049 Flatanger,2 Kvinner,F35-39 35-39 år,2025,Personer,32
5049 Flatanger,2 Kvinner,F40-44 40-44 år,2025,Personer,22
5049 Flatanger,2 Kvinner,F45-49 45-49 år,2025,Personer,19
5049 Flatanger,2 Kvinner,F50-54 50-54 år,2025,Personer,30
5049 Flatanger,2 Kvinner,F55-59 55-59 år,2025,Personer,46
5049 Flatanger,2 Kvinner,F60-64 60-64 år,2025,Personer,36
5049 Flatanger,2 Kvinner,F65-69 65-69 år,2025,Personer,50
5049 Flatanger,2 Kvinner,F70-74 70-74 år,2025,Personer,45
5049 Flatanger,2 Kvinner,F75-79 75-79 år,2025,Personer,27
5049 Flatanger,2 Kvinner,F80-84 80-84 år,2025,Personer,23
5049 Flatanger,2 Kvinner,F85-89 85-89 år,2025,Personer,13
5049 Flatanger,2 Kvinner,F90-94 90-94 år,2025,Personer,7
5049 Flatanger,2 Kvinner,F95-99 95-99 år,2025,Personer,1
5049 Flatanger,2 Kvinner,F100G5+ 100 år eller eldre,2025,Personer,0
5049 Flatanger,1 Menn,F00-04 0-4 år,2025,Personer,29
5049 Flatanger,1 Menn,F05-09 5-9 år,2025,Personer,28
5049 Flatanger,1 Menn,F10-14 10-14 år,2025,Personer,26
5049 Flatanger,1 Menn,F15-19 15-19 år,2025,Personer,22
5049 Flatanger,1 Menn,F20-24 20-24 år,2025,Personer,33
5049 Flatanger,1 Menn,F25-29 25-29 år,2025,Personer,28
5049 Flatanger,1 Menn,F30-34 30-34 år,2025,Personer,38
5049 Flatanger,1 Menn,F35-39 35-39 år,2025,Personer,30
5049 Flatanger,1 Menn,F40-44 40-44 år,2025,Personer,29
5049 Flatanger,1 Menn,F45-49 45-49 år,2025,Personer,27
5049 Flatanger,1 Menn,F50-54 50-54 år,2025,Personer,29
5049 Flatanger,1 Menn,F55-59 55-59 år,2025,Personer,41
5049 Flatanger,1 Menn,F60-64 60-64 år,2025,Personer,52
5049 Flatanger,1 Menn,F65-69 65-69 år,2025,Personer,47
5049 Flatanger,1 Menn,F70-74 70-74 år,2025,Personer,44
5049 Flatanger,1 Menn,F75-79 75-79 år,2025,Personer,32
5049 Flatanger,1 Menn,F80-84 80-84 år,2025,Personer,26
5049 Flatanger,1 Menn,F85-89 85-89 år,2025,Personer,10
5049 Flatanger,1 Menn,F90-94 90-94 år,2025,Personer,3
5049 Flatanger,1 Menn,F95-99 95-99 år,2025,Personer,1
5049 Flatanger,1 Menn,F100G5+ 100 år eller eldre,2025,Personer,0
5052 Leka,2 Kvinner,F00-04 0-4 år,2025,Personer,14
5052 Leka,2 Kvinner,F05-09 5-9 år,2025,Personer,19
5052 Leka,2 Kvinner,F10-14 10-14 år,2025,Personer,15
5052 Leka,2 Kvinner,F15-19 15-19 år,2025,Personer,18
5052 Leka,2 Kvinner,F20-24 20-24 år,2025,Personer,9
5052 Leka,2 Kvinner,F25-29 25-29 år,2025,Personer,13
5052 Leka,2 Kvinner,F30-34 30-34 år,2025,Personer,19
5052 Leka,2 Kvinner,F35-39 35-39 år,2025,Personer,14
5052 Leka,2 Kvinner,F40-44 40-44 år,2025,Personer,11
5052 Leka,2 Kvinner,F45-49 45-49 år,2025,Personer,8
5052 Leka,2 Kvinner,F50-54 50-54 år,2025,Personer,23
5052 Leka,2 Kvinner,F55-59 55-59 år,2025,Personer,24
5052 Leka,2 Kvinner,F60-64 60-64 år,2025,Personer,19
5052 Leka,2 Kvinner,F65-69 65-69 år,2025,Personer,26
5052 Leka,2 Kvinner,F70-74 70-74 år,2025,Personer,18
5052 Leka,2 Kvinner,F75-79 75-79 år,2025,Personer,24
5052 Leka,2 Kvinner,F80-84 80-84 år,2025,Personer,16
5052 Leka,2 Kvinner,F85-89 85-89 år,2025,Personer,11
5052 Leka,2 Kvinner,F90-94 90-94 år,2025,Personer,2
5052 Leka,2 Kvinner,F95-99 95-99 år,2025,Personer,0
5052 Leka,2 Kvinner,F100G5+ 100 år eller eldre,2025,Personer,0
5052 Leka,1 Menn,F00-04 0-4 år,2025,Personer,19
5052 Leka,1 Menn,F05-09 5-9 år,2025,Personer,11
5052 Leka,1 Menn,F10-14 10-14 år,2025,Personer,15
5052 Leka,1 Menn,F15-19 15-19 år,2025,Personer,10
5052 Leka,1 Menn,F20-24 20-24 år,2025,Personer,11
5052 Leka,1 Menn,F25-29 25-29 år,2025,Personer,14
5052 Leka,1 Menn,F30-34 30-34 år,2025,Personer,18
5052 Leka,1 Menn,F35-39 35-39 år,2025,Personer,16
5052 Leka,1 Menn,F40-44 40-44 år,2025,Personer,10
5052 Leka,1 Menn,F45-49 45-49 år,2025,Personer,14
5052 Leka,1 Menn,F50-54 50-54 år,2025,Personer,15
5052 Leka,1 Menn,F55-59 55-59 år,2025,Personer,20
5052 Leka,1 Menn,F60-64 60-64 år,2025,Personer,25
5052 Leka,1 Menn,F65-69 65-69 år,2025,Personer,28
5052 Leka,1 Menn,F70-74 70-74 år,2025,Personer,26
5052 Leka,1 Menn,F75-79 75-79 år,2025,Personer,20
5052 Leka,1 Menn,F80-84 80-84 år,2025,Personer,12
5052 Leka,1 Menn,F85-89 85-89 år,2025,Personer,5
5052 Leka,1 Menn,F90-94 90-94 år,2025,Personer,1
5052 Leka,1 Menn,F95-99 95-99 år,2025,Personer,0
5052 Leka,1 Menn,F100G5+ 100 år eller eldre,2025,Personer,0
5053 Inderøy,2 Kvinner,F00-04 0-4 år,2025,Personer,168
5053 Inderøy,2 Kvinner,F05-09 5-9 år,2025,Personer,217
5053 Inderøy,2 Kvinner,F10-14 10-14 år,2025,Personer,207
5053 Inderøy,2 Kvinner,F15-19 15-19 år,2025,Personer,225
5053 Inderøy,2 Kvinner,F20-24 20-24 år,2025,Personer,184
5053 Inderøy,2 Kvinner,F25-29 25-29 år,2025,Personer,162
5053 Inderøy,2 Kvinner,F30-34 30-34 år,2025,Personer,201
5053 Inderøy,2 Kvinner,F35-39 35-39 år,2025,Personer,214
5053 Inderøy,2 Kvinner,F40-44 40-44 år,2025,Personer,199
5053 Inderøy,2 Kvinner,F45-49 45-49 år,2025,Personer,201
5053 Inderøy,2 Kvinner,F50-54 50-54 år,2025,Personer,216
5053 Inderøy,2 Kvinner,F55-59 55-59 år,2025,Personer,257
5053 Inderøy,2 Kvinner,F60-64 60-64 år,2025,Personer,220
5053 Inderøy,2 Kvinner,F65-69 65-69 år,2025,Personer,219
5053 Inderøy,2 Kvinner,F70-74 70-74 år,2025,Personer,207
5053 Inderøy,2 Kvinner,F75-79 75-79 år,2025,Personer,187
5053 Inderøy,2 Kvinner,F80-84 80-84 år,2025,Personer,119
5053 Inderøy,2 Kvinner,F85-89 85-89 år,2025,Personer,60
5053 Inderøy,2 Kvinner,F90-94 90-94 år,2025,Personer,31
5053 Inderøy,2 Kvinner,F95-99 95-99 år,2025,Personer,9
5053 Inderøy,2 Kvinner,F100G5+ 100 år eller eldre,2025,Personer,0
5053 Inderøy,1 Menn,F00-04 0-4 år,2025,Personer,165
5053 Inderøy,1 Menn,F05-09 5-9 år,2025,Personer,198
5053 Inderøy,1 Menn,F10-14 10-14 år,2025,Personer,226
5053 Inderøy,1 Menn,F15-19 15-19 år,2025,Personer,243
5053 Inderøy,1 Menn,F20-24 20-24 år,2025,Personer,190
5053 Inderøy,1 Menn,F25-29 25-29 år,2025,Personer,183
5053 Inderøy,1 Menn,F30-34 30-34 år,2025,Personer,201
5053 Inderøy,1 Menn,F35-39 35-39 år,2025,Personer,228
5053 Inderøy,1 Menn,F40-44 40-44 år,2025,Personer,201
5053 Inderøy,1 Menn,F45-49 45-49 år,2025,Personer,200
5053 Inderøy,1 Menn,F50-54 50-54 år,2025,Personer,208
5053 Inderøy,1 Menn,F55-59 55-59 år,2025,Personer,243
5053 Inderøy,1 Menn,F60-64 60-64 år,2025,Personer,231
5053 Inderøy,1 Menn,F65-69 65-69 år,2025,Personer,229
5053 Inderøy,1 Menn,F70-74 70-74 år,2025,Personer,222
5053 Inderøy,1 Menn,F75-79 75-79 år,2025,Personer,175
5053 Inderøy,1 Menn,F80-84 80-84 år,2025,Personer,107
5053 Inderøy,1 Menn,F85-89 85-89 år,2025,Personer,59
5053 Inderøy,1 Menn,F90-94 90-94 år,2025,Personer,14
5053 Inderøy,1 Menn,F95-99 95-99 år,2025,Personer,4
5053 Inderøy,1 Menn,F100G5+ 100 år eller eldre,2025,Personer,1
5054 Indre Fosen,2 Kvinner,F00-04 0-4 år,2025,Personer,191
5054 Indre Fosen,2 Kvinner,F05-09 5-9 år,2025,Personer,246
5054 Indre Fosen,2 Kvinner,F10-14 10-14 år,2025,Personer,286
5054 Indre Fosen,2 Kvinner,F15-19 15-19 år,2025,Personer,300
5054 Indre Fosen,2 Kvinner,F20-24 20-24 år,2025,Personer,280
5054 Indre Fosen,2 Kvinner,F25-29 25-29 år,2025,Personer,218
5054 Indre Fosen,2 Kvinner,F30-34 30-34 år,2025,Personer,253
5054 Indre Fosen,2 Kvinner,F35-39 35-39 år,2025,Personer,267
5054 Indre Fosen,2 Kvinner,F40-44 40-44 år,2025,Personer,254
5054 Indre Fosen,2 Kvinner,F45-49 45-49 år,2025,Personer,322
5054 Indre Fosen,2 Kvinner,F50-54 50-54 år,2025,Personer,357
5054 Indre Fosen,2 Kvinner,F55-59 55-59 år,2025,Personer,359
5054 Indre Fosen,2 Kvinner,F60-64 60-64 år,2025,Personer,303
5054 Indre Fosen,2 Kvinner,F65-69 65-69 år,2025,Personer,304
5054 Indre Fosen,2 Kvinner,F70-74 70-74 år,2025,Personer,306
5054 Indre Fosen,2 Kvinner,F75-79 75-79 år,2025,Personer,299
5054 Indre Fosen,2 Kvinner,F80-84 80-84 år,2025,Personer,175
5054 Indre Fosen,2 Kvinner,F85-89 85-89 år,2025,Personer,121
5054 Indre Fosen,2 Kvinner,F90-94 90-94 år,2025,Personer,49
5054 Indre Fosen,2 Kvinner,F95-99 95-99 år,2025,Personer,9
5054 Indre Fosen,2 Kvinner,F100G5+ 100 år eller eldre,2025,Personer,2
5054 Indre Fosen,1 Menn,F00-04 0-4 år,2025,Personer,230
5054 Indre Fosen,1 Menn,F05-09 5-9 år,2025,Personer,249
5054 Indre Fosen,1 Menn,F10-14 10-14 år,2025,Personer,319
5054 Indre Fosen,1 Menn,F15-19 15-19 år,2025,Personer,362
5054 Indre Fosen,1 Menn,F20-24 20-24 år,2025,Personer,273
5054 Indre Fosen,1 Menn,F25-29 25-29 år,2025,Personer,256
5054 Indre Fosen,1 Menn,F30-34 30-34 år,2025,Personer,284
5054 Indre Fosen,1 Menn,F35-39 35-39 år,2025,Personer,262
5054 Indre Fosen,1 Menn,F40-44 40-44 år,2025,Personer,283
5054 Indre Fosen,1 Menn,F45-49 45-49 år,2025,Personer,279
5054 Indre Fosen,1 Menn,F50-54 50-54 år,2025,Personer,359
5054 Indre Fosen,1 Menn,F55-59 55-59 år,2025,Personer,388
5054 Indre Fosen,1 Menn,F60-64 60-64 år,2025,Personer,355
5054 Indre Fosen,1 Menn,F65-69 65-69 år,2025,Personer,327
5054 Indre Fosen,1 Menn,F70-74 70-74 år,2025,Personer,301
5054 Indre Fosen,1 Menn,F75-79 75-79 år,2025,Personer,305
5054 Indre Fosen,1 Menn,F80-84 80-84 år,2025,Personer,190
5054 Indre Fosen,1 Menn,F85-89 85-89 år,2025,Personer,75
5054 Indre Fosen,1 Menn,F90-94 90-94 år,2025,Personer,36
5054 Indre Fosen,1 Menn,F95-99 95-99 år,2025,Personer,8
5054 Indre Fosen,1 Menn,F100G5+ 100 år eller eldre,2025,Personer,0
5055 Heim,2 Kvinner,F00-04 0-4 år,2025,Personer,131
5055 Heim,2 Kvinner,F05-09 5-9 år,2025,Personer,130
5055 Heim,2 Kvinner,F10-14 10-14 år,2025,Personer,164
5055 Heim,2 Kvinner,F15-19 15-19 år,2025,Personer,189
5055 Heim,2 Kvinner,F20-24 20-24 år,2025,Personer,164
5055 Heim,2 Kvinner,F25-29 25-29 år,2025,Personer,145
5055 Heim,2 Kvinner,F30-34 30-34 år,2025,Personer,177
5055 Heim,2 Kvinner,F35-39 35-39 år,2025,Personer,178
5055 Heim,2 Kvinner,F40-44 40-44 år,2025,Personer,173
5055 Heim,2 Kvinner,F45-49 45-49 år,2025,Personer,169
5055 Heim,2 Kvinner,F50-54 50-54 år,2025,Personer,201
5055 Heim,2 Kvinner,F55-59 55-59 år,2025,Personer,200
5055 Heim,2 Kvinner,F60-64 60-64 år,2025,Personer,207
5055 Heim,2 Kvinner,F65-69 65-69 år,2025,Personer,215
5055 Heim,2 Kvinner,F70-74 70-74 år,2025,Personer,162
5055 Heim,2 Kvinner,F75-79 75-79 år,2025,Personer,185
5055 Heim,2 Kvinner,F80-84 80-84 år,2025,Personer,126
5055 Heim,2 Kvinner,F85-89 85-89 år,2025,Personer,66
5055 Heim,2 Kvinner,F90-94 90-94 år,2025,Personer,25
5055 Heim,2 Kvinner,F95-99 95-99 år,2025,Personer,10
5055 Heim,2 Kvinner,F100G5+ 100 år eller eldre,2025,Personer,3
5055 Heim,1 Menn,F00-04 0-4 år,2025,Personer,125
5055 Heim,1 Menn,F05-09 5-9 år,2025,Personer,190
5055 Heim,1 Menn,F10-14 10-14 år,2025,Personer,187
5055 Heim,1 Menn,F15-19 15-19 år,2025,Personer,192
5055 Heim,1 Menn,F20-24 20-24 år,2025,Personer,172
5055 Heim,1 Menn,F25-29 25-29 år,2025,Personer,169
5055 Heim,1 Menn,F30-34 30-34 år,2025,Personer,173
5055 Heim,1 Menn,F35-39 35-39 år,2025,Personer,178
5055 Heim,1 Menn,F40-44 40-44 år,2025,Personer,156
5055 Heim,1 Menn,F45-49 45-49 år,2025,Personer,149
5055 Heim,1 Menn,F50-54 50-54 år,2025,Personer,190
5055 Heim,1 Menn,F55-59 55-59 år,2025,Personer,215
5055 Heim,1 Menn,F60-64 60-64 år,2025,Personer,223
5055 Heim,1 Menn,F65-69 65-69 år,2025,Personer,207
5055 Heim,1 Menn,F70-74 70-74 år,2025,Personer,205
5055 Heim,1 Menn,F75-79 75-79 år,2025,Personer,177
5055 Heim,1 Menn,F80-84 80-84 år,2025,Personer,133
5055 Heim,1 Menn,F85-89 85-89 år,2025,Personer,48
5055 Heim,1 Menn,F90-94 90-94 år,2025,Personer,23
5055 Heim,1 Menn,F95-99 95-99 år,2025,Personer,2
5055 Heim,1 Menn,F100G5+ 100 år eller eldre,2025,Personer,0
5056 Hitra,2 Kvinner,F00-04 0-4 år,2025,Personer,158
5056 Hitra,2 Kvinner,F05-09 5-9 år,2025,Personer,114
5056 Hitra,2 Kvinner,F10-14 10-14 år,2025,Personer,140
5056 Hitra,2 Kvinner,F15-19 15-19 år,2025,Personer,121
5056 Hitra,2 Kvinner,F20-24 20-24 år,2025,Personer,130
5056 Hitra,2 Kvinner,F25-29 25-29 år,2025,Personer,164
5056 Hitra,2 Kvinner,F30-34 30-34 år,2025,Personer,186
5056 Hitra,2 Kvinner,F35-39 35-39 år,2025,Personer,177
5056 Hitra,2 Kvinner,F40-44 40-44 år,2025,Personer,144
5056 Hitra,2 Kvinner,F45-49 45-49 år,2025,Personer,171
5056 Hitra,2 Kvinner,F50-54 50-54 år,2025,Personer,158
5056 Hitra,2 Kvinner,F55-59 55-59 år,2025,Personer,190
5056 Hitra,2 Kvinner,F60-64 60-64 år,2025,Personer,146
5056 Hitra,2 Kvinner,F65-69 65-69 år,2025,Personer,147
5056 Hitra,2 Kvinner,F70-74 70-74 år,2025,Personer,120
5056 Hitra,2 Kvinner,F75-79 75-79 år,2025,Personer,133
5056 Hitra,2 Kvinner,F80-84 80-84 år,2025,Personer,85
5056 Hitra,2 Kvinner,F85-89 85-89 år,2025,Personer,41
5056 Hitra,2 Kvinner,F90-94 90-94 år,2025,Personer,28
5056 Hitra,2 Kvinner,F95-99 95-99 år,2025,Personer,6
5056 Hitra,2 Kvinner,F100G5+ 100 år eller eldre,2025,Personer,1
5056 Hitra,1 Menn,F00-04 0-4 år,2025,Personer,151
5056 Hitra,1 Menn,F05-09 5-9 år,2025,Personer,135
5056 Hitra,1 Menn,F10-14 10-14 år,2025,Personer,130
5056 Hitra,1 Menn,F15-19 15-19 år,2025,Personer,162
5056 Hitra,1 Menn,F20-24 20-24 år,2025,Personer,162
5056 Hitra,1 Menn,F25-29 25-29 år,2025,Personer,203
5056 Hitra,1 Menn,F30-34 30-34 år,2025,Personer,210
5056 Hitra,1 Menn,F35-39 35-39 år,2025,Personer,194
5056 Hitra,1 Menn,F40-44 40-44 år,2025,Personer,182
5056 Hitra,1 Menn,F45-49 45-49 år,2025,Personer,190
5056 Hitra,1 Menn,F50-54 50-54 år,2025,Personer,201
5056 Hitra,1 Menn,F55-59 55-59 år,2025,Personer,201
5056 Hitra,1 Menn,F60-64 60-64 år,2025,Personer,176
5056 Hitra,1 Menn,F65-69 65-69 år,2025,Personer,163
5056 Hitra,1 Menn,F70-74 70-74 år,2025,Personer,123
5056 Hitra,1 Menn,F75-79 75-79 år,2025,Personer,142
5056 Hitra,1 Menn,F80-84 80-84 år,2025,Personer,80
5056 Hitra,1 Menn,F85-89 85-89 år,2025,Personer,35
5056 Hitra,1 Menn,F90-94 90-94 år,2025,Personer,14
5056 Hitra,1 Menn,F95-99 95-99 år,2025,Personer,0
5056 Hitra,1 Menn,F100G5+ 100 år eller eldre,2025,Personer,0
5057 Ørland,2 Kvinner,F00-04 0-4 år,2025,Personer,267
5057 Ørland,2 Kvinner,F05-09 5-9 år,2025,Personer,282
5057 Ørland,2 Kvinner,F10-14 10-14 år,2025,Personer,302
5057 Ørland,2 Kvinner,F15-19 15-19 år,2025,Personer,296
5057 Ørland,2 Kvinner,F20-24 20-24 år,2025,Personer,299
5057 Ørland,2 Kvinner,F25-29 25-29 år,2025,Personer,299
5057 Ørland,2 Kvinner,F30-34 30-34 år,2025,Personer,362
5057 Ørland,2 Kvinner,F35-39 35-39 år,2025,Personer,336
5057 Ørland,2 Kvinner,F40-44 40-44 år,2025,Personer,258
5057 Ørland,2 Kvinner,F45-49 45-49 år,2025,Personer,272
5057 Ørland,2 Kvinner,F50-54 50-54 år,2025,Personer,326
5057 Ørland,2 Kvinner,F55-59 55-59 år,2025,Personer,353
5057 Ørland,2 Kvinner,F60-64 60-64 år,2025,Personer,331
5057 Ørland,2 Kvinner,F65-69 65-69 år,2025,Personer,324
5057 Ørland,2 Kvinner,F70-74 70-74 år,2025,Personer,292
5057 Ørland,2 Kvinner,F75-79 75-79 år,2025,Personer,219
5057 Ørland,2 Kvinner,F80-84 80-84 år,2025,Personer,199
5057 Ørland,2 Kvinner,F85-89 85-89 år,2025,Personer,102
5057 Ørland,2 Kvinner,F90-94 90-94 år,2025,Personer,57
5057 Ørland,2 Kvinner,F95-99 95-99 år,2025,Personer,21
5057 Ørland,2 Kvinner,F100G5+ 100 år eller eldre,2025,Personer,1
5057 Ørland,1 Menn,F00-04 0-4 år,2025,Personer,264
5057 Ørland,1 Menn,F05-09 5-9 år,2025,Personer,310
5057 Ørland,1 Menn,F10-14 10-14 år,2025,Personer,332
5057 Ørland,1 Menn,F15-19 15-19 år,2025,Personer,307
5057 Ørland,1 Menn,F20-24 20-24 år,2025,Personer,328
5057 Ørland,1 Menn,F25-29 25-29 år,2025,Personer,402
5057 Ørland,1 Menn,F30-34 30-34 år,2025,Personer,369
5057 Ørland,1 Menn,F35-39 35-39 år,2025,Personer,376
5057 Ørland,1 Menn,F40-44 40-44 år,2025,Personer,265
5057 Ørland,1 Menn,F45-49 45-49 år,2025,Personer,251
5057 Ørland,1 Menn,F50-54 50-54 år,2025,Personer,326
5057 Ørland,1 Menn,F55-59 55-59 år,2025,Personer,388
5057 Ørland,1 Menn,F60-64 60-64 år,2025,Personer,363
5057 Ørland,1 Menn,F65-69 65-69 år,2025,Personer,317
5057 Ørland,1 Menn,F70-74 70-74 år,2025,Personer,283
5057 Ørland,1 Menn,F75-79 75-79 år,2025,Personer,240
5057 Ørland,1 Menn,F80-84 80-84 år,2025,Personer,164
5057 Ørland,1 Menn,F85-89 85-89 år,2025,Personer,106
5057 Ørland,1 Menn,F90-94 90-94 år,2025,Personer,31
5057 Ørland,1 Menn,F95-99 95-99 år,2025,Personer,5
5057 Ørland,1 Menn,F100G5+ 100 år eller eldre,2025,Personer,2
5058 Åfjord,2 Kvinner,F00-04 0-4 år,2025,Personer,118
5058 Åfjord,2 Kvinner,F05-09 5-9 år,2025,Personer,134
5058 Åfjord,2 Kvinner,F10-14 10-14 år,2025,Personer,93
5058 Åfjord,2 Kvinner,F15-19 15-19 år,2025,Personer,104
5058 Åfjord,2 Kvinner,F20-24 20-24 år,2025,Personer,103
5058 Åfjord,2 Kvinner,F25-29 25-29 år,2025,Personer,112
5058 Åfjord,2 Kvinner,F30-34 30-34 år,2025,Personer,141
5058 Åfjord,2 Kvinner,F35-39 35-39 år,2025,Personer,102
5058 Åfjord,2 Kvinner,F40-44 40-44 år,2025,Personer,71
5058 Åfjord,2 Kvinner,F45-49 45-49 år,2025,Personer,120
5058 Åfjord,2 Kvinner,F50-54 50-54 år,2025,Personer,155
5058 Åfjord,2 Kvinner,F55-59 55-59 år,2025,Personer,166
5058 Åfjord,2 Kvinner,F60-64 60-64 år,2025,Personer,134
5058 Åfjord,2 Kvinner,F65-69 65-69 år,2025,Personer,136
5058 Åfjord,2 Kvinner,F70-74 70-74 år,2025,Personer,137
5058 Åfjord,2 Kvinner,F75-79 75-79 år,2025,Personer,128
5058 Åfjord,2 Kvinner,F80-84 80-84 år,2025,Personer,83
5058 Åfjord,2 Kvinner,F85-89 85-89 år,2025,Personer,60
5058 Åfjord,2 Kvinner,F90-94 90-94 år,2025,Personer,26
5058 Åfjord,2 Kvinner,F95-99 95-99 år,2025,Personer,8
5058 Åfjord,2 Kvinner,F100G5+ 100 år eller eldre,2025,Personer,0
5058 Åfjord,1 Menn,F00-04 0-4 år,2025,Personer,114
5058 Åfjord,1 Menn,F05-09 5-9 år,2025,Personer,131
5058 Åfjord,1 Menn,F10-14 10-14 år,2025,Personer,114
5058 Åfjord,1 Menn,F15-19 15-19 år,2025,Personer,102
5058 Åfjord,1 Menn,F20-24 20-24 år,2025,Personer,114
5058 Åfjord,1 Menn,F25-29 25-29 år,2025,Personer,133
5058 Åfjord,1 Menn,F30-34 30-34 år,2025,Personer,158
5058 Åfjord,1 Menn,F35-39 35-39 år,2025,Personer,114
5058 Åfjord,1 Menn,F40-44 40-44 år,2025,Personer,83
5058 Åfjord,1 Menn,F45-49 45-49 år,2025,Personer,101
5058 Åfjord,1 Menn,F50-54 50-54 år,2025,Personer,144
5058 Åfjord,1 Menn,F55-59 55-59 år,2025,Personer,189
5058 Åfjord,1 Menn,F60-64 60-64 år,2025,Personer,162
5058 Åfjord,1 Menn,F65-69 65-69 år,2025,Personer,139
5058 Åfjord,1 Menn,F70-74 70-74 år,2025,Personer,141
5058 Åfjord,1 Menn,F75-79 75-79 år,2025,Personer,127
5058 Åfjord,1 Menn,F80-84 80-84 år,2025,Personer,87
5058 Åfjord,1 Menn,F85-89 85-89 år,2025,Personer,38
5058 Åfjord,1 Menn,F90-94 90-94 år,2025,Personer,18
5058 Åfjord,1 Menn,F95-99 95-99 år,2025,Personer,2
5058 Åfjord,1 Menn,F100G5+ 100 år eller eldre,2025,Personer,0
5059 Orkland,2 Kvinner,F00-04 0-4 år,2025,Personer,418
5059 Orkland,2 Kvinner,F05-09 5-9 år,2025,Personer,468
5059 Orkland,2 Kvinner,F10-14 10-14 år,2025,Personer,532
5059 Orkland,2 Kvinner,F15-19 15-19 år,2025,Personer,582
5059 Orkland,2 Kvinner,F20-24 20-24 år,2025,Personer,416
5059 Orkland,2 Kvinner,F25-29 25-29 år,2025,Personer,470
5059 Orkland,2 Kvinner,F30-34 30-34 år,2025,Personer,552
5059 Orkland,2 Kvinner,F35-39 35-39 år,2025,Personer,614
5059 Orkland,2 Kvinner,F40-44 40-44 år,2025,Personer,561
5059 Orkland,2 Kvinner,F45-49 45-49 år,2025,Personer,536
5059 Orkland,2 Kvinner,F50-54 50-54 år,2025,Personer,619
5059 Orkland,2 Kvinner,F55-59 55-59 år,2025,Personer,663
5059 Orkland,2 Kvinner,F60-64 60-64 år,2025,Personer,621
5059 Orkland,2 Kvinner,F65-69 65-69 år,2025,Personer,593
5059 Orkland,2 Kvinner,F70-74 70-74 år,2025,Personer,524
5059 Orkland,2 Kvinner,F75-79 75-79 år,2025,Personer,495
5059 Orkland,2 Kvinner,F80-84 80-84 år,2025,Personer,308
5059 Orkland,2 Kvinner,F85-89 85-89 år,2025,Personer,177
5059 Orkland,2 Kvinner,F90-94 90-94 år,2025,Personer,88
5059 Orkland,2 Kvinner,F95-99 95-99 år,2025,Personer,31
5059 Orkland,2 Kvinner,F100G5+ 100 år eller eldre,2025,Personer,4
5059 Orkland,1 Menn,F00-04 0-4 år,2025,Personer,437
5059 Orkland,1 Menn,F05-09 5-9 år,2025,Personer,491
5059 Orkland,1 Menn,F10-14 10-14 år,2025,Personer,605
5059 Orkland,1 Menn,F15-19 15-19 år,2025,Personer,628
5059 Orkland,1 Menn,F20-24 20-24 år,2025,Personer,538
5059 Orkland,1 Menn,F25-29 25-29 år,2025,Personer,511
5059 Orkland,1 Menn,F30-34 30-34 år,2025,Personer,557
5059 Orkland,1 Menn,F35-39 35-39 år,2025,Personer,613
5059 Orkland,1 Menn,F40-44 40-44 år,2025,Personer,603
5059 Orkland,1 Menn,F45-49 45-49 år,2025,Personer,536
5059 Orkland,1 Menn,F50-54 50-54 år,2025,Personer,609
5059 Orkland,1 Menn,F55-59 55-59 år,2025,Personer,691
5059 Orkland,1 Menn,F60-64 60-64 år,2025,Personer,612
5059 Orkland,1 Menn,F65-69 65-69 år,2025,Personer,605
5059 Orkland,1 Menn,F70-74 70-74 år,2025,Personer,546
5059 Orkland,1 Menn,F75-79 75-79 år,2025,Personer,474
5059 Orkland,1 Menn,F80-84 80-84 år,2025,Personer,272
5059 Orkland,1 Menn,F85-89 85-89 år,2025,Personer,134
5059 Orkland,1 Menn,F90-94 90-94 år,2025,Personer,54
5059 Orkland,1 Menn,F95-99 95-99 år,2025,Personer,9
5059 Orkland,1 Menn,F100G5+ 100 år eller eldre,2025,Personer,1
5060 Nærøysund,2 Kvinner,F00-04 0-4 år,2025,Personer,283
5060 Nærøysund,2 Kvinner,F05-09 5-9 år,2025,Personer,251
5060 Nærøysund,2 Kvinner,F10-14 10-14 år,2025,Personer,301
5060 Nærøysund,2 Kvinner,F15-19 15-19 år,2025,Personer,292
5060 Nærøysund,2 Kvinner,F20-24 20-24 år,2025,Personer,269
5060 Nærøysund,2 Kvinner,F25-29 25-29 år,2025,Personer,296
5060 Nærøysund,2 Kvinner,F30-34 30-34 år,2025,Personer,272
5060 Nærøysund,2 Kvinner,F35-39 35-39 år,2025,Personer,331
5060 Nærøysund,2 Kvinner,F40-44 40-44 år,2025,Personer,267
5060 Nærøysund,2 Kvinner,F45-49 45-49 år,2025,Personer,249
5060 Nærøysund,2 Kvinner,F50-54 50-54 år,2025,Personer,319
5060 Nærøysund,2 Kvinner,F55-59 55-59 år,2025,Personer,348
5060 Nærøysund,2 Kvinner,F60-64 60-64 år,2025,Personer,285
5060 Nærøysund,2 Kvinner,F65-69 65-69 år,2025,Personer,249
5060 Nærøysund,2 Kvinner,F70-74 70-74 år,2025,Personer,239
5060 Nærøysund,2 Kvinner,F75-79 75-79 år,2025,Personer,214
5060 Nærøysund,2 Kvinner,F80-84 80-84 år,2025,Personer,158
5060 Nærøysund,2 Kvinner,F85-89 85-89 år,2025,Personer,70
5060 Nærøysund,2 Kvinner,F90-94 90-94 år,2025,Personer,51
5060 Nærøysund,2 Kvinner,F95-99 95-99 år,2025,Personer,15
5060 Nærøysund,2 Kvinner,F100G5+ 100 år eller eldre,2025,Personer,0
5060 Nærøysund,1 Menn,F00-04 0-4 år,2025,Personer,271
5060 Nærøysund,1 Menn,F05-09 5-9 år,2025,Personer,327
5060 Nærøysund,1 Menn,F10-14 10-14 år,2025,Personer,364
5060 Nærøysund,1 Menn,F15-19 15-19 år,2025,Personer,291
5060 Nærøysund,1 Menn,F20-24 20-24 år,2025,Personer,301
5060 Nærøysund,1 Menn,F25-29 25-29 år,2025,Personer,331
5060 Nærøysund,1 Menn,F30-34 30-34 år,2025,Personer,345
5060 Nærøysund,1 Menn,F35-39 35-39 år,2025,Personer,321
5060 Nærøysund,1 Menn,F40-44 40-44 år,2025,Personer,288
5060 Nærøysund,1 Menn,F45-49 45-49 år,2025,Personer,292
5060 Nærøysund,1 Menn,F50-54 50-54 år,2025,Personer,379
5060 Nærøysund,1 Menn,F55-59 55-59 år,2025,Personer,333
5060 Nærøysund,1 Menn,F60-64 60-64 år,2025,Personer,321
5060 Nærøysund,1 Menn,F65-69 65-69 år,2025,Personer,284
5060 Nærøysund,1 Menn,F70-74 70-74 år,2025,Personer,254
5060 Nærøysund,1 Menn,F75-79 75-79 år,2025,Personer,209
5060 Nærøysund,1 Menn,F80-84 80-84 år,2025,Personer,130
5060 Nærøysund,1 Menn,F85-89 85-89 år,2025,Personer,91
5060 Nærøysund,1 Menn,F90-94 90-94 år,2025,Personer,29
5060 Nærøysund,1 Menn,F95-99 95-99 år,2025,Personer,1
5060 Nærøysund,1 Menn,F100G5+ 100 år eller eldre,2025,Personer,0
5061 Rindal,2 Kvinner,F00-04 0-4 år,2025,Personer,45
5061 Rindal,2 Kvinner,F05-09 5-9 år,2025,Personer,48
5061 Rindal,2 Kvinner,F10-14 10-14 år,2025,Personer,70
5061 Rindal,2 Kvinner,F15-19 15-19 år,2025,Personer,41
5061 Rindal,2 Kvinner,F20-24 20-24 år,2025,Personer,43
5061 Rindal,2 Kvinner,F25-29 25-29 år,2025,Personer,41
5061 Rindal,2 Kvinner,F30-34 30-34 år,2025,Personer,54
5061 Rindal,2 Kvinner,F35-39 35-39 år,2025,Personer,43
5061 Rindal,2 Kvinner,F40-44 40-44 år,2025,Personer,62
5061 Rindal,2 Kvinner,F45-49 45-49 år,2025,Personer,50
5061 Rindal,2 Kvinner,F50-54 50-54 år,2025,Personer,66
5061 Rindal,2 Kvinner,F55-59 55-59 år,2025,Personer,78
5061 Rindal,2 Kvinner,F60-64 60-64 år,2025,Personer,57
5061 Rindal,2 Kvinner,F65-69 65-69 år,2025,Personer,57
5061 Rindal,2 Kvinner,F70-74 70-74 år,2025,Personer,61
5061 Rindal,2 Kvinner,F75-79 75-79 år,2025,Personer,64
5061 Rindal,2 Kvinner,F80-84 80-84 år,2025,Personer,29
5061 Rindal,2 Kvinner,F85-89 85-89 år,2025,Personer,23
5061 Rindal,2 Kvinner,F90-94 90-94 år,2025,Personer,17
5061 Rindal,2 Kvinner,F95-99 95-99 år,2025,Personer,3
5061 Rindal,2 Kvinner,F100G5+ 100 år eller eldre,2025,Personer,2
5061 Rindal,1 Menn,F00-04 0-4 år,2025,Personer,42
5061 Rindal,1 Menn,F05-09 5-9 år,2025,Personer,53
5061 Rindal,1 Menn,F10-14 10-14 år,2025,Personer,43
5061 Rindal,1 Menn,F15-19 15-19 år,2025,Personer,58
5061 Rindal,1 Menn,F20-24 20-24 år,2025,Personer,67
5061 Rindal,1 Menn,F25-29 25-29 år,2025,Personer,41
5061 Rindal,1 Menn,F30-34 30-34 år,2025,Personer,44
5061 Rindal,1 Menn,F35-39 35-39 år,2025,Personer,62
5061 Rindal,1 Menn,F40-44 40-44 år,2025,Personer,41
5061 Rindal,1 Menn,F45-49 45-49 år,2025,Personer,53
5061 Rindal,1 Menn,F50-54 50-54 år,2025,Personer,75
5061 Rindal,1 Menn,F55-59 55-59 år,2025,Personer,74
5061 Rindal,1 Menn,F60-64 60-64 år,2025,Personer,73
5061 Rindal,1 Menn,F65-69 65-69 år,2025,Personer,54
5061 Rindal,1 Menn,F70-74 70-74 år,2025,Personer,68
5061 Rindal,1 Menn,F75-79 75-79 år,2025,Personer,57
5061 Rindal,1 Menn,F80-84 80-84 år,2025,Personer,44
5061 Rindal,1 Menn,F85-89 85-89 år,2025,Personer,23
5061 Rindal,1 Menn,F90-94 90-94 år,2025,Personer,9
5061 Rindal,1 Menn,F95-99 95-99 år,2025,Personer,2
5061 Rindal,1 Menn,F100G5+ 100 år eller eldre,2025,Personer,0
1804 Bodø,2 Kvinner,F00-04 0-4 år,2025,Personer,1250
1804 Bodø,2 Kvinner,F05-09 5-9 år,2025,Personer,1299
1804 Bodø,2 Kvinner,F10-14 10-14 år,2025,Personer,1489
1804 Bodø,2 Kvinner,F15-19 15-19 år,2025,Personer,1642
1804 Bodø,2 Kvinner,F20-24 20-24 år,2025,Personer,1624
1804 Bodø,2 Kvinner,F25-29 25-29 år,2025,Personer,1868
1804 Bodø,2 Kvinner,F30-34 30-34 år,2025,Personer,1985
1804 Bodø,2 Kvinner,F35-39 35-39 år,2025,Personer,1889
1804 Bodø,2 Kvinner,F40-44 40-44 år,2025,Personer,1737
1804 Bodø,2 Kvinner,F45-49 45-49 år,2025,Personer,1655
1804 Bodø,2 Kvinner,F50-54 50-54 år,2025,Personer,1779
1804 Bodø,2 Kvinner,F55-59 55-59 år,2025,Personer,1822
1804 Bodø,2 Kvinner,F60-64 60-64 år,2025,Personer,1567
1804 Bodø,2 Kvinner,F65-69 65-69 år,2025,Personer,1431
1804 Bodø,2 Kvinner,F70-74 70-74 år,2025,Personer,1277
1804 Bodø,2 Kvinner,F75-79 75-79 år,2025,Personer,1037
1804 Bodø,2 Kvinner,F80-84 80-84 år,2025,Personer,734
1804 Bodø,2 Kvinner,F85-89 85-89 år,2025,Personer,401
1804 Bodø,2 Kvinner,F90-94 90-94 år,2025,Personer,234
1804 Bodø,2 Kvinner,F95-99 95-99 år,2025,Personer,57
1804 Bodø,2 Kvinner,F100G5+ 100 år eller eldre,2025,Personer,3
1804 Bodø,1 Menn,F00-04 0-4 år,2025,Personer,1388
1804 Bodø,1 Menn,F05-09 5-9 år,2025,Personer,1438
1804 Bodø,1 Menn,F10-14 10-14 år,2025,Personer,1573
1804 Bodø,1 Menn,F15-19 15-19 år,2025,Personer,1743
1804 Bodø,1 Menn,F20-24 20-24 år,2025,Personer,1726
1804 Bodø,1 Menn,F25-29 25-29 år,2025,Personer,1861
1804 Bodø,1 Menn,F30-34 30-34 år,2025,Personer,2132
1804 Bodø,1 Menn,F35-39 35-39 år,2025,Personer,1940
1804 Bodø,1 Menn,F40-44 40-44 år,2025,Personer,1743
1804 Bodø,1 Menn,F45-49 45-49 år,2025,Personer,1682
1804 Bodø,1 Menn,F50-54 50-54 år,2025,Personer,1729
1804 Bodø,1 Menn,F55-59 55-59 år,2025,Personer,1803
1804 Bodø,1 Menn,F60-64 60-64 år,2025,Personer,1560
1804 Bodø,1 Menn,F65-69 65-69 år,2025,Personer,1367
1804 Bodø,1 Menn,F70-74 70-74 år,2025,Personer,1171
1804 Bodø,1 Menn,F75-79 75-79 år,2025,Personer,972
1804 Bodø,1 Menn,F80-84 80-84 år,2025,Personer,677
1804 Bodø,1 Menn,F85-89 85-89 år,2025,Personer,317
1804 Bodø,1 Menn,F90-94 90-94 år,2025,Personer,103
1804 Bodø,1 Menn,F95-99 95-99 år,2025,Personer,20
1804 Bodø,1 Menn,F100G5+ 100 år eller eldre,2025,Personer,0
1806 Narvik,2 Kvinner,F00-04 0-4 år,2025,Personer,452
1806 Narvik,2 Kvinner,F05-09 5-9 år,2025,Personer,544
1806 Narvik,2 Kvinner,F10-14 10-14 år,2025,Personer,536
1806 Narvik,2 Kvinner,F15-19 15-19 år,2025,Personer,573
1806 Narvik,2 Kvinner,F20-24 20-24 år,2025,Personer,559
1806 Narvik,2 Kvinner,F25-29 25-29 år,2025,Personer,606
1806 Narvik,2 Kvinner,F30-34 30-34 år,2025,Personer,639
1806 Narvik,2 Kvinner,F35-39 35-39 år,2025,Personer,644
1806 Narvik,2 Kvinner,F40-44 40-44 år,2025,Personer,644
1806 Narvik,2 Kvinner,F45-49 45-49 år,2025,Personer,579
1806 Narvik,2 Kvinner,F50-54 50-54 år,2025,Personer,653
1806 Narvik,2 Kvinner,F55-59 55-59 år,2025,Personer,790
1806 Narvik,2 Kvinner,F60-64 60-64 år,2025,Personer,755
1806 Narvik,2 Kvinner,F65-69 65-69 år,2025,Personer,703
1806 Narvik,2 Kvinner,F70-74 70-74 år,2025,Personer,591
1806 Narvik,2 Kvinner,F75-79 75-79 år,2025,Personer,552
1806 Narvik,2 Kvinner,F80-84 80-84 år,2025,Personer,381
1806 Narvik,2 Kvinner,F85-89 85-89 år,2025,Personer,232
1806 Narvik,2 Kvinner,F90-94 90-94 år,2025,Personer,132
1806 Narvik,2 Kvinner,F95-99 95-99 år,2025,Personer,32
1806 Narvik,2 Kvinner,F100G5+ 100 år eller eldre,2025,Personer,6
1806 Narvik,1 Menn,F00-04 0-4 år,2025,Personer,480
1806 Narvik,1 Menn,F05-09 5-9 år,2025,Personer,535
1806 Narvik,1 Menn,F10-14 10-14 år,2025,Personer,604
1806 Narvik,1 Menn,F15-19 15-19 år,2025,Personer,661
1806 Narvik,1 Menn,F20-24 20-24 år,2025,Personer,623
1806 Narvik,1 Menn,F25-29 25-29 år,2025,Personer,727
1806 Narvik,1 Menn,F30-34 30-34 år,2025,Personer,766
1806 Narvik,1 Menn,F35-39 35-39 år,2025,Personer,719
1806 Narvik,1 Menn,F40-44 40-44 år,2025,Personer,622
1806 Narvik,1 Menn,F45-49 45-49 år,2025,Personer,607
1806 Narvik,1 Menn,F50-54 50-54 år,2025,Personer,648
1806 Narvik,1 Menn,F55-59 55-59 år,2025,Personer,768
1806 Narvik,1 Menn,F60-64 60-64 år,2025,Personer,743
1806 Narvik,1 Menn,F65-69 65-69 år,2025,Personer,736
1806 Narvik,1 Menn,F70-74 70-74 år,2025,Personer,698
1806 Narvik,1 Menn,F75-79 75-79 år,2025,Personer,517
1806 Narvik,1 Menn,F80-84 80-84 år,2025,Personer,309
1806 Narvik,1 Menn,F85-89 85-89 år,2025,Personer,163
1806 Narvik,1 Menn,F90-94 90-94 år,2025,Personer,44
1806 Narvik,1 Menn,F95-99 95-99 år,2025,Personer,17
1806 Narvik,1 Menn,F100G5+ 100 år eller eldre,2025,Personer,1
1811 Bindal,2 Kvinner,F00-04 0-4 år,2025,Personer,28
1811 Bindal,2 Kvinner,F05-09 5-9 år,2025,Personer,27
1811 Bindal,2 Kvinner,F10-14 10-14 år,2025,Personer,34
1811 Bindal,2 Kvinner,F15-19 15-19 år,2025,Personer,30
1811 Bindal,2 Kvinner,F20-24 20-24 år,2025,Personer,28
1811 Bindal,2 Kvinner,F25-29 25-29 år,2025,Personer,13
1811 Bindal,2 Kvinner,F30-34 30-34 år,2025,Personer,24
1811 Bindal,2 Kvinner,F35-39 35-39 år,2025,Personer,29
1811 Bindal,2 Kvinner,F40-44 40-44 år,2025,Personer,35
1811 Bindal,2 Kvinner,F45-49 45-49 år,2025,Personer,38
1811 Bindal,2 Kvinner,F50-54 50-54 år,2025,Personer,38
1811 Bindal,2 Kvinner,F55-59 55-59 år,2025,Personer,40
1811 Bindal,2 Kvinner,F60-64 60-64 år,2025,Personer,49
1811 Bindal,2 Kvinner,F65-69 65-69 år,2025,Personer,63
1811 Bindal,2 Kvinner,F70-74 70-74 år,2025,Personer,47
1811 Bindal,2 Kvinner,F75-79 75-79 år,2025,Personer,52
1811 Bindal,2 Kvinner,F80-84 80-84 år,2025,Personer,44
1811 Bindal,2 Kvinner,F85-89 85-89 år,2025,Personer,16
1811 Bindal,2 Kvinner,F90-94 90-94 år,2025,Personer,7
1811 Bindal,2 Kvinner,F95-99 95-99 år,2025,Personer,5
1811 Bindal,2 Kvinner,F100G5+ 100 år eller eldre,2025,Personer,0
1811 Bindal,1 Menn,F00-04 0-4 år,2025,Personer,30
1811 Bindal,1 Menn,F05-09 5-9 år,2025,Personer,39
1811 Bindal,1 Menn,F10-14 10-14 år,2025,Personer,44
1811 Bindal,1 Menn,F15-19 15-19 år,2025,Personer,51
1811 Bindal,1 Menn,F20-24 20-24 år,2025,Personer,37
1811 Bindal,1 Menn,F25-29 25-29 år,2025,Personer,29
1811 Bindal,1 Menn,F30-34 30-34 år,2025,Personer,30
1811 Bindal,1 Menn,F35-39 35-39 år,2025,Personer,20
1811 Bindal,1 Menn,F40-44 40-44 år,2025,Personer,47
1811 Bindal,1 Menn,F45-49 45-49 år,2025,Personer,40
1811 Bindal,1 Menn,F50-54 50-54 år,2025,Personer,35
1811 Bindal,1 Menn,F55-59 55-59 år,2025,Personer,66
1811 Bindal,1 Menn,F60-64 60-64 år,2025,Personer,48
1811 Bindal,1 Menn,F65-69 65-69 år,2025,Personer,49
1811 Bindal,1 Menn,F70-74 70-74 år,2025,Personer,65
1811 Bindal,1 Menn,F75-79 75-79 år,2025,Personer,51
1811 Bindal,1 Menn,F80-84 80-84 år,2025,Personer,27
1811 Bindal,1 Menn,F85-89 85-89 år,2025,Personer,16
1811 Bindal,1 Menn,F90-94 90-94 år,2025,Personer,2
1811 Bindal,1 Menn,F95-99 95-99 år,2025,Personer,1
1811 Bindal,1 Menn,F100G5+ 100 år eller eldre,2025,Personer,0
1812 Sømna,2 Kvinner,F00-04 0-4 år,2025,Personer,41
1812 Sømna,2 Kvinner,F05-09 5-9 år,2025,Personer,42
1812 Sømna,2 Kvinner,F10-14 10-14 år,2025,Personer,41
1812 Sømna,2 Kvinner,F15-19 15-19 år,2025,Personer,53
1812 Sømna,2 Kvinner,F20-24 20-24 år,2025,Personer,59
1812 Sømna,2 Kvinner,F25-29 25-29 år,2025,Personer,30
1812 Sømna,2 Kvinner,F30-34 30-34 år,2025,Personer,58
1812 Sømna,2 Kvinner,F35-39 35-39 år,2025,Personer,47
1812 Sømna,2 Kvinner,F40-44 40-44 år,2025,Personer,54
1812 Sømna,2 Kvinner,F45-49 45-49 år,2025,Personer,61
1812 Sømna,2 Kvinner,F50-54 50-54 år,2025,Personer,68
1812 Sømna,2 Kvinner,F55-59 55-59 år,2025,Personer,83
1812 Sømna,2 Kvinner,F60-64 60-64 år,2025,Personer,65
1812 Sømna,2 Kvinner,F65-69 65-69 år,2025,Personer,61
1812 Sømna,2 Kvinner,F70-74 70-74 år,2025,Personer,70
1812 Sømna,2 Kvinner,F75-79 75-79 år,2025,Personer,57
1812 Sømna,2 Kvinner,F80-84 80-84 år,2025,Personer,42
1812 Sømna,2 Kvinner,F85-89 85-89 år,2025,Personer,21
1812 Sømna,2 Kvinner,F90-94 90-94 år,2025,Personer,11
1812 Sømna,2 Kvinner,F95-99 95-99 år,2025,Personer,3
1812 Sømna,2 Kvinner,F100G5+ 100 år eller eldre,2025,Personer,1
1812 Sømna,1 Menn,F00-04 0-4 år,2025,Personer,49
1812 Sømna,1 Menn,F05-09 5-9 år,2025,Personer,49
1812 Sømna,1 Menn,F10-14 10-14 år,2025,Personer,67
1812 Sømna,1 Menn,F15-19 15-19 år,2025,Personer,71
1812 Sømna,1 Menn,F20-24 20-24 år,2025,Personer,57
1812 Sømna,1 Menn,F25-29 25-29 år,2025,Personer,50
1812 Sømna,1 Menn,F30-34 30-34 år,2025,Personer,60
1812 Sømna,1 Menn,F35-39 35-39 år,2025,Personer,49
1812 Sømna,1 Menn,F40-44 40-44 år,2025,Personer,57
1812 Sømna,1 Menn,F45-49 45-49 år,2025,Personer,51
1812 Sømna,1 Menn,F50-54 50-54 år,2025,Personer,70
1812 Sømna,1 Menn,F55-59 55-59 år,2025,Personer,80
1812 Sømna,1 Menn,F60-64 60-64 år,2025,Personer,79
1812 Sømna,1 Menn,F65-69 65-69 år,2025,Personer,63
1812 Sømna,1 Menn,F70-74 70-74 år,2025,Personer,45
1812 Sømna,1 Menn,F75-79 75-79 år,2025,Personer,56
1812 Sømna,1 Menn,F80-84 80-84 år,2025,Personer,34
1812 Sømna,1 Menn,F85-89 85-89 år,2025,Personer,16
1812 Sømna,1 Menn,F90-94 90-94 år,2025,Personer,5
1812 Sømna,1 Menn,F95-99 95-99 år,2025,Personer,3
1812 Sømna,1 Menn,F100G5+ 100 år eller eldre,2025,Personer,0
1813 Brønnøy,2 Kvinner,F00-04 0-4 år,2025,Personer,178
1813 Brønnøy,2 Kvinner,F05-09 5-9 år,2025,Personer,184
1813 Brønnøy,2 Kvinner,F10-14 10-14 år,2025,Personer,258
1813 Brønnøy,2 Kvinner,F15-19 15-19 år,2025,Personer,244
1813 Brønnøy,2 Kvinner,F20-24 20-24 år,2025,Personer,204
1813 Brønnøy,2 Kvinner,F25-29 25-29 år,2025,Personer,209
1813 Brønnøy,2 Kvinner,F30-34 30-34 år,2025,Personer,230
1813 Brønnøy,2 Kvinner,F35-39 35-39 år,2025,Personer,255
1813 Brønnøy,2 Kvinner,F40-44 40-44 år,2025,Personer,224
1813 Brønnøy,2 Kvinner,F45-49 45-49 år,2025,Personer,234
1813 Brønnøy,2 Kvinner,F50-54 50-54 år,2025,Personer,289
1813 Brønnøy,2 Kvinner,F55-59 55-59 år,2025,Personer,293
1813 Brønnøy,2 Kvinner,F60-64 60-64 år,2025,Personer,289
1813 Brønnøy,2 Kvinner,F65-69 65-69 år,2025,Personer,226
1813 Brønnøy,2 Kvinner,F70-74 70-74 år,2025,Personer,208
1813 Brønnøy,2 Kvinner,F75-79 75-79 år,2025,Personer,178
1813 Brønnøy,2 Kvinner,F80-84 80-84 år,2025,Personer,126
1813 Brønnøy,2 Kvinner,F85-89 85-89 år,2025,Personer,81
1813 Brønnøy,2 Kvinner,F90-94 90-94 år,2025,Personer,35
1813 Brønnøy,2 Kvinner,F95-99 95-99 år,2025,Personer,10
1813 Brønnøy,2 Kvinner,F100G5+ 100 år eller eldre,2025,Personer,1
1813 Brønnøy,1 Menn,F00-04 0-4 år,2025,Personer,173
1813 Brønnøy,1 Menn,F05-09 5-9 år,2025,Personer,189
1813 Brønnøy,1 Menn,F10-14 10-14 år,2025,Personer,257
1813 Brønnøy,1 Menn,F15-19 15-19 år,2025,Personer,268
1813 Brønnøy,1 Menn,F20-24 20-24 år,2025,Personer,200
1813 Brønnøy,1 Menn,F25-29 25-29 år,2025,Personer,220
1813 Brønnøy,1 Menn,F30-34 30-34 år,2025,Personer,250
1813 Brønnøy,1 Menn,F35-39 35-39 år,2025,Personer,238
1813 Brønnøy,1 Menn,F40-44 40-44 år,2025,Personer,225
1813 Brønnøy,1 Menn,F45-49 45-49 år,2025,Personer,215
1813 Brønnøy,1 Menn,F50-54 50-54 år,2025,Personer,263
1813 Brønnøy,1 Menn,F55-59 55-59 år,2025,Personer,305
1813 Brønnøy,1 Menn,F60-64 60-64 år,2025,Personer,259
1813 Brønnøy,1 Menn,F65-69 65-69 år,2025,Personer,249
1813 Brønnøy,1 Menn,F70-74 70-74 år,2025,Personer,200
1813 Brønnøy,1 Menn,F75-79 75-79 år,2025,Personer,176
1813 Brønnøy,1 Menn,F80-84 80-84 år,2025,Personer,114
1813 Brønnøy,1 Menn,F85-89 85-89 år,2025,Personer,53
1813 Brønnøy,1 Menn,F90-94 90-94 år,2025,Personer,23
1813 Brønnøy,1 Menn,F95-99 95-99 år,2025,Personer,5
1813 Brønnøy,1 Menn,F100G5+ 100 år eller eldre,2025,Personer,0
1815 Vega,2 Kvinner,F00-04 0-4 år,2025,Personer,21
1815 Vega,2 Kvinner,F05-09 5-9 år,2025,Personer,25
1815 Vega,2 Kvinner,F10-14 10-14 år,2025,Personer,30
1815 Vega,2 Kvinner,F15-19 15-19 år,2025,Personer,29
1815 Vega,2 Kvinner,F20-24 20-24 år,2025,Personer,31
1815 Vega,2 Kvinner,F25-29 25-29 år,2025,Personer,24
1815 Vega,2 Kvinner,F30-34 30-34 år,2025,Personer,27
1815 Vega,2 Kvinner,F35-39 35-39 år,2025,Personer,27
1815 Vega,2 Kvinner,F40-44 40-44 år,2025,Personer,31
1815 Vega,2 Kvinner,F45-49 45-49 år,2025,Personer,27
1815 Vega,2 Kvinner,F50-54 50-54 år,2025,Personer,47
1815 Vega,2 Kvinner,F55-59 55-59 år,2025,Personer,52
1815 Vega,2 Kvinner,F60-64 60-64 år,2025,Personer,44
1815 Vega,2 Kvinner,F65-69 65-69 år,2025,Personer,50
1815 Vega,2 Kvinner,F70-74 70-74 år,2025,Personer,28
1815 Vega,2 Kvinner,F75-79 75-79 år,2025,Personer,44
1815 Vega,2 Kvinner,F80-84 80-84 år,2025,Personer,20
1815 Vega,2 Kvinner,F85-89 85-89 år,2025,Personer,20
1815 Vega,2 Kvinner,F90-94 90-94 år,2025,Personer,3
1815 Vega,2 Kvinner,F95-99 95-99 år,2025,Personer,4
1815 Vega,2 Kvinner,F100G5+ 100 år eller eldre,2025,Personer,0
1815 Vega,1 Menn,F00-04 0-4 år,2025,Personer,25
1815 Vega,1 Menn,F05-09 5-9 år,2025,Personer,21
1815 Vega,1 Menn,F10-14 10-14 år,2025,Personer,35
1815 Vega,1 Menn,F15-19 15-19 år,2025,Personer,41
1815 Vega,1 Menn,F20-24 20-24 år,2025,Personer,30
1815 Vega,1 Menn,F25-29 25-29 år,2025,Personer,41
1815 Vega,1 Menn,F30-34 30-34 år,2025,Personer,24
1815 Vega,1 Menn,F35-39 35-39 år,2025,Personer,30
1815 Vega,1 Menn,F40-44 40-44 år,2025,Personer,26
1815 Vega,1 Menn,F45-49 45-49 år,2025,Personer,32
1815 Vega,1 Menn,F50-54 50-54 år,2025,Personer,44
1815 Vega,1 Menn,F55-59 55-59 år,2025,Personer,42
1815 Vega,1 Menn,F60-64 60-64 år,2025,Personer,51
1815 Vega,1 Menn,F65-69 65-69 år,2025,Personer,53
1815 Vega,1 Menn,F70-74 70-74 år,2025,Personer,47
1815 Vega,1 Menn,F75-79 75-79 år,2025,Personer,36
1815 Vega,1 Menn,F80-84 80-84 år,2025,Personer,31
1815 Vega,1 Menn,F85-89 85-89 år,2025,Personer,8
1815 Vega,1 Menn,F90-94 90-94 år,2025,Personer,5
1815 Vega,1 Menn,F95-99 95-99 år,2025,Personer,1
1815 Vega,1 Menn,F100G5+ 100 år eller eldre,2025,Personer,0
1816 Vevelstad,2 Kvinner,F00-04 0-4 år,2025,Personer,9
1816 Vevelstad,2 Kvinner,F05-09 5-9 år,2025,Personer,11
1816 Vevelstad,2 Kvinner,F10-14 10-14 år,2025,Personer,12
1816 Vevelstad,2 Kvinner,F15-19 15-19 år,2025,Personer,7
1816 Vevelstad,2 Kvinner,F20-24 20-24 år,2025,Personer,12
1816 Vevelstad,2 Kvinner,F25-29 25-29 år,2025,Personer,13
1816 Vevelstad,2 Kvinner,F30-34 30-34 år,2025,Personer,7
1816 Vevelstad,2 Kvinner,F35-39 35-39 år,2025,Personer,15
1816 Vevelstad,2 Kvinner,F40-44 40-44 år,2025,Personer,13
1816 Vevelstad,2 Kvinner,F45-49 45-49 år,2025,Personer,7
1816 Vevelstad,2 Kvinner,F50-54 50-54 år,2025,Personer,17
1816 Vevelstad,2 Kvinner,F55-59 55-59 år,2025,Personer,19
1816 Vevelstad,2 Kvinner,F60-64 60-64 år,2025,Personer,15
1816 Vevelstad,2 Kvinner,F65-69 65-69 år,2025,Personer,17
1816 Vevelstad,2 Kvinner,F70-74 70-74 år,2025,Personer,22
1816 Vevelstad,2 Kvinner,F75-79 75-79 år,2025,Personer,19
1816 Vevelstad,2 Kvinner,F80-84 80-84 år,2025,Personer,8
1816 Vevelstad,2 Kvinner,F85-89 85-89 år,2025,Personer,4
1816 Vevelstad,2 Kvinner,F90-94 90-94 år,2025,Personer,3
1816 Vevelstad,2 Kvinner,F95-99 95-99 år,2025,Personer,1
1816 Vevelstad,2 Kvinner,F100G5+ 100 år eller eldre,2025,Personer,1
1816 Vevelstad,1 Menn,F00-04 0-4 år,2025,Personer,16
1816 Vevelstad,1 Menn,F05-09 5-9 år,2025,Personer,7
1816 Vevelstad,1 Menn,F10-14 10-14 år,2025,Personer,16
1816 Vevelstad,1 Menn,F15-19 15-19 år,2025,Personer,16
1816 Vevelstad,1 Menn,F20-24 20-24 år,2025,Personer,11
1816 Vevelstad,1 Menn,F25-29 25-29 år,2025,Personer,17
1816 Vevelstad,1 Menn,F30-34 30-34 år,2025,Personer,6
1816 Vevelstad,1 Menn,F35-39 35-39 år,2025,Personer,11
1816 Vevelstad,1 Menn,F40-44 40-44 år,2025,Personer,6
1816 Vevelstad,1 Menn,F45-49 45-49 år,2025,Personer,16
1816 Vevelstad,1 Menn,F50-54 50-54 år,2025,Personer,13
1816 Vevelstad,1 Menn,F55-59 55-59 år,2025,Personer,16
1816 Vevelstad,1 Menn,F60-64 60-64 år,2025,Personer,15
1816 Vevelstad,1 Menn,F65-69 65-69 år,2025,Personer,17
1816 Vevelstad,1 Menn,F70-74 70-74 år,2025,Personer,13
1816 Vevelstad,1 Menn,F75-79 75-79 år,2025,Personer,25
1816 Vevelstad,1 Menn,F80-84 80-84 år,2025,Personer,8
1816 Vevelstad,1 Menn,F85-89 85-89 år,2025,Personer,7
1816 Vevelstad,1 Menn,F90-94 90-94 år,2025,Personer,2
1816 Vevelstad,1 Menn,F95-99 95-99 år,2025,Personer,0
1816 Vevelstad,1 Menn,F100G5+ 100 år eller eldre,2025,Personer,0
1818 Herøy (Nordland),2 Kvinner,F00-04 0-4 år,2025,Personer,40
1818 Herøy (Nordland),2 Kvinner,F05-09 5-9 år,2025,Personer,57
1818 Herøy (Nordland),2 Kvinner,F10-14 10-14 år,2025,Personer,45
1818 Herøy (Nordland),2 Kvinner,F15-19 15-19 år,2025,Personer,53
1818 Herøy (Nordland),2 Kvinner,F20-24 20-24 år,2025,Personer,29
1818 Herøy (Nordland),2 Kvinner,F25-29 25-29 år,2025,Personer,46
1818 Herøy (Nordland),2 Kvinner,F30-34 30-34 år,2025,Personer,63
1818 Herøy (Nordland),2 Kvinner,F35-39 35-39 år,2025,Personer,71
1818 Herøy (Nordland),2 Kvinner,F40-44 40-44 år,2025,Personer,39
1818 Herøy (Nordland),2 Kvinner,F45-49 45-49 år,2025,Personer,40
1818 Herøy (Nordland),2 Kvinner,F50-54 50-54 år,2025,Personer,52
1818 Herøy (Nordland),2 Kvinner,F55-59 55-59 år,2025,Personer,59
1818 Herøy (Nordland),2 Kvinner,F60-64 60-64 år,2025,Personer,77
1818 Herøy (Nordland),2 Kvinner,F65-69 65-69 år,2025,Personer,59
1818 Herøy (Nordland),2 Kvinner,F70-74 70-74 år,2025,Personer,50
1818 Herøy (Nordland),2 Kvinner,F75-79 75-79 år,2025,Personer,41
1818 Herøy (Nordland),2 Kvinner,F80-84 80-84 år,2025,Personer,37
1818 Herøy (Nordland),2 Kvinner,F85-89 85-89 år,2025,Personer,18
1818 Herøy (Nordland),2 Kvinner,F90-94 90-94 år,2025,Personer,10
1818 Herøy (Nordland),2 Kvinner,F95-99 95-99 år,2025,Personer,4
1818 Herøy (Nordland),2 Kvinner,F100G5+ 100 år eller eldre,2025,Personer,2
1818 Herøy (Nordland),1 Menn,F00-04 0-4 år,2025,Personer,42
1818 Herøy (Nordland),1 Menn,F05-09 5-9 år,2025,Personer,55
1818 Herøy (Nordland),1 Menn,F10-14 10-14 år,2025,Personer,59
1818 Herøy (Nordland),1 Menn,F15-19 15-19 år,2025,Personer,50
1818 Herøy (Nordland),1 Menn,F20-24 20-24 år,2025,Personer,41
1818 Herøy (Nordland),1 Menn,F25-29 25-29 år,2025,Personer,40
1818 Herøy (Nordland),1 Menn,F30-34 30-34 år,2025,Personer,61
1818 Herøy (Nordland),1 Menn,F35-39 35-39 år,2025,Personer,88
1818 Herøy (Nordland),1 Menn,F40-44 40-44 år,2025,Personer,74
1818 Herøy (Nordland),1 Menn,F45-49 45-49 år,2025,Personer,52
1818 Herøy (Nordland),1 Menn,F50-54 50-54 år,2025,Personer,48
1818 Herøy (Nordland),1 Menn,F55-59 55-59 år,2025,Personer,79
1818 Herøy (Nordland),1 Menn,F60-64 60-64 år,2025,Personer,77
1818 Herøy (Nordland),1 Menn,F65-69 65-69 år,2025,Personer,71
1818 Herøy (Nordland),1 Menn,F70-74 70-74 år,2025,Personer,59
1818 Herøy (Nordland),1 Menn,F75-79 75-79 år,2025,Personer,47
1818 Herøy (Nordland),1 Menn,F80-84 80-84 år,2025,Personer,36
1818 Herøy (Nordland),1 Menn,F85-89 85-89 år,2025,Personer,11
1818 Herøy (Nordland),1 Menn,F90-94 90-94 år,2025,Personer,5
1818 Herøy (Nordland),1 Menn,F95-99 95-99 år,2025,Personer,1
1818 Herøy (Nordland),1 Menn,F100G5+ 100 år eller eldre,2025,Personer,0
1820 Alstahaug,2 Kvinner,F00-04 0-4 år,2025,Personer,149
1820 Alstahaug,2 Kvinner,F05-09 5-9 år,2025,Personer,174
1820 Alstahaug,2 Kvinner,F10-14 10-14 år,2025,Personer,229
1820 Alstahaug,2 Kvinner,F15-19 15-19 år,2025,Personer,192
1820 Alstahaug,2 Kvinner,F20-24 20-24 år,2025,Personer,184
1820 Alstahaug,2 Kvinner,F25-29 25-29 år,2025,Personer,214
1820 Alstahaug,2 Kvinner,F30-34 30-34 år,2025,Personer,241
1820 Alstahaug,2 Kvinner,F35-39 35-39 år,2025,Personer,260
1820 Alstahaug,2 Kvinner,F40-44 40-44 år,2025,Personer,201
1820 Alstahaug,2 Kvinner,F45-49 45-49 år,2025,Personer,203
1820 Alstahaug,2 Kvinner,F50-54 50-54 år,2025,Personer,265
1820 Alstahaug,2 Kvinner,F55-59 55-59 år,2025,Personer,268
1820 Alstahaug,2 Kvinner,F60-64 60-64 år,2025,Personer,250
1820 Alstahaug,2 Kvinner,F65-69 65-69 år,2025,Personer,239
1820 Alstahaug,2 Kvinner,F70-74 70-74 år,2025,Personer,210
1820 Alstahaug,2 Kvinner,F75-79 75-79 år,2025,Personer,203
1820 Alstahaug,2 Kvinner,F80-84 80-84 år,2025,Personer,138
1820 Alstahaug,2 Kvinner,F85-89 85-89 år,2025,Personer,70
1820 Alstahaug,2 Kvinner,F90-94 90-94 år,2025,Personer,36
1820 Alstahaug,2 Kvinner,F95-99 95-99 år,2025,Personer,7
1820 Alstahaug,2 Kvinner,F100G5+ 100 år eller eldre,2025,Personer,1
1820 Alstahaug,1 Menn,F00-04 0-4 år,2025,Personer,175
1820 Alstahaug,1 Menn,F05-09 5-9 år,2025,Personer,220
1820 Alstahaug,1 Menn,F10-14 10-14 år,2025,Personer,207
1820 Alstahaug,1 Menn,F15-19 15-19 år,2025,Personer,237
1820 Alstahaug,1 Menn,F20-24 20-24 år,2025,Personer,206
1820 Alstahaug,1 Menn,F25-29 25-29 år,2025,Personer,217
1820 Alstahaug,1 Menn,F30-34 30-34 år,2025,Personer,253
1820 Alstahaug,1 Menn,F35-39 35-39 år,2025,Personer,254
1820 Alstahaug,1 Menn,F40-44 40-44 år,2025,Personer,201
1820 Alstahaug,1 Menn,F45-49 45-49 år,2025,Personer,186
1820 Alstahaug,1 Menn,F50-54 50-54 år,2025,Personer,237
1820 Alstahaug,1 Menn,F55-59 55-59 år,2025,Personer,269
1820 Alstahaug,1 Menn,F60-64 60-64 år,2025,Personer,250
1820 Alstahaug,1 Menn,F65-69 65-69 år,2025,Personer,225
1820 Alstahaug,1 Menn,F70-74 70-74 år,2025,Personer,228
1820 Alstahaug,1 Menn,F75-79 75-79 år,2025,Personer,181
1820 Alstahaug,1 Menn,F80-84 80-84 år,2025,Personer,103
1820 Alstahaug,1 Menn,F85-89 85-89 år,2025,Personer,58
1820 Alstahaug,1 Menn,F90-94 90-94 år,2025,Personer,19
1820 Alstahaug,1 Menn,F95-99 95-99 år,2025,Personer,5
1820 Alstahaug,1 Menn,F100G5+ 100 år eller eldre,2025,Personer,0
1822 Leirfjord,2 Kvinner,F00-04 0-4 år,2025,Personer,69
1822 Leirfjord,2 Kvinner,F05-09 5-9 år,2025,Personer,82
1822 Leirfjord,2 Kvinner,F10-14 10-14 år,2025,Personer,81
1822 Leirfjord,2 Kvinner,F15-19 15-19 år,2025,Personer,57
1822 Leirfjord,2 Kvinner,F20-24 20-24 år,2025,Personer,48
1822 Leirfjord,2 Kvinner,F25-29 25-29 år,2025,Personer,47
1822 Leirfjord,2 Kvinner,F30-34 30-34 år,2025,Personer,66
1822 Leirfjord,2 Kvinner,F35-39 35-39 år,2025,Personer,98
1822 Leirfjord,2 Kvinner,F40-44 40-44 år,2025,Personer,64
1822 Leirfjord,2 Kvinner,F45-49 45-49 år,2025,Personer,69
1822 Leirfjord,2 Kvinner,F50-54 50-54 år,2025,Personer,57
1822 Leirfjord,2 Kvinner,F55-59 55-59 år,2025,Personer,76
1822 Leirfjord,2 Kvinner,F60-64 60-64 år,2025,Personer,88
1822 Leirfjord,2 Kvinner,F65-69 65-69 år,2025,Personer,69
1822 Leirfjord,2 Kvinner,F70-74 70-74 år,2025,Personer,66
1822 Leirfjord,2 Kvinner,F75-79 75-79 år,2025,Personer,48
1822 Leirfjord,2 Kvinner,F80-84 80-84 år,2025,Personer,24
1822 Leirfjord,2 Kvinner,F85-89 85-89 år,2025,Personer,18
1822 Leirfjord,2 Kvinner,F90-94 90-94 år,2025,Personer,15
1822 Leirfjord,2 Kvinner,F95-99 95-99 år,2025,Personer,4
1822 Leirfjord,2 Kvinner,F100G5+ 100 år eller eldre,2025,Personer,2
1822 Leirfjord,1 Menn,F00-04 0-4 år,2025,Personer,56
1822 Leirfjord,1 Menn,F05-09 5-9 år,2025,Personer,95
1822 Leirfjord,1 Menn,F10-14 10-14 år,2025,Personer,74
1822 Leirfjord,1 Menn,F15-19 15-19 år,2025,Personer,63
1822 Leirfjord,1 Menn,F20-24 20-24 år,2025,Personer,46
1822 Leirfjord,1 Menn,F25-29 25-29 år,2025,Personer,46
1822 Leirfjord,1 Menn,F30-34 30-34 år,2025,Personer,80
1822 Leirfjord,1 Menn,F35-39 35-39 år,2025,Personer,66
1822 Leirfjord,1 Menn,F40-44 40-44 år,2025,Personer,85
1822 Leirfjord,1 Menn,F45-49 45-49 år,2025,Personer,62
1822 Leirfjord,1 Menn,F50-54 50-54 år,2025,Personer,69
1822 Leirfjord,1 Menn,F55-59 55-59 år,2025,Personer,89
1822 Leirfjord,1 Menn,F60-64 60-64 år,2025,Personer,87
1822 Leirfjord,1 Menn,F65-69 65-69 år,2025,Personer,85
1822 Leirfjord,1 Menn,F70-74 70-74 år,2025,Personer,86
1822 Leirfjord,1 Menn,F75-79 75-79 år,2025,Personer,58
1822 Leirfjord,1 Menn,F80-84 80-84 år,2025,Personer,38
1822 Leirfjord,1 Menn,F85-89 85-89 år,2025,Personer,14
1822 Leirfjord,1 Menn,F90-94 90-94 år,2025,Personer,7
1822 Leirfjord,1 Menn,F95-99 95-99 år,2025,Personer,0
1822 Leirfjord,1 Menn,F100G5+ 100 år eller eldre,2025,Personer,0
1824 Vefsn,2 Kvinner,F00-04 0-4 år,2025,Personer,301
1824 Vefsn,2 Kvinner,F05-09 5-9 år,2025,Personer,303
1824 Vefsn,2 Kvinner,F10-14 10-14 år,2025,Personer,356
1824 Vefsn,2 Kvinner,F15-19 15-19 år,2025,Personer,344
1824 Vefsn,2 Kvinner,F20-24 20-24 år,2025,Personer,357
1824 Vefsn,2 Kvinner,F25-29 25-29 år,2025,Personer,411
1824 Vefsn,2 Kvinner,F30-34 30-34 år,2025,Personer,423
1824 Vefsn,2 Kvinner,F35-39 35-39 år,2025,Personer,417
1824 Vefsn,2 Kvinner,F40-44 40-44 år,2025,Personer,334
1824 Vefsn,2 Kvinner,F45-49 45-49 år,2025,Personer,372
1824 Vefsn,2 Kvinner,F50-54 50-54 år,2025,Personer,446
1824 Vefsn,2 Kvinner,F55-59 55-59 år,2025,Personer,470
1824 Vefsn,2 Kvinner,F60-64 60-64 år,2025,Personer,457
1824 Vefsn,2 Kvinner,F65-69 65-69 år,2025,Personer,387
1824 Vefsn,2 Kvinner,F70-74 70-74 år,2025,Personer,340
1824 Vefsn,2 Kvinner,F75-79 75-79 år,2025,Personer,351
1824 Vefsn,2 Kvinner,F80-84 80-84 år,2025,Personer,250
1824 Vefsn,2 Kvinner,F85-89 85-89 år,2025,Personer,154
1824 Vefsn,2 Kvinner,F90-94 90-94 år,2025,Personer,71
1824 Vefsn,2 Kvinner,F95-99 95-99 år,2025,Personer,25
1824 Vefsn,2 Kvinner,F100G5+ 100 år eller eldre,2025,Personer,2
1824 Vefsn,1 Menn,F00-04 0-4 år,2025,Personer,316
1824 Vefsn,1 Menn,F05-09 5-9 år,2025,Personer,366
1824 Vefsn,1 Menn,F10-14 10-14 år,2025,Personer,406
1824 Vefsn,1 Menn,F15-19 15-19 år,2025,Personer,390
1824 Vefsn,1 Menn,F20-24 20-24 år,2025,Personer,415
1824 Vefsn,1 Menn,F25-29 25-29 år,2025,Personer,419
1824 Vefsn,1 Menn,F30-34 30-34 år,2025,Personer,429
1824 Vefsn,1 Menn,F35-39 35-39 år,2025,Personer,471
1824 Vefsn,1 Menn,F40-44 40-44 år,2025,Personer,390
1824 Vefsn,1 Menn,F45-49 45-49 år,2025,Personer,350
1824 Vefsn,1 Menn,F50-54 50-54 år,2025,Personer,433
1824 Vefsn,1 Menn,F55-59 55-59 år,2025,Personer,534
1824 Vefsn,1 Menn,F60-64 60-64 år,2025,Personer,480
1824 Vefsn,1 Menn,F65-69 65-69 år,2025,Personer,407
1824 Vefsn,1 Menn,F70-74 70-74 år,2025,Personer,385
1824 Vefsn,1 Menn,F75-79 75-79 år,2025,Personer,330
1824 Vefsn,1 Menn,F80-84 80-84 år,2025,Personer,209
1824 Vefsn,1 Menn,F85-89 85-89 år,2025,Personer,120
1824 Vefsn,1 Menn,F90-94 90-94 år,2025,Personer,44
1824 Vefsn,1 Menn,F95-99 95-99 år,2025,Personer,10
1824 Vefsn,1 Menn,F100G5+ 100 år eller eldre,2025,Personer,0
1825 Grane,2 Kvinner,F00-04 0-4 år,2025,Personer,30
1825 Grane,2 Kvinner,F05-09 5-9 år,2025,Personer,24
1825 Grane,2 Kvinner,F10-14 10-14 år,2025,Personer,25
1825 Grane,2 Kvinner,F15-19 15-19 år,2025,Personer,39
1825 Grane,2 Kvinner,F20-24 20-24 år,2025,Personer,35
1825 Grane,2 Kvinner,F25-29 25-29 år,2025,Personer,34
1825 Grane,2 Kvinner,F30-34 30-34 år,2025,Personer,43
1825 Grane,2 Kvinner,F35-39 35-39 år,2025,Personer,35
1825 Grane,2 Kvinner,F40-44 40-44 år,2025,Personer,33
1825 Grane,2 Kvinner,F45-49 45-49 år,2025,Personer,33
1825 Grane,2 Kvinner,F50-54 50-54 år,2025,Personer,52
1825 Grane,2 Kvinner,F55-59 55-59 år,2025,Personer,54
1825 Grane,2 Kvinner,F60-64 60-64 år,2025,Personer,51
1825 Grane,2 Kvinner,F65-69 65-69 år,2025,Personer,46
1825 Grane,2 Kvinner,F70-74 70-74 år,2025,Personer,40
1825 Grane,2 Kvinner,F75-79 75-79 år,2025,Personer,35
1825 Grane,2 Kvinner,F80-84 80-84 år,2025,Personer,38
1825 Grane,2 Kvinner,F85-89 85-89 år,2025,Personer,22
1825 Grane,2 Kvinner,F90-94 90-94 år,2025,Personer,5
1825 Grane,2 Kvinner,F95-99 95-99 år,2025,Personer,3
1825 Grane,2 Kvinner,F100G5+ 100 år eller eldre,2025,Personer,1
1825 Grane,1 Menn,F00-04 0-4 år,2025,Personer,31
1825 Grane,1 Menn,F05-09 5-9 år,2025,Personer,28
1825 Grane,1 Menn,F10-14 10-14 år,2025,Personer,45
1825 Grane,1 Menn,F15-19 15-19 år,2025,Personer,39
1825 Grane,1 Menn,F20-24 20-24 år,2025,Personer,44
1825 Grane,1 Menn,F25-29 25-29 år,2025,Personer,42
1825 Grane,1 Menn,F30-34 30-34 år,2025,Personer,36
1825 Grane,1 Menn,F35-39 35-39 år,2025,Personer,45
1825 Grane,1 Menn,F40-44 40-44 år,2025,Personer,33
1825 Grane,1 Menn,F45-49 45-49 år,2025,Personer,42
1825 Grane,1 Menn,F50-54 50-54 år,2025,Personer,36
1825 Grane,1 Menn,F55-59 55-59 år,2025,Personer,66
1825 Grane,1 Menn,F60-64 60-64 år,2025,Personer,60
1825 Grane,1 Menn,F65-69 65-69 år,2025,Personer,51
1825 Grane,1 Menn,F70-74 70-74 år,2025,Personer,43
1825 Grane,1 Menn,F75-79 75-79 år,2025,Personer,47
1825 Grane,1 Menn,F80-84 80-84 år,2025,Personer,28
1825 Grane,1 Menn,F85-89 85-89 år,2025,Personer,28
1825 Grane,1 Menn,F90-94 90-94 år,2025,Personer,8
1825 Grane,1 Menn,F95-99 95-99 år,2025,Personer,0
1825 Grane,1 Menn,F100G5+ 100 år eller eldre,2025,Personer,0
1826 Aarborte - Hattfjelldal,2 Kvinner,F00-04 0-4 år,2025,Personer,35
1826 Aarborte - Hattfjelldal,2 Kvinner,F05-09 5-9 år,2025,Personer,20
1826 Aarborte - Hattfjelldal,2 Kvinner,F10-14 10-14 år,2025,Personer,26
1826 Aarborte - Hattfjelldal,2 Kvinner,F15-19 15-19 år,2025,Personer,32
1826 Aarborte - Hattfjelldal,2 Kvinner,F20-24 20-24 år,2025,Personer,34
1826 Aarborte - Hattfjelldal,2 Kvinner,F25-29 25-29 år,2025,Personer,23
1826 Aarborte - Hattfjelldal,2 Kvinner,F30-34 30-34 år,2025,Personer,28
1826 Aarborte - Hattfjelldal,2 Kvinner,F35-39 35-39 år,2025,Personer,36
1826 Aarborte - Hattfjelldal,2 Kvinner,F40-44 40-44 år,2025,Personer,28
1826 Aarborte - Hattfjelldal,2 Kvinner,F45-49 45-49 år,2025,Personer,30
1826 Aarborte - Hattfjelldal,2 Kvinner,F50-54 50-54 år,2025,Personer,48
1826 Aarborte - Hattfjelldal,2 Kvinner,F55-59 55-59 år,2025,Personer,44
1826 Aarborte - Hattfjelldal,2 Kvinner,F60-64 60-64 år,2025,Personer,44
1826 Aarborte - Hattfjelldal,2 Kvinner,F65-69 65-69 år,2025,Personer,37
1826 Aarborte - Hattfjelldal,2 Kvinner,F70-74 70-74 år,2025,Personer,30
1826 Aarborte - Hattfjelldal,2 Kvinner,F75-79 75-79 år,2025,Personer,55
1826 Aarborte - Hattfjelldal,2 Kvinner,F80-84 80-84 år,2025,Personer,31
1826 Aarborte - Hattfjelldal,2 Kvinner,F85-89 85-89 år,2025,Personer,22
1826 Aarborte - Hattfjelldal,2 Kvinner,F90-94 90-94 år,2025,Personer,6
1826 Aarborte - Hattfjelldal,2 Kvinner,F95-99 95-99 år,2025,Personer,1
1826 Aarborte - Hattfjelldal,2 Kvinner,F100G5+ 100 år eller eldre,2025,Personer,2
1826 Aarborte - Hattfjelldal,1 Menn,F00-04 0-4 år,2025,Personer,21
1826 Aarborte - Hattfjelldal,1 Menn,F05-09 5-9 år,2025,Personer,24
1826 Aarborte - Hattfjelldal,1 Menn,F10-14 10-14 år,2025,Personer,34
1826 Aarborte - Hattfjelldal,1 Menn,F15-19 15-19 år,2025,Personer,52
1826 Aarborte - Hattfjelldal,1 Menn,F20-24 20-24 år,2025,Personer,27
1826 Aarborte - Hattfjelldal,1 Menn,F25-29 25-29 år,2025,Personer,45
1826 Aarborte - Hattfjelldal,1 Menn,F30-34 30-34 år,2025,Personer,29
1826 Aarborte - Hattfjelldal,1 Menn,F35-39 35-39 år,2025,Personer,31
1826 Aarborte - Hattfjelldal,1 Menn,F40-44 40-44 år,2025,Personer,26
1826 Aarborte - Hattfjelldal,1 Menn,F45-49 45-49 år,2025,Personer,33
1826 Aarborte - Hattfjelldal,1 Menn,F50-54 50-54 år,2025,Personer,50
1826 Aarborte - Hattfjelldal,1 Menn,F55-59 55-59 år,2025,Personer,56
1826 Aarborte - Hattfjelldal,1 Menn,F60-64 60-64 år,2025,Personer,48
1826 Aarborte - Hattfjelldal,1 Menn,F65-69 65-69 år,2025,Personer,48
1826 Aarborte - Hattfjelldal,1 Menn,F70-74 70-74 år,2025,Personer,43
1826 Aarborte - Hattfjelldal,1 Menn,F75-79 75-79 år,2025,Personer,46
1826 Aarborte - Hattfjelldal,1 Menn,F80-84 80-84 år,2025,Personer,31
1826 Aarborte - Hattfjelldal,1 Menn,F85-89 85-89 år,2025,Personer,11
1826 Aarborte - Hattfjelldal,1 Menn,F90-94 90-94 år,2025,Personer,6
1826 Aarborte - Hattfjelldal,1 Menn,F95-99 95-99 år,2025,Personer,1
1826 Aarborte - Hattfjelldal,1 Menn,F100G5+ 100 år eller eldre,2025,Personer,0
1827 Dønna,2 Kvinner,F00-04 0-4 år,2025,Personer,29
1827 Dønna,2 Kvinner,F05-09 5-9 år,2025,Personer,29
1827 Dønna,2 Kvinner,F10-14 10-14 år,2025,Personer,35
1827 Dønna,2 Kvinner,F15-19 15-19 år,2025,Personer,52
1827 Dønna,2 Kvinner,F20-24 20-24 år,2025,Personer,34
1827 Dønna,2 Kvinner,F25-29 25-29 år,2025,Personer,39
1827 Dønna,2 Kvinner,F30-34 30-34 år,2025,Personer,32
1827 Dønna,2 Kvinner,F35-39 35-39 år,2025,Personer,37
1827 Dønna,2 Kvinner,F40-44 40-44 år,2025,Personer,31
1827 Dønna,2 Kvinner,F45-49 45-49 år,2025,Personer,35
1827 Dønna,2 Kvinner,F50-54 50-54 år,2025,Personer,54
1827 Dønna,2 Kvinner,F55-59 55-59 år,2025,Personer,49
1827 Dønna,2 Kvinner,F60-64 60-64 år,2025,Personer,66
1827 Dønna,2 Kvinner,F65-69 65-69 år,2025,Personer,59
1827 Dønna,2 Kvinner,F70-74 70-74 år,2025,Personer,42
1827 Dønna,2 Kvinner,F75-79 75-79 år,2025,Personer,44
1827 Dønna,2 Kvinner,F80-84 80-84 år,2025,Personer,27
1827 Dønna,2 Kvinner,F85-89 85-89 år,2025,Personer,12
1827 Dønna,2 Kvinner,F90-94 90-94 år,2025,Personer,5
1827 Dønna,2 Kvinner,F95-99 95-99 år,2025,Personer,0
1827 Dønna,2 Kvinner,F100G5+ 100 år eller eldre,2025,Personer,0
1827 Dønna,1 Menn,F00-04 0-4 år,2025,Personer,17
1827 Dønna,1 Menn,F05-09 5-9 år,2025,Personer,38
1827 Dønna,1 Menn,F10-14 10-14 år,2025,Personer,36
1827 Dønna,1 Menn,F15-19 15-19 år,2025,Personer,45
1827 Dønna,1 Menn,F20-24 20-24 år,2025,Personer,49
1827 Dønna,1 Menn,F25-29 25-29 år,2025,Personer,34
1827 Dønna,1 Menn,F30-34 30-34 år,2025,Personer,38
1827 Dønna,1 Menn,F35-39 35-39 år,2025,Personer,32
1827 Dønna,1 Menn,F40-44 40-44 år,2025,Personer,45
1827 Dønna,1 Menn,F45-49 45-49 år,2025,Personer,40
1827 Dønna,1 Menn,F50-54 50-54 år,2025,Personer,48
1827 Dønna,1 Menn,F55-59 55-59 år,2025,Personer,57
1827 Dønna,1 Menn,F60-64 60-64 år,2025,Personer,49
1827 Dønna,1 Menn,F65-69 65-69 år,2025,Personer,62
1827 Dønna,1 Menn,F70-74 70-74 år,2025,Personer,50
1827 Dønna,1 Menn,F75-79 75-79 år,2025,Personer,54
1827 Dønna,1 Menn,F80-84 80-84 år,2025,Personer,25
1827 Dønna,1 Menn,F85-89 85-89 år,2025,Personer,13
1827 Dønna,1 Menn,F90-94 90-94 år,2025,Personer,4
1827 Dønna,1 Menn,F95-99 95-99 år,2025,Personer,0
1827 Dønna,1 Menn,F100G5+ 100 år eller eldre,2025,Personer,0
1828 Nesna,2 Kvinner,F00-04 0-4 år,2025,Personer,27
1828 Nesna,2 Kvinner,F05-09 5-9 år,2025,Personer,40
1828 Nesna,2 Kvinner,F10-14 10-14 år,2025,Personer,53
1828 Nesna,2 Kvinner,F15-19 15-19 år,2025,Personer,47
1828 Nesna,2 Kvinner,F20-24 20-24 år,2025,Personer,45
1828 Nesna,2 Kvinner,F25-29 25-29 år,2025,Personer,34
1828 Nesna,2 Kvinner,F30-34 30-34 år,2025,Personer,51
1828 Nesna,2 Kvinner,F35-39 35-39 år,2025,Personer,53
1828 Nesna,2 Kvinner,F40-44 40-44 år,2025,Personer,62
1828 Nesna,2 Kvinner,F45-49 45-49 år,2025,Personer,61
1828 Nesna,2 Kvinner,F50-54 50-54 år,2025,Personer,52
1828 Nesna,2 Kvinner,F55-59 55-59 år,2025,Personer,58
1828 Nesna,2 Kvinner,F60-64 60-64 år,2025,Personer,66
1828 Nesna,2 Kvinner,F65-69 65-69 år,2025,Personer,46
1828 Nesna,2 Kvinner,F70-74 70-74 år,2025,Personer,47
1828 Nesna,2 Kvinner,F75-79 75-79 år,2025,Personer,42
1828 Nesna,2 Kvinner,F80-84 80-84 år,2025,Personer,30
1828 Nesna,2 Kvinner,F85-89 85-89 år,2025,Personer,17
1828 Nesna,2 Kvinner,F90-94 90-94 år,2025,Personer,11
1828 Nesna,2 Kvinner,F95-99 95-99 år,2025,Personer,1
1828 Nesna,2 Kvinner,F100G5+ 100 år eller eldre,2025,Personer,0
1828 Nesna,1 Menn,F00-04 0-4 år,2025,Personer,41
1828 Nesna,1 Menn,F05-09 5-9 år,2025,Personer,46
1828 Nesna,1 Menn,F10-14 10-14 år,2025,Personer,58
1828 Nesna,1 Menn,F15-19 15-19 år,2025,Personer,68
1828 Nesna,1 Menn,F20-24 20-24 år,2025,Personer,50
1828 Nesna,1 Menn,F25-29 25-29 år,2025,Personer,34
1828 Nesna,1 Menn,F30-34 30-34 år,2025,Personer,52
1828 Nesna,1 Menn,F35-39 35-39 år,2025,Personer,52
1828 Nesna,1 Menn,F40-44 40-44 år,2025,Personer,54
1828 Nesna,1 Menn,F45-49 45-49 år,2025,Personer,70
1828 Nesna,1 Menn,F50-54 50-54 år,2025,Personer,60
1828 Nesna,1 Menn,F55-59 55-59 år,2025,Personer,66
1828 Nesna,1 Menn,F60-64 60-64 år,2025,Personer,67
1828 Nesna,1 Menn,F65-69 65-69 år,2025,Personer,72
1828 Nesna,1 Menn,F70-74 70-74 år,2025,Personer,43
1828 Nesna,1 Menn,F75-79 75-79 år,2025,Personer,47
1828 Nesna,1 Menn,F80-84 80-84 år,2025,Personer,31
1828 Nesna,1 Menn,F85-89 85-89 år,2025,Personer,11
1828 Nesna,1 Menn,F90-94 90-94 år,2025,Personer,4
1828 Nesna,1 Menn,F95-99 95-99 år,2025,Personer,1
1828 Nesna,1 Menn,F100G5+ 100 år eller eldre,2025,Personer,0
1832 Hemnes,2 Kvinner,F00-04 0-4 år,2025,Personer,101
1832 Hemnes,2 Kvinner,F05-09 5-9 år,2025,Personer,111
1832 Hemnes,2 Kvinner,F10-14 10-14 år,2025,Personer,116
1832 Hemnes,2 Kvinner,F15-19 15-19 år,2025,Personer,123
1832 Hemnes,2 Kvinner,F20-24 20-24 år,2025,Personer,90
1832 Hemnes,2 Kvinner,F25-29 25-29 år,2025,Personer,118
1832 Hemnes,2 Kvinner,F30-34 30-34 år,2025,Personer,137
1832 Hemnes,2 Kvinner,F35-39 35-39 år,2025,Personer,121
1832 Hemnes,2 Kvinner,F40-44 40-44 år,2025,Personer,113
1832 Hemnes,2 Kvinner,F45-49 45-49 år,2025,Personer,123
1832 Hemnes,2 Kvinner,F50-54 50-54 år,2025,Personer,136
1832 Hemnes,2 Kvinner,F55-59 55-59 år,2025,Personer,154
1832 Hemnes,2 Kvinner,F60-64 60-64 år,2025,Personer,141
1832 Hemnes,2 Kvinner,F65-69 65-69 år,2025,Personer,152
1832 Hemnes,2 Kvinner,F70-74 70-74 år,2025,Personer,127
1832 Hemnes,2 Kvinner,F75-79 75-79 år,2025,Personer,128
1832 Hemnes,2 Kvinner,F80-84 80-84 år,2025,Personer,95
1832 Hemnes,2 Kvinner,F85-89 85-89 år,2025,Personer,58
1832 Hemnes,2 Kvinner,F90-94 90-94 år,2025,Personer,34
1832 Hemnes,2 Kvinner,F95-99 95-99 år,2025,Personer,13
1832 Hemnes,2 Kvinner,F100G5+ 100 år eller eldre,2025,Personer,1
1832 Hemnes,1 Menn,F00-04 0-4 år,2025,Personer,90
1832 Hemnes,1 Menn,F05-09 5-9 år,2025,Personer,126
1832 Hemnes,1 Menn,F10-14 10-14 år,2025,Personer,122
1832 Hemnes,1 Menn,F15-19 15-19 år,2025,Personer,138
1832 Hemnes,1 Menn,F20-24 20-24 år,2025,Personer,122
1832 Hemnes,1 Menn,F25-29 25-29 år,2025,Personer,132
1832 Hemnes,1 Menn,F30-34 30-34 år,2025,Personer,150
1832 Hemnes,1 Menn,F35-39 35-39 år,2025,Personer,144
1832 Hemnes,1 Menn,F40-44 40-44 år,2025,Personer,116
1832 Hemnes,1 Menn,F45-49 45-49 år,2025,Personer,131
1832 Hemnes,1 Menn,F50-54 50-54 år,2025,Personer,144
1832 Hemnes,1 Menn,F55-59 55-59 år,2025,Personer,171
1832 Hemnes,1 Menn,F60-64 60-64 år,2025,Personer,164
1832 Hemnes,1 Menn,F65-69 65-69 år,2025,Personer,131
1832 Hemnes,1 Menn,F70-74 70-74 år,2025,Personer,136
1832 Hemnes,1 Menn,F75-79 75-79 år,2025,Personer,130
1832 Hemnes,1 Menn,F80-84 80-84 år,2025,Personer,77
1832 Hemnes,1 Menn,F85-89 85-89 år,2025,Personer,44
1832 Hemnes,1 Menn,F90-94 90-94 år,2025,Personer,22
1832 Hemnes,1 Menn,F95-99 95-99 år,2025,Personer,3
1832 Hemnes,1 Menn,F100G5+ 100 år eller eldre,2025,Personer,0
1833 Rana - Raane,2 Kvinner,F00-04 0-4 år,2025,Personer,578
1833 Rana - Raane,2 Kvinner,F05-09 5-9 år,2025,Personer,610
1833 Rana - Raane,2 Kvinner,F10-14 10-14 år,2025,Personer,672
1833 Rana - Raane,2 Kvinner,F15-19 15-19 år,2025,Personer,759
1833 Rana - Raane,2 Kvinner,F20-24 20-24 år,2025,Personer,646
1833 Rana - Raane,2 Kvinner,F25-29 25-29 år,2025,Personer,748
1833 Rana - Raane,2 Kvinner,F30-34 30-34 år,2025,Personer,858
1833 Rana - Raane,2 Kvinner,F35-39 35-39 år,2025,Personer,769
1833 Rana - Raane,2 Kvinner,F40-44 40-44 år,2025,Personer,722
1833 Rana - Raane,2 Kvinner,F45-49 45-49 år,2025,Personer,686
1833 Rana - Raane,2 Kvinner,F50-54 50-54 år,2025,Personer,886
1833 Rana - Raane,2 Kvinner,F55-59 55-59 år,2025,Personer,930
1833 Rana - Raane,2 Kvinner,F60-64 60-64 år,2025,Personer,856
1833 Rana - Raane,2 Kvinner,F65-69 65-69 år,2025,Personer,795
1833 Rana - Raane,2 Kvinner,F70-74 70-74 år,2025,Personer,650
1833 Rana - Raane,2 Kvinner,F75-79 75-79 år,2025,Personer,635
1833 Rana - Raane,2 Kvinner,F80-84 80-84 år,2025,Personer,427
1833 Rana - Raane,2 Kvinner,F85-89 85-89 år,2025,Personer,292
1833 Rana - Raane,2 Kvinner,F90-94 90-94 år,2025,Personer,135
1833 Rana - Raane,2 Kvinner,F95-99 95-99 år,2025,Personer,51
1833 Rana - Raane,2 Kvinner,F100G5+ 100 år eller eldre,2025,Personer,6
1833 Rana - Raane,1 Menn,F00-04 0-4 år,2025,Personer,610
1833 Rana - Raane,1 Menn,F05-09 5-9 år,2025,Personer,627
1833 Rana - Raane,1 Menn,F10-14 10-14 år,2025,Personer,781
1833 Rana - Raane,1 Menn,F15-19 15-19 år,2025,Personer,809
1833 Rana - Raane,1 Menn,F20-24 20-24 år,2025,Personer,771
1833 Rana - Raane,1 Menn,F25-29 25-29 år,2025,Personer,895
1833 Rana - Raane,1 Menn,F30-34 30-34 år,2025,Personer,927
1833 Rana - Raane,1 Menn,F35-39 35-39 år,2025,Personer,860
1833 Rana - Raane,1 Menn,F40-44 40-44 år,2025,Personer,769
1833 Rana - Raane,1 Menn,F45-49 45-49 år,2025,Personer,744
1833 Rana - Raane,1 Menn,F50-54 50-54 år,2025,Personer,808
1833 Rana - Raane,1 Menn,F55-59 55-59 år,2025,Personer,979
1833 Rana - Raane,1 Menn,F60-64 60-64 år,2025,Personer,909
1833 Rana - Raane,1 Menn,F65-69 65-69 år,2025,Personer,755
1833 Rana - Raane,1 Menn,F70-74 70-74 år,2025,Personer,703
1833 Rana - Raane,1 Menn,F75-79 75-79 år,2025,Personer,612
1833 Rana - Raane,1 Menn,F80-84 80-84 år,2025,Personer,390
1833 Rana - Raane,1 Menn,F85-89 85-89 år,2025,Personer,184
1833 Rana - Raane,1 Menn,F90-94 90-94 år,2025,Personer,70
1833 Rana - Raane,1 Menn,F95-99 95-99 år,2025,Personer,12
1833 Rana - Raane,1 Menn,F100G5+ 100 år eller eldre,2025,Personer,1
1834 Lurøy,2 Kvinner,F00-04 0-4 år,2025,Personer,35
1834 Lurøy,2 Kvinner,F05-09 5-9 år,2025,Personer,46
1834 Lurøy,2 Kvinner,F10-14 10-14 år,2025,Personer,59
1834 Lurøy,2 Kvinner,F15-19 15-19 år,2025,Personer,43
1834 Lurøy,2 Kvinner,F20-24 20-24 år,2025,Personer,40
1834 Lurøy,2 Kvinner,F25-29 25-29 år,2025,Personer,45
1834 Lurøy,2 Kvinner,F30-34 30-34 år,2025,Personer,62
1834 Lurøy,2 Kvinner,F35-39 35-39 år,2025,Personer,51
1834 Lurøy,2 Kvinner,F40-44 40-44 år,2025,Personer,56
1834 Lurøy,2 Kvinner,F45-49 45-49 år,2025,Personer,49
1834 Lurøy,2 Kvinner,F50-54 50-54 år,2025,Personer,66
1834 Lurøy,2 Kvinner,F55-59 55-59 år,2025,Personer,77
1834 Lurøy,2 Kvinner,F60-64 60-64 år,2025,Personer,59
1834 Lurøy,2 Kvinner,F65-69 65-69 år,2025,Personer,54
1834 Lurøy,2 Kvinner,F70-74 70-74 år,2025,Personer,63
1834 Lurøy,2 Kvinner,F75-79 75-79 år,2025,Personer,50
1834 Lurøy,2 Kvinner,F80-84 80-84 år,2025,Personer,32
1834 Lurøy,2 Kvinner,F85-89 85-89 år,2025,Personer,28
1834 Lurøy,2 Kvinner,F90-94 90-94 år,2025,Personer,19
1834 Lurøy,2 Kvinner,F95-99 95-99 år,2025,Personer,6
1834 Lurøy,2 Kvinner,F100G5+ 100 år eller eldre,2025,Personer,0
1834 Lurøy,1 Menn,F00-04 0-4 år,2025,Personer,31
1834 Lurøy,1 Menn,F05-09 5-9 år,2025,Personer,46
1834 Lurøy,1 Menn,F10-14 10-14 år,2025,Personer,57
1834 Lurøy,1 Menn,F15-19 15-19 år,2025,Personer,57
1834 Lurøy,1 Menn,F20-24 20-24 år,2025,Personer,51
1834 Lurøy,1 Menn,F25-29 25-29 år,2025,Personer,56
1834 Lurøy,1 Menn,F30-34 30-34 år,2025,Personer,70
1834 Lurøy,1 Menn,F35-39 35-39 år,2025,Personer,71
1834 Lurøy,1 Menn,F40-44 40-44 år,2025,Personer,65
1834 Lurøy,1 Menn,F45-49 45-49 år,2025,Personer,55
1834 Lurøy,1 Menn,F50-54 50-54 år,2025,Personer,58
1834 Lurøy,1 Menn,F55-59 55-59 år,2025,Personer,67
1834 Lurøy,1 Menn,F60-64 60-64 år,2025,Personer,72
1834 Lurøy,1 Menn,F65-69 65-69 år,2025,Personer,63
1834 Lurøy,1 Menn,F70-74 70-74 år,2025,Personer,63
1834 Lurøy,1 Menn,F75-79 75-79 år,2025,Personer,51
1834 Lurøy,1 Menn,F80-84 80-84 år,2025,Personer,44
1834 Lurøy,1 Menn,F85-89 85-89 år,2025,Personer,22
1834 Lurøy,1 Menn,F90-94 90-94 år,2025,Personer,9
1834 Lurøy,1 Menn,F95-99 95-99 år,2025,Personer,0
1834 Lurøy,1 Menn,F100G5+ 100 år eller eldre,2025,Personer,0
1835 Træna,2 Kvinner,F00-04 0-4 år,2025,Personer,8
1835 Træna,2 Kvinner,F05-09 5-9 år,2025,Personer,9
1835 Træna,2 Kvinner,F10-14 10-14 år,2025,Personer,5
1835 Træna,2 Kvinner,F15-19 15-19 år,2025,Personer,10
1835 Træna,2 Kvinner,F20-24 20-24 år,2025,Personer,17
1835 Træna,2 Kvinner,F25-29 25-29 år,2025,Personer,17
1835 Træna,2 Kvinner,F30-34 30-34 år,2025,Personer,15
1835 Træna,2 Kvinner,F35-39 35-39 år,2025,Personer,16
1835 Træna,2 Kvinner,F40-44 40-44 år,2025,Personer,8
1835 Træna,2 Kvinner,F45-49 45-49 år,2025,Personer,20
1835 Træna,2 Kvinner,F50-54 50-54 år,2025,Personer,22
1835 Træna,2 Kvinner,F55-59 55-59 år,2025,Personer,22
1835 Træna,2 Kvinner,F60-64 60-64 år,2025,Personer,9
1835 Træna,2 Kvinner,F65-69 65-69 år,2025,Personer,18
1835 Træna,2 Kvinner,F70-74 70-74 år,2025,Personer,9
1835 Træna,2 Kvinner,F75-79 75-79 år,2025,Personer,10
1835 Træna,2 Kvinner,F80-84 80-84 år,2025,Personer,3
1835 Træna,2 Kvinner,F85-89 85-89 år,2025,Personer,2
1835 Træna,2 Kvinner,F90-94 90-94 år,2025,Personer,1
1835 Træna,2 Kvinner,F95-99 95-99 år,2025,Personer,0
1835 Træna,2 Kvinner,F100G5+ 100 år eller eldre,2025,Personer,0
1835 Træna,1 Menn,F00-04 0-4 år,2025,Personer,16
1835 Træna,1 Menn,F05-09 5-9 år,2025,Personer,9
1835 Træna,1 Menn,F10-14 10-14 år,2025,Personer,9
1835 Træna,1 Menn,F15-19 15-19 år,2025,Personer,14
1835 Træna,1 Menn,F20-24 20-24 år,2025,Personer,16
1835 Træna,1 Menn,F25-29 25-29 år,2025,Personer,17
1835 Træna,1 Menn,F30-34 30-34 år,2025,Personer,17
1835 Træna,1 Menn,F35-39 35-39 år,2025,Personer,14
1835 Træna,1 Menn,F40-44 40-44 år,2025,Personer,19
1835 Træna,1 Menn,F45-49 45-49 år,2025,Personer,19
1835 Træna,1 Menn,F50-54 50-54 år,2025,Personer,11
1835 Træna,1 Menn,F55-59 55-59 år,2025,Personer,17
1835 Træna,1 Menn,F60-64 60-64 år,2025,Personer,16
1835 Træna,1 Menn,F65-69 65-69 år,2025,Personer,17
1835 Træna,1 Menn,F70-74 70-74 år,2025,Personer,11
1835 Træna,1 Menn,F75-79 75-79 år,2025,Personer,7
1835 Træna,1 Menn,F80-84 80-84 år,2025,Personer,10
1835 Træna,1 Menn,F85-89 85-89 år,2025,Personer,2
1835 Træna,1 Menn,F90-94 90-94 år,2025,Personer,1
1835 Træna,1 Menn,F95-99 95-99 år,2025,Personer,0
1835 Træna,1 Menn,F100G5+ 100 år eller eldre,2025,Personer,0
1836 Rødøy,2 Kvinner,F00-04 0-4 år,2025,Personer,19
1836 Rødøy,2 Kvinner,F05-09 5-9 år,2025,Personer,36
1836 Rødøy,2 Kvinner,F10-14 10-14 år,2025,Personer,42
1836 Rødøy,2 Kvinner,F15-19 15-19 år,2025,Personer,32
1836 Rødøy,2 Kvinner,F20-24 20-24 år,2025,Personer,37
1836 Rødøy,2 Kvinner,F25-29 25-29 år,2025,Personer,25
1836 Rødøy,2 Kvinner,F30-34 30-34 år,2025,Personer,41
1836 Rødøy,2 Kvinner,F35-39 35-39 år,2025,Personer,26
1836 Rødøy,2 Kvinner,F40-44 40-44 år,2025,Personer,28
1836 Rødøy,2 Kvinner,F45-49 45-49 år,2025,Personer,32
1836 Rødøy,2 Kvinner,F50-54 50-54 år,2025,Personer,43
1836 Rødøy,2 Kvinner,F55-59 55-59 år,2025,Personer,34
1836 Rødøy,2 Kvinner,F60-64 60-64 år,2025,Personer,31
1836 Rødøy,2 Kvinner,F65-69 65-69 år,2025,Personer,37
1836 Rødøy,2 Kvinner,F70-74 70-74 år,2025,Personer,36
1836 Rødøy,2 Kvinner,F75-79 75-79 år,2025,Personer,30
1836 Rødøy,2 Kvinner,F80-84 80-84 år,2025,Personer,25
1836 Rødøy,2 Kvinner,F85-89 85-89 år,2025,Personer,12
1836 Rødøy,2 Kvinner,F90-94 90-94 år,2025,Personer,5
1836 Rødøy,2 Kvinner,F95-99 95-99 år,2025,Personer,2
1836 Rødøy,2 Kvinner,F100G5+ 100 år eller eldre,2025,Personer,0
1836 Rødøy,1 Menn,F00-04 0-4 år,2025,Personer,23
1836 Rødøy,1 Menn,F05-09 5-9 år,2025,Personer,21
1836 Rødøy,1 Menn,F10-14 10-14 år,2025,Personer,42
1836 Rødøy,1 Menn,F15-19 15-19 år,2025,Personer,31
1836 Rødøy,1 Menn,F20-24 20-24 år,2025,Personer,31
1836 Rødøy,1 Menn,F25-29 25-29 år,2025,Personer,31
1836 Rødøy,1 Menn,F30-34 30-34 år,2025,Personer,29
1836 Rødøy,1 Menn,F35-39 35-39 år,2025,Personer,26
1836 Rødøy,1 Menn,F40-44 40-44 år,2025,Personer,34
1836 Rødøy,1 Menn,F45-49 45-49 år,2025,Personer,23
1836 Rødøy,1 Menn,F50-54 50-54 år,2025,Personer,54
1836 Rødøy,1 Menn,F55-59 55-59 år,2025,Personer,40
1836 Rødøy,1 Menn,F60-64 60-64 år,2025,Personer,45
1836 Rødøy,1 Menn,F65-69 65-69 år,2025,Personer,49
1836 Rødøy,1 Menn,F70-74 70-74 år,2025,Personer,31
1836 Rødøy,1 Menn,F75-79 75-79 år,2025,Personer,44
1836 Rødøy,1 Menn,F80-84 80-84 år,2025,Personer,18
1836 Rødøy,1 Menn,F85-89 85-89 år,2025,Personer,10
1836 Rødøy,1 Menn,F90-94 90-94 år,2025,Personer,5
1836 Rødøy,1 Menn,F95-99 95-99 år,2025,Personer,0
1836 Rødøy,1 Menn,F100G5+ 100 år eller eldre,2025,Personer,0
1837 Meløy,2 Kvinner,F00-04 0-4 år,2025,Personer,103
1837 Meløy,2 Kvinner,F05-09 5-9 år,2025,Personer,162
1837 Meløy,2 Kvinner,F10-14 10-14 år,2025,Personer,218
1837 Meløy,2 Kvinner,F15-19 15-19 år,2025,Personer,159
1837 Meløy,2 Kvinner,F20-24 20-24 år,2025,Personer,123
1837 Meløy,2 Kvinner,F25-29 25-29 år,2025,Personer,158
1837 Meløy,2 Kvinner,F30-34 30-34 år,2025,Personer,175
1837 Meløy,2 Kvinner,F35-39 35-39 år,2025,Personer,189
1837 Meløy,2 Kvinner,F40-44 40-44 år,2025,Personer,142
1837 Meløy,2 Kvinner,F45-49 45-49 år,2025,Personer,146
1837 Meløy,2 Kvinner,F50-54 50-54 år,2025,Personer,221
1837 Meløy,2 Kvinner,F55-59 55-59 år,2025,Personer,228
1837 Meløy,2 Kvinner,F60-64 60-64 år,2025,Personer,220
1837 Meløy,2 Kvinner,F65-69 65-69 år,2025,Personer,175
1837 Meløy,2 Kvinner,F70-74 70-74 år,2025,Personer,179
1837 Meløy,2 Kvinner,F75-79 75-79 år,2025,Personer,155
1837 Meløy,2 Kvinner,F80-84 80-84 år,2025,Personer,112
1837 Meløy,2 Kvinner,F85-89 85-89 år,2025,Personer,60
1837 Meløy,2 Kvinner,F90-94 90-94 år,2025,Personer,34
1837 Meløy,2 Kvinner,F95-99 95-99 år,2025,Personer,15
1837 Meløy,2 Kvinner,F100G5+ 100 år eller eldre,2025,Personer,1
1837 Meløy,1 Menn,F00-04 0-4 år,2025,Personer,141
1837 Meløy,1 Menn,F05-09 5-9 år,2025,Personer,157
1837 Meløy,1 Menn,F10-14 10-14 år,2025,Personer,186
1837 Meløy,1 Menn,F15-19 15-19 år,2025,Personer,189
1837 Meløy,1 Menn,F20-24 20-24 år,2025,Personer,175
1837 Meløy,1 Menn,F25-29 25-29 år,2025,Personer,179
1837 Meløy,1 Menn,F30-34 30-34 år,2025,Personer,178
1837 Meløy,1 Menn,F35-39 35-39 år,2025,Personer,193
1837 Meløy,1 Menn,F40-44 40-44 år,2025,Personer,178
1837 Meløy,1 Menn,F45-49 45-49 år,2025,Personer,166
1837 Meløy,1 Menn,F50-54 50-54 år,2025,Personer,183
1837 Meløy,1 Menn,F55-59 55-59 år,2025,Personer,247
1837 Meløy,1 Menn,F60-64 60-64 år,2025,Personer,204
1837 Meløy,1 Menn,F65-69 65-69 år,2025,Personer,210
1837 Meløy,1 Menn,F70-74 70-74 år,2025,Personer,205
1837 Meløy,1 Menn,F75-79 75-79 år,2025,Personer,155
1837 Meløy,1 Menn,F80-84 80-84 år,2025,Personer,95
1837 Meløy,1 Menn,F85-89 85-89 år,2025,Personer,59
1837 Meløy,1 Menn,F90-94 90-94 år,2025,Personer,24
1837 Meløy,1 Menn,F95-99 95-99 år,2025,Personer,4
1837 Meløy,1 Menn,F100G5+ 100 år eller eldre,2025,Personer,1
1838 Gildeskål,2 Kvinner,F00-04 0-4 år,2025,Personer,33
1838 Gildeskål,2 Kvinner,F05-09 5-9 år,2025,Personer,43
1838 Gildeskål,2 Kvinner,F10-14 10-14 år,2025,Personer,51
1838 Gildeskål,2 Kvinner,F15-19 15-19 år,2025,Personer,54
1838 Gildeskål,2 Kvinner,F20-24 20-24 år,2025,Personer,49
1838 Gildeskål,2 Kvinner,F25-29 25-29 år,2025,Personer,52
1838 Gildeskål,2 Kvinner,F30-34 30-34 år,2025,Personer,45
1838 Gildeskål,2 Kvinner,F35-39 35-39 år,2025,Personer,52
1838 Gildeskål,2 Kvinner,F40-44 40-44 år,2025,Personer,58
1838 Gildeskål,2 Kvinner,F45-49 45-49 år,2025,Personer,53
1838 Gildeskål,2 Kvinner,F50-54 50-54 år,2025,Personer,67
1838 Gildeskål,2 Kvinner,F55-59 55-59 år,2025,Personer,64
1838 Gildeskål,2 Kvinner,F60-64 60-64 år,2025,Personer,82
1838 Gildeskål,2 Kvinner,F65-69 65-69 år,2025,Personer,83
1838 Gildeskål,2 Kvinner,F70-74 70-74 år,2025,Personer,73
1838 Gildeskål,2 Kvinner,F75-79 75-79 år,2025,Personer,66
1838 Gildeskål,2 Kvinner,F80-84 80-84 år,2025,Personer,39
1838 Gildeskål,2 Kvinner,F85-89 85-89 år,2025,Personer,20
1838 Gildeskål,2 Kvinner,F90-94 90-94 år,2025,Personer,12
1838 Gildeskål,2 Kvinner,F95-99 95-99 år,2025,Personer,3
1838 Gildeskål,2 Kvinner,F100G5+ 100 år eller eldre,2025,Personer,0
1838 Gildeskål,1 Menn,F00-04 0-4 år,2025,Personer,37
1838 Gildeskål,1 Menn,F05-09 5-9 år,2025,Personer,36
1838 Gildeskål,1 Menn,F10-14 10-14 år,2025,Personer,44
1838 Gildeskål,1 Menn,F15-19 15-19 år,2025,Personer,53
1838 Gildeskål,1 Menn,F20-24 20-24 år,2025,Personer,50
1838 Gildeskål,1 Menn,F25-29 25-29 år,2025,Personer,62
1838 Gildeskål,1 Menn,F30-34 30-34 år,2025,Personer,47
1838 Gildeskål,1 Menn,F35-39 35-39 år,2025,Personer,50
1838 Gildeskål,1 Menn,F40-44 40-44 år,2025,Personer,49
1838 Gildeskål,1 Menn,F45-49 45-49 år,2025,Personer,71
1838 Gildeskål,1 Menn,F50-54 50-54 år,2025,Personer,73
1838 Gildeskål,1 Menn,F55-59 55-59 år,2025,Personer,65
1838 Gildeskål,1 Menn,F60-64 60-64 år,2025,Personer,85
1838 Gildeskål,1 Menn,F65-69 65-69 år,2025,Personer,82
1838 Gildeskål,1 Menn,F70-74 70-74 år,2025,Personer,77
1838 Gildeskål,1 Menn,F75-79 75-79 år,2025,Personer,68
1838 Gildeskål,1 Menn,F80-84 80-84 år,2025,Personer,29
1838 Gildeskål,1 Menn,F85-89 85-89 år,2025,Personer,19
1838 Gildeskål,1 Menn,F90-94 90-94 år,2025,Personer,6
1838 Gildeskål,1 Menn,F95-99 95-99 år,2025,Personer,1
1838 Gildeskål,1 Menn,F100G5+ 100 år eller eldre,2025,Personer,0
1839 Beiarn,2 Kvinner,F00-04 0-4 år,2025,Personer,19
1839 Beiarn,2 Kvinner,F05-09 5-9 år,2025,Personer,21
1839 Beiarn,2 Kvinner,F10-14 10-14 år,2025,Personer,26
1839 Beiarn,2 Kvinner,F15-19 15-19 år,2025,Personer,19
1839 Beiarn,2 Kvinner,F20-24 20-24 år,2025,Personer,21
1839 Beiarn,2 Kvinner,F25-29 25-29 år,2025,Personer,30
1839 Beiarn,2 Kvinner,F30-34 30-34 år,2025,Personer,31
1839 Beiarn,2 Kvinner,F35-39 35-39 år,2025,Personer,27
1839 Beiarn,2 Kvinner,F40-44 40-44 år,2025,Personer,26
1839 Beiarn,2 Kvinner,F45-49 45-49 år,2025,Personer,19
1839 Beiarn,2 Kvinner,F50-54 50-54 år,2025,Personer,31
1839 Beiarn,2 Kvinner,F55-59 55-59 år,2025,Personer,39
1839 Beiarn,2 Kvinner,F60-64 60-64 år,2025,Personer,45
1839 Beiarn,2 Kvinner,F65-69 65-69 år,2025,Personer,38
1839 Beiarn,2 Kvinner,F70-74 70-74 år,2025,Personer,38
1839 Beiarn,2 Kvinner,F75-79 75-79 år,2025,Personer,34
1839 Beiarn,2 Kvinner,F80-84 80-84 år,2025,Personer,25
1839 Beiarn,2 Kvinner,F85-89 85-89 år,2025,Personer,16
1839 Beiarn,2 Kvinner,F90-94 90-94 år,2025,Personer,13
1839 Beiarn,2 Kvinner,F95-99 95-99 år,2025,Personer,2
1839 Beiarn,2 Kvinner,F100G5+ 100 år eller eldre,2025,Personer,0
1839 Beiarn,1 Menn,F00-04 0-4 år,2025,Personer,25
1839 Beiarn,1 Menn,F05-09 5-9 år,2025,Personer,29
1839 Beiarn,1 Menn,F10-14 10-14 år,2025,Personer,20
1839 Beiarn,1 Menn,F15-19 15-19 år,2025,Personer,16
1839 Beiarn,1 Menn,F20-24 20-24 år,2025,Personer,21
1839 Beiarn,1 Menn,F25-29 25-29 år,2025,Personer,25
1839 Beiarn,1 Menn,F30-34 30-34 år,2025,Personer,28
1839 Beiarn,1 Menn,F35-39 35-39 år,2025,Personer,26
1839 Beiarn,1 Menn,F40-44 40-44 år,2025,Personer,34
1839 Beiarn,1 Menn,F45-49 45-49 år,2025,Personer,30
1839 Beiarn,1 Menn,F50-54 50-54 år,2025,Personer,26
1839 Beiarn,1 Menn,F55-59 55-59 år,2025,Personer,37
1839 Beiarn,1 Menn,F60-64 60-64 år,2025,Personer,49
1839 Beiarn,1 Menn,F65-69 65-69 år,2025,Personer,41
1839 Beiarn,1 Menn,F70-74 70-74 år,2025,Personer,47
1839 Beiarn,1 Menn,F75-79 75-79 år,2025,Personer,36
1839 Beiarn,1 Menn,F80-84 80-84 år,2025,Personer,26
1839 Beiarn,1 Menn,F85-89 85-89 år,2025,Personer,16
1839 Beiarn,1 Menn,F90-94 90-94 år,2025,Personer,4
1839 Beiarn,1 Menn,F95-99 95-99 år,2025,Personer,3
1839 Beiarn,1 Menn,F100G5+ 100 år eller eldre,2025,Personer,0
1840 Saltdal,2 Kvinner,F00-04 0-4 år,2025,Personer,74
1840 Saltdal,2 Kvinner,F05-09 5-9 år,2025,Personer,127
1840 Saltdal,2 Kvinner,F10-14 10-14 år,2025,Personer,135
1840 Saltdal,2 Kvinner,F15-19 15-19 år,2025,Personer,134
1840 Saltdal,2 Kvinner,F20-24 20-24 år,2025,Personer,109
1840 Saltdal,2 Kvinner,F25-29 25-29 år,2025,Personer,96
1840 Saltdal,2 Kvinner,F30-34 30-34 år,2025,Personer,145
1840 Saltdal,2 Kvinner,F35-39 35-39 år,2025,Personer,130
1840 Saltdal,2 Kvinner,F40-44 40-44 år,2025,Personer,142
1840 Saltdal,2 Kvinner,F45-49 45-49 år,2025,Personer,140
1840 Saltdal,2 Kvinner,F50-54 50-54 år,2025,Personer,156
1840 Saltdal,2 Kvinner,F55-59 55-59 år,2025,Personer,180
1840 Saltdal,2 Kvinner,F60-64 60-64 år,2025,Personer,158
1840 Saltdal,2 Kvinner,F65-69 65-69 år,2025,Personer,155
1840 Saltdal,2 Kvinner,F70-74 70-74 år,2025,Personer,178
1840 Saltdal,2 Kvinner,F75-79 75-79 år,2025,Personer,125
1840 Saltdal,2 Kvinner,F80-84 80-84 år,2025,Personer,107
1840 Saltdal,2 Kvinner,F85-89 85-89 år,2025,Personer,53
1840 Saltdal,2 Kvinner,F90-94 90-94 år,2025,Personer,24
1840 Saltdal,2 Kvinner,F95-99 95-99 år,2025,Personer,2
1840 Saltdal,2 Kvinner,F100G5+ 100 år eller eldre,2025,Personer,3
1840 Saltdal,1 Menn,F00-04 0-4 år,2025,Personer,96
1840 Saltdal,1 Menn,F05-09 5-9 år,2025,Personer,144
1840 Saltdal,1 Menn,F10-14 10-14 år,2025,Personer,151
1840 Saltdal,1 Menn,F15-19 15-19 år,2025,Personer,184
1840 Saltdal,1 Menn,F20-24 20-24 år,2025,Personer,123
1840 Saltdal,1 Menn,F25-29 25-29 år,2025,Personer,118
1840 Saltdal,1 Menn,F30-34 30-34 år,2025,Personer,122
1840 Saltdal,1 Menn,F35-39 35-39 år,2025,Personer,146
1840 Saltdal,1 Menn,F40-44 40-44 år,2025,Personer,143
1840 Saltdal,1 Menn,F45-49 45-49 år,2025,Personer,136
1840 Saltdal,1 Menn,F50-54 50-54 år,2025,Personer,156
1840 Saltdal,1 Menn,F55-59 55-59 år,2025,Personer,183
1840 Saltdal,1 Menn,F60-64 60-64 år,2025,Personer,172
1840 Saltdal,1 Menn,F65-69 65-69 år,2025,Personer,158
1840 Saltdal,1 Menn,F70-74 70-74 år,2025,Personer,140
1840 Saltdal,1 Menn,F75-79 75-79 år,2025,Personer,154
1840 Saltdal,1 Menn,F80-84 80-84 år,2025,Personer,73
1840 Saltdal,1 Menn,F85-89 85-89 år,2025,Personer,33
1840 Saltdal,1 Menn,F90-94 90-94 år,2025,Personer,12
1840 Saltdal,1 Menn,F95-99 95-99 år,2025,Personer,5
1840 Saltdal,1 Menn,F100G5+ 100 år eller eldre,2025,Personer,0
1841 Fauske - Fuossko,2 Kvinner,F00-04 0-4 år,2025,Personer,217
1841 Fauske - Fuossko,2 Kvinner,F05-09 5-9 år,2025,Personer,251
1841 Fauske - Fuossko,2 Kvinner,F10-14 10-14 år,2025,Personer,231
1841 Fauske - Fuossko,2 Kvinner,F15-19 15-19 år,2025,Personer,266
1841 Fauske - Fuossko,2 Kvinner,F20-24 20-24 år,2025,Personer,238
1841 Fauske - Fuossko,2 Kvinner,F25-29 25-29 år,2025,Personer,272
1841 Fauske - Fuossko,2 Kvinner,F30-34 30-34 år,2025,Personer,298
1841 Fauske - Fuossko,2 Kvinner,F35-39 35-39 år,2025,Personer,293
1841 Fauske - Fuossko,2 Kvinner,F40-44 40-44 år,2025,Personer,289
1841 Fauske - Fuossko,2 Kvinner,F45-49 45-49 år,2025,Personer,271
1841 Fauske - Fuossko,2 Kvinner,F50-54 50-54 år,2025,Personer,302
1841 Fauske - Fuossko,2 Kvinner,F55-59 55-59 år,2025,Personer,359
1841 Fauske - Fuossko,2 Kvinner,F60-64 60-64 år,2025,Personer,317
1841 Fauske - Fuossko,2 Kvinner,F65-69 65-69 år,2025,Personer,340
1841 Fauske - Fuossko,2 Kvinner,F70-74 70-74 år,2025,Personer,291
1841 Fauske - Fuossko,2 Kvinner,F75-79 75-79 år,2025,Personer,286
1841 Fauske - Fuossko,2 Kvinner,F80-84 80-84 år,2025,Personer,199
1841 Fauske - Fuossko,2 Kvinner,F85-89 85-89 år,2025,Personer,100
1841 Fauske - Fuossko,2 Kvinner,F90-94 90-94 år,2025,Personer,45
1841 Fauske - Fuossko,2 Kvinner,F95-99 95-99 år,2025,Personer,11
1841 Fauske - Fuossko,2 Kvinner,F100G5+ 100 år eller eldre,2025,Personer,0
1841 Fauske - Fuossko,1 Menn,F00-04 0-4 år,2025,Personer,214
1841 Fauske - Fuossko,1 Menn,F05-09 5-9 år,2025,Personer,249
1841 Fauske - Fuossko,1 Menn,F10-14 10-14 år,2025,Personer,241
1841 Fauske - Fuossko,1 Menn,F15-19 15-19 år,2025,Personer,290
1841 Fauske - Fuossko,1 Menn,F20-24 20-24 år,2025,Personer,286
1841 Fauske - Fuossko,1 Menn,F25-29 25-29 år,2025,Personer,285
1841 Fauske - Fuossko,1 Menn,F30-34 30-34 år,2025,Personer,314
1841 Fauske - Fuossko,1 Menn,F35-39 35-39 år,2025,Personer,297
1841 Fauske - Fuossko,1 Menn,F40-44 40-44 år,2025,Personer,296
1841 Fauske - Fuossko,1 Menn,F45-49 45-49 år,2025,Personer,277
1841 Fauske - Fuossko,1 Menn,F50-54 50-54 år,2025,Personer,350
1841 Fauske - Fuossko,1 Menn,F55-59 55-59 år,2025,Personer,369
1841 Fauske - Fuossko,1 Menn,F60-64 60-64 år,2025,Personer,315
1841 Fauske - Fuossko,1 Menn,F65-69 65-69 år,2025,Personer,315
1841 Fauske - Fuossko,1 Menn,F70-74 70-74 år,2025,Personer,274
1841 Fauske - Fuossko,1 Menn,F75-79 75-79 år,2025,Personer,269
1841 Fauske - Fuossko,1 Menn,F80-84 80-84 år,2025,Personer,182
1841 Fauske - Fuossko,1 Menn,F85-89 85-89 år,2025,Personer,69
1841 Fauske - Fuossko,1 Menn,F90-94 90-94 år,2025,Personer,24
1841 Fauske - Fuossko,1 Menn,F95-99 95-99 år,2025,Personer,13
1841 Fauske - Fuossko,1 Menn,F100G5+ 100 år eller eldre,2025,Personer,0
1845 Sørfold - Fuolldá,2 Kvinner,F00-04 0-4 år,2025,Personer,29
1845 Sørfold - Fuolldá,2 Kvinner,F05-09 5-9 år,2025,Personer,41
1845 Sørfold - Fuolldá,2 Kvinner,F10-14 10-14 år,2025,Personer,31
1845 Sørfold - Fuolldá,2 Kvinner,F15-19 15-19 år,2025,Personer,56
1845 Sørfold - Fuolldá,2 Kvinner,F20-24 20-24 år,2025,Personer,58
1845 Sørfold - Fuolldá,2 Kvinner,F25-29 25-29 år,2025,Personer,48
1845 Sørfold - Fuolldá,2 Kvinner,F30-34 30-34 år,2025,Personer,44
1845 Sørfold - Fuolldá,2 Kvinner,F35-39 35-39 år,2025,Personer,52
1845 Sørfold - Fuolldá,2 Kvinner,F40-44 40-44 år,2025,Personer,30
1845 Sørfold - Fuolldá,2 Kvinner,F45-49 45-49 år,2025,Personer,50
1845 Sørfold - Fuolldá,2 Kvinner,F50-54 50-54 år,2025,Personer,69
1845 Sørfold - Fuolldá,2 Kvinner,F55-59 55-59 år,2025,Personer,68
1845 Sørfold - Fuolldá,2 Kvinner,F60-64 60-64 år,2025,Personer,66
1845 Sørfold - Fuolldá,2 Kvinner,F65-69 65-69 år,2025,Personer,62
1845 Sørfold - Fuolldá,2 Kvinner,F70-74 70-74 år,2025,Personer,65
1845 Sørfold - Fuolldá,2 Kvinner,F75-79 75-79 år,2025,Personer,67
1845 Sørfold - Fuolldá,2 Kvinner,F80-84 80-84 år,2025,Personer,32
1845 Sørfold - Fuolldá,2 Kvinner,F85-89 85-89 år,2025,Personer,21
1845 Sørfold - Fuolldá,2 Kvinner,F90-94 90-94 år,2025,Personer,12
1845 Sørfold - Fuolldá,2 Kvinner,F95-99 95-99 år,2025,Personer,5
1845 Sørfold - Fuolldá,2 Kvinner,F100G5+ 100 år eller eldre,2025,Personer,1
1845 Sørfold - Fuolldá,1 Menn,F00-04 0-4 år,2025,Personer,43
1845 Sørfold - Fuolldá,1 Menn,F05-09 5-9 år,2025,Personer,38
1845 Sørfold - Fuolldá,1 Menn,F10-14 10-14 år,2025,Personer,54
1845 Sørfold - Fuolldá,1 Menn,F15-19 15-19 år,2025,Personer,44
1845 Sørfold - Fuolldá,1 Menn,F20-24 20-24 år,2025,Personer,50
1845 Sørfold - Fuolldá,1 Menn,F25-29 25-29 år,2025,Personer,38
1845 Sørfold - Fuolldá,1 Menn,F30-34 30-34 år,2025,Personer,49
1845 Sørfold - Fuolldá,1 Menn,F35-39 35-39 år,2025,Personer,46
1845 Sørfold - Fuolldá,1 Menn,F40-44 40-44 år,2025,Personer,51
1845 Sørfold - Fuolldá,1 Menn,F45-49 45-49 år,2025,Personer,42
1845 Sørfold - Fuolldá,1 Menn,F50-54 50-54 år,2025,Personer,77
1845 Sørfold - Fuolldá,1 Menn,F55-59 55-59 år,2025,Personer,78
1845 Sørfold - Fuolldá,1 Menn,F60-64 60-64 år,2025,Personer,71
1845 Sørfold - Fuolldá,1 Menn,F65-69 65-69 år,2025,Personer,53
1845 Sørfold - Fuolldá,1 Menn,F70-74 70-74 år,2025,Personer,64
1845 Sørfold - Fuolldá,1 Menn,F75-79 75-79 år,2025,Personer,75
1845 Sørfold - Fuolldá,1 Menn,F80-84 80-84 år,2025,Personer,42
1845 Sørfold - Fuolldá,1 Menn,F85-89 85-89 år,2025,Personer,23
1845 Sørfold - Fuolldá,1 Menn,F90-94 90-94 år,2025,Personer,4
1845 Sørfold - Fuolldá,1 Menn,F95-99 95-99 år,2025,Personer,2
1845 Sørfold - Fuolldá,1 Menn,F100G5+ 100 år eller eldre,2025,Personer,0
1848 Steigen,2 Kvinner,F00-04 0-4 år,2025,Personer,54
1848 Steigen,2 Kvinner,F05-09 5-9 år,2025,Personer,71
1848 Steigen,2 Kvinner,F10-14 10-14 år,2025,Personer,67
1848 Steigen,2 Kvinner,F15-19 15-19 år,2025,Personer,78
1848 Steigen,2 Kvinner,F20-24 20-24 år,2025,Personer,59
1848 Steigen,2 Kvinner,F25-29 25-29 år,2025,Personer,63
1848 Steigen,2 Kvinner,F30-34 30-34 år,2025,Personer,98
1848 Steigen,2 Kvinner,F35-39 35-39 år,2025,Personer,71
1848 Steigen,2 Kvinner,F40-44 40-44 år,2025,Personer,73
1848 Steigen,2 Kvinner,F45-49 45-49 år,2025,Personer,65
1848 Steigen,2 Kvinner,F50-54 50-54 år,2025,Personer,84
1848 Steigen,2 Kvinner,F55-59 55-59 år,2025,Personer,85
1848 Steigen,2 Kvinner,F60-64 60-64 år,2025,Personer,89
1848 Steigen,2 Kvinner,F65-69 65-69 år,2025,Personer,92
1848 Steigen,2 Kvinner,F70-74 70-74 år,2025,Personer,80
1848 Steigen,2 Kvinner,F75-79 75-79 år,2025,Personer,81
1848 Steigen,2 Kvinner,F80-84 80-84 år,2025,Personer,47
1848 Steigen,2 Kvinner,F85-89 85-89 år,2025,Personer,31
1848 Steigen,2 Kvinner,F90-94 90-94 år,2025,Personer,9
1848 Steigen,2 Kvinner,F95-99 95-99 år,2025,Personer,3
1848 Steigen,2 Kvinner,F100G5+ 100 år eller eldre,2025,Personer,0
1848 Steigen,1 Menn,F00-04 0-4 år,2025,Personer,57
1848 Steigen,1 Menn,F05-09 5-9 år,2025,Personer,71
1848 Steigen,1 Menn,F10-14 10-14 år,2025,Personer,60
1848 Steigen,1 Menn,F15-19 15-19 år,2025,Personer,75
1848 Steigen,1 Menn,F20-24 20-24 år,2025,Personer,56
1848 Steigen,1 Menn,F25-29 25-29 år,2025,Personer,74
1848 Steigen,1 Menn,F30-34 30-34 år,2025,Personer,91
1848 Steigen,1 Menn,F35-39 35-39 år,2025,Personer,89
1848 Steigen,1 Menn,F40-44 40-44 år,2025,Personer,67
1848 Steigen,1 Menn,F45-49 45-49 år,2025,Personer,75
1848 Steigen,1 Menn,F50-54 50-54 år,2025,Personer,94
1848 Steigen,1 Menn,F55-59 55-59 år,2025,Personer,90
1848 Steigen,1 Menn,F60-64 60-64 år,2025,Personer,102
1848 Steigen,1 Menn,F65-69 65-69 år,2025,Personer,97
1848 Steigen,1 Menn,F70-74 70-74 år,2025,Personer,97
1848 Steigen,1 Menn,F75-79 75-79 år,2025,Personer,86
1848 Steigen,1 Menn,F80-84 80-84 år,2025,Personer,46
1848 Steigen,1 Menn,F85-89 85-89 år,2025,Personer,25
1848 Steigen,1 Menn,F90-94 90-94 år,2025,Personer,8
1848 Steigen,1 Menn,F95-99 95-99 år,2025,Personer,2
1848 Steigen,1 Menn,F100G5+ 100 år eller eldre,2025,Personer,0
1851 Lødingen,2 Kvinner,F00-04 0-4 år,2025,Personer,27
1851 Lødingen,2 Kvinner,F05-09 5-9 år,2025,Personer,45
1851 Lødingen,2 Kvinner,F10-14 10-14 år,2025,Personer,56
1851 Lødingen,2 Kvinner,F15-19 15-19 år,2025,Personer,46
1851 Lødingen,2 Kvinner,F20-24 20-24 år,2025,Personer,51
1851 Lødingen,2 Kvinner,F25-29 25-29 år,2025,Personer,50
1851 Lødingen,2 Kvinner,F30-34 30-34 år,2025,Personer,33
1851 Lødingen,2 Kvinner,F35-39 35-39 år,2025,Personer,61
1851 Lødingen,2 Kvinner,F40-44 40-44 år,2025,Personer,30
1851 Lødingen,2 Kvinner,F45-49 45-49 år,2025,Personer,61
1851 Lødingen,2 Kvinner,F50-54 50-54 år,2025,Personer,88
1851 Lødingen,2 Kvinner,F55-59 55-59 år,2025,Personer,70
1851 Lødingen,2 Kvinner,F60-64 60-64 år,2025,Personer,85
1851 Lødingen,2 Kvinner,F65-69 65-69 år,2025,Personer,84
1851 Lødingen,2 Kvinner,F70-74 70-74 år,2025,Personer,78
1851 Lødingen,2 Kvinner,F75-79 75-79 år,2025,Personer,65
1851 Lødingen,2 Kvinner,F80-84 80-84 år,2025,Personer,67
1851 Lødingen,2 Kvinner,F85-89 85-89 år,2025,Personer,26
1851 Lødingen,2 Kvinner,F90-94 90-94 år,2025,Personer,13
1851 Lødingen,2 Kvinner,F95-99 95-99 år,2025,Personer,9
1851 Lødingen,2 Kvinner,F100G5+ 100 år eller eldre,2025,Personer,0
1851 Lødingen,1 Menn,F00-04 0-4 år,2025,Personer,43
1851 Lødingen,1 Menn,F05-09 5-9 år,2025,Personer,31
1851 Lødingen,1 Menn,F10-14 10-14 år,2025,Personer,62
1851 Lødingen,1 Menn,F15-19 15-19 år,2025,Personer,56
1851 Lødingen,1 Menn,F20-24 20-24 år,2025,Personer,47
1851 Lødingen,1 Menn,F25-29 25-29 år,2025,Personer,40
1851 Lødingen,1 Menn,F30-34 30-34 år,2025,Personer,53
1851 Lødingen,1 Menn,F35-39 35-39 år,2025,Personer,36
1851 Lødingen,1 Menn,F40-44 40-44 år,2025,Personer,49
1851 Lødingen,1 Menn,F45-49 45-49 år,2025,Personer,48
1851 Lødingen,1 Menn,F50-54 50-54 år,2025,Personer,63
1851 Lødingen,1 Menn,F55-59 55-59 år,2025,Personer,81
1851 Lødingen,1 Menn,F60-64 60-64 år,2025,Personer,84
1851 Lødingen,1 Menn,F65-69 65-69 år,2025,Personer,84
1851 Lødingen,1 Menn,F70-74 70-74 år,2025,Personer,89
1851 Lødingen,1 Menn,F75-79 75-79 år,2025,Personer,69
1851 Lødingen,1 Menn,F80-84 80-84 år,2025,Personer,53
1851 Lødingen,1 Menn,F85-89 85-89 år,2025,Personer,27
1851 Lødingen,1 Menn,F90-94 90-94 år,2025,Personer,7
1851 Lødingen,1 Menn,F95-99 95-99 år,2025,Personer,0
1851 Lødingen,1 Menn,F100G5+ 100 år eller eldre,2025,Personer,0
1853 Evenes - Evenássi,2 Kvinner,F00-04 0-4 år,2025,Personer,19
1853 Evenes - Evenássi,2 Kvinner,F05-09 5-9 år,2025,Personer,24
1853 Evenes - Evenássi,2 Kvinner,F10-14 10-14 år,2025,Personer,20
1853 Evenes - Evenássi,2 Kvinner,F15-19 15-19 år,2025,Personer,29
1853 Evenes - Evenássi,2 Kvinner,F20-24 20-24 år,2025,Personer,50
1853 Evenes - Evenássi,2 Kvinner,F25-29 25-29 år,2025,Personer,30
1853 Evenes - Evenássi,2 Kvinner,F30-34 30-34 år,2025,Personer,30
1853 Evenes - Evenássi,2 Kvinner,F35-39 35-39 år,2025,Personer,20
1853 Evenes - Evenássi,2 Kvinner,F40-44 40-44 år,2025,Personer,40
1853 Evenes - Evenássi,2 Kvinner,F45-49 45-49 år,2025,Personer,36
1853 Evenes - Evenássi,2 Kvinner,F50-54 50-54 år,2025,Personer,50
1853 Evenes - Evenássi,2 Kvinner,F55-59 55-59 år,2025,Personer,53
1853 Evenes - Evenássi,2 Kvinner,F60-64 60-64 år,2025,Personer,33
1853 Evenes - Evenássi,2 Kvinner,F65-69 65-69 år,2025,Personer,46
1853 Evenes - Evenássi,2 Kvinner,F70-74 70-74 år,2025,Personer,47
1853 Evenes - Evenássi,2 Kvinner,F75-79 75-79 år,2025,Personer,56
1853 Evenes - Evenássi,2 Kvinner,F80-84 80-84 år,2025,Personer,38
1853 Evenes - Evenássi,2 Kvinner,F85-89 85-89 år,2025,Personer,15
1853 Evenes - Evenássi,2 Kvinner,F90-94 90-94 år,2025,Personer,12
1853 Evenes - Evenássi,2 Kvinner,F95-99 95-99 år,2025,Personer,2
1853 Evenes - Evenássi,2 Kvinner,F100G5+ 100 år eller eldre,2025,Personer,0
1853 Evenes - Evenássi,1 Menn,F00-04 0-4 år,2025,Personer,21
1853 Evenes - Evenássi,1 Menn,F05-09 5-9 år,2025,Personer,20
1853 Evenes - Evenássi,1 Menn,F10-14 10-14 år,2025,Personer,37
1853 Evenes - Evenássi,1 Menn,F15-19 15-19 år,2025,Personer,31
1853 Evenes - Evenássi,1 Menn,F20-24 20-24 år,2025,Personer,63
1853 Evenes - Evenássi,1 Menn,F25-29 25-29 år,2025,Personer,51
1853 Evenes - Evenássi,1 Menn,F30-34 30-34 år,2025,Personer,34
1853 Evenes - Evenássi,1 Menn,F35-39 35-39 år,2025,Personer,35
1853 Evenes - Evenássi,1 Menn,F40-44 40-44 år,2025,Personer,32
1853 Evenes - Evenássi,1 Menn,F45-49 45-49 år,2025,Personer,42
1853 Evenes - Evenássi,1 Menn,F50-54 50-54 år,2025,Personer,47
1853 Evenes - Evenássi,1 Menn,F55-59 55-59 år,2025,Personer,57
1853 Evenes - Evenássi,1 Menn,F60-64 60-64 år,2025,Personer,46
1853 Evenes - Evenássi,1 Menn,F65-69 65-69 år,2025,Personer,51
1853 Evenes - Evenássi,1 Menn,F70-74 70-74 år,2025,Personer,53
1853 Evenes - Evenássi,1 Menn,F75-79 75-79 år,2025,Personer,51
1853 Evenes - Evenássi,1 Menn,F80-84 80-84 år,2025,Personer,31
1853 Evenes - Evenássi,1 Menn,F85-89 85-89 år,2025,Personer,8
1853 Evenes - Evenássi,1 Menn,F90-94 90-94 år,2025,Personer,2
1853 Evenes - Evenássi,1 Menn,F95-99 95-99 år,2025,Personer,0
1853 Evenes - Evenássi,1 Menn,F100G5+ 100 år eller eldre,2025,Personer,0
1856 Røst,2 Kvinner,F00-04 0-4 år,2025,Personer,8
1856 Røst,2 Kvinner,F05-09 5-9 år,2025,Personer,10
1856 Røst,2 Kvinner,F10-14 10-14 år,2025,Personer,11
1856 Røst,2 Kvinner,F15-19 15-19 år,2025,Personer,10
1856 Røst,2 Kvinner,F20-24 20-24 år,2025,Personer,12
1856 Røst,2 Kvinner,F25-29 25-29 år,2025,Personer,5
1856 Røst,2 Kvinner,F30-34 30-34 år,2025,Personer,18
1856 Røst,2 Kvinner,F35-39 35-39 år,2025,Personer,7
1856 Røst,2 Kvinner,F40-44 40-44 år,2025,Personer,15
1856 Røst,2 Kvinner,F45-49 45-49 år,2025,Personer,8
1856 Røst,2 Kvinner,F50-54 50-54 år,2025,Personer,20
1856 Røst,2 Kvinner,F55-59 55-59 år,2025,Personer,24
1856 Røst,2 Kvinner,F60-64 60-64 år,2025,Personer,19
1856 Røst,2 Kvinner,F65-69 65-69 år,2025,Personer,14
1856 Røst,2 Kvinner,F70-74 70-74 år,2025,Personer,12
1856 Røst,2 Kvinner,F75-79 75-79 år,2025,Personer,13
1856 Røst,2 Kvinner,F80-84 80-84 år,2025,Personer,7
1856 Røst,2 Kvinner,F85-89 85-89 år,2025,Personer,7
1856 Røst,2 Kvinner,F90-94 90-94 år,2025,Personer,6
1856 Røst,2 Kvinner,F95-99 95-99 år,2025,Personer,1
1856 Røst,2 Kvinner,F100G5+ 100 år eller eldre,2025,Personer,0
1856 Røst,1 Menn,F00-04 0-4 år,2025,Personer,9
1856 Røst,1 Menn,F05-09 5-9 år,2025,Personer,7
1856 Røst,1 Menn,F10-14 10-14 år,2025,Personer,8
1856 Røst,1 Menn,F15-19 15-19 år,2025,Personer,17
1856 Røst,1 Menn,F20-24 20-24 år,2025,Personer,9
1856 Røst,1 Menn,F25-29 25-29 år,2025,Personer,9
1856 Røst,1 Menn,F30-34 30-34 år,2025,Personer,13
1856 Røst,1 Menn,F35-39 35-39 år,2025,Personer,11
1856 Røst,1 Menn,F40-44 40-44 år,2025,Personer,9
1856 Røst,1 Menn,F45-49 45-49 år,2025,Personer,12
1856 Røst,1 Menn,F50-54 50-54 år,2025,Personer,24
1856 Røst,1 Menn,F55-59 55-59 år,2025,Personer,19
1856 Røst,1 Menn,F60-64 60-64 år,2025,Personer,19
1856 Røst,1 Menn,F65-69 65-69 år,2025,Personer,24
1856 Røst,1 Menn,F70-74 70-74 år,2025,Personer,20
1856 Røst,1 Menn,F75-79 75-79 år,2025,Personer,12
1856 Røst,1 Menn,F80-84 80-84 år,2025,Personer,4
1856 Røst,1 Menn,F85-89 85-89 år,2025,Personer,3
1856 Røst,1 Menn,F90-94 90-94 år,2025,Personer,2
1856 Røst,1 Menn,F95-99 95-99 år,2025,Personer,0
1856 Røst,1 Menn,F100G5+ 100 år eller eldre,2025,Personer,0
1857 Værøy,2 Kvinner,F00-04 0-4 år,2025,Personer,10
1857 Værøy,2 Kvinner,F05-09 5-9 år,2025,Personer,21
1857 Værøy,2 Kvinner,F10-14 10-14 år,2025,Personer,17
1857 Værøy,2 Kvinner,F15-19 15-19 år,2025,Personer,21
1857 Værøy,2 Kvinner,F20-24 20-24 år,2025,Personer,12
1857 Værøy,2 Kvinner,F25-29 25-29 år,2025,Personer,19
1857 Værøy,2 Kvinner,F30-34 30-34 år,2025,Personer,11
1857 Værøy,2 Kvinner,F35-39 35-39 år,2025,Personer,23
1857 Værøy,2 Kvinner,F40-44 40-44 år,2025,Personer,16
1857 Værøy,2 Kvinner,F45-49 45-49 år,2025,Personer,18
1857 Værøy,2 Kvinner,F50-54 50-54 år,2025,Personer,23
1857 Værøy,2 Kvinner,F55-59 55-59 år,2025,Personer,24
1857 Værøy,2 Kvinner,F60-64 60-64 år,2025,Personer,23
1857 Værøy,2 Kvinner,F65-69 65-69 år,2025,Personer,20
1857 Værøy,2 Kvinner,F70-74 70-74 år,2025,Personer,16
1857 Værøy,2 Kvinner,F75-79 75-79 år,2025,Personer,19
1857 Værøy,2 Kvinner,F80-84 80-84 år,2025,Personer,14
1857 Værøy,2 Kvinner,F85-89 85-89 år,2025,Personer,11
1857 Værøy,2 Kvinner,F90-94 90-94 år,2025,Personer,2
1857 Værøy,2 Kvinner,F95-99 95-99 år,2025,Personer,0
1857 Værøy,2 Kvinner,F100G5+ 100 år eller eldre,2025,Personer,0
1857 Værøy,1 Menn,F00-04 0-4 år,2025,Personer,12
1857 Værøy,1 Menn,F05-09 5-9 år,2025,Personer,14
1857 Værøy,1 Menn,F10-14 10-14 år,2025,Personer,20
1857 Værøy,1 Menn,F15-19 15-19 år,2025,Personer,21
1857 Værøy,1 Menn,F20-24 20-24 år,2025,Personer,14
1857 Værøy,1 Menn,F25-29 25-29 år,2025,Personer,13
1857 Værøy,1 Menn,F30-34 30-34 år,2025,Personer,25
1857 Værøy,1 Menn,F35-39 35-39 år,2025,Personer,23
1857 Værøy,1 Menn,F40-44 40-44 år,2025,Personer,20
1857 Værøy,1 Menn,F45-49 45-49 år,2025,Personer,21
1857 Værøy,1 Menn,F50-54 50-54 år,2025,Personer,32
1857 Værøy,1 Menn,F55-59 55-59 år,2025,Personer,32
1857 Værøy,1 Menn,F60-64 60-64 år,2025,Personer,28
1857 Værøy,1 Menn,F65-69 65-69 år,2025,Personer,17
1857 Værøy,1 Menn,F70-74 70-74 år,2025,Personer,25
1857 Værøy,1 Menn,F75-79 75-79 år,2025,Personer,19
1857 Værøy,1 Menn,F80-84 80-84 år,2025,Personer,6
1857 Værøy,1 Menn,F85-89 85-89 år,2025,Personer,12
1857 Værøy,1 Menn,F90-94 90-94 år,2025,Personer,2
1857 Værøy,1 Menn,F95-99 95-99 år,2025,Personer,1
1857 Værøy,1 Menn,F100G5+ 100 år eller eldre,2025,Personer,0
1859 Flakstad,2 Kvinner,F00-04 0-4 år,2025,Personer,26
1859 Flakstad,2 Kvinner,F05-09 5-9 år,2025,Personer,19
1859 Flakstad,2 Kvinner,F10-14 10-14 år,2025,Personer,37
1859 Flakstad,2 Kvinner,F15-19 15-19 år,2025,Personer,24
1859 Flakstad,2 Kvinner,F20-24 20-24 år,2025,Personer,27
1859 Flakstad,2 Kvinner,F25-29 25-29 år,2025,Personer,39
1859 Flakstad,2 Kvinner,F30-34 30-34 år,2025,Personer,42
1859 Flakstad,2 Kvinner,F35-39 35-39 år,2025,Personer,32
1859 Flakstad,2 Kvinner,F40-44 40-44 år,2025,Personer,32
1859 Flakstad,2 Kvinner,F45-49 45-49 år,2025,Personer,33
1859 Flakstad,2 Kvinner,F50-54 50-54 år,2025,Personer,39
1859 Flakstad,2 Kvinner,F55-59 55-59 år,2025,Personer,54
1859 Flakstad,2 Kvinner,F60-64 60-64 år,2025,Personer,42
1859 Flakstad,2 Kvinner,F65-69 65-69 år,2025,Personer,44
1859 Flakstad,2 Kvinner,F70-74 70-74 år,2025,Personer,33
1859 Flakstad,2 Kvinner,F75-79 75-79 år,2025,Personer,43
1859 Flakstad,2 Kvinner,F80-84 80-84 år,2025,Personer,18
1859 Flakstad,2 Kvinner,F85-89 85-89 år,2025,Personer,22
1859 Flakstad,2 Kvinner,F90-94 90-94 år,2025,Personer,8
1859 Flakstad,2 Kvinner,F95-99 95-99 år,2025,Personer,2
1859 Flakstad,2 Kvinner,F100G5+ 100 år eller eldre,2025,Personer,0
1859 Flakstad,1 Menn,F00-04 0-4 år,2025,Personer,22
1859 Flakstad,1 Menn,F05-09 5-9 år,2025,Personer,31
1859 Flakstad,1 Menn,F10-14 10-14 år,2025,Personer,26
1859 Flakstad,1 Menn,F15-19 15-19 år,2025,Personer,27
1859 Flakstad,1 Menn,F20-24 20-24 år,2025,Personer,36
1859 Flakstad,1 Menn,F25-29 25-29 år,2025,Personer,38
1859 Flakstad,1 Menn,F30-34 30-34 år,2025,Personer,52
1859 Flakstad,1 Menn,F35-39 35-39 år,2025,Personer,45
1859 Flakstad,1 Menn,F40-44 40-44 år,2025,Personer,35
1859 Flakstad,1 Menn,F45-49 45-49 år,2025,Personer,38
1859 Flakstad,1 Menn,F50-54 50-54 år,2025,Personer,44
1859 Flakstad,1 Menn,F55-59 55-59 år,2025,Personer,46
1859 Flakstad,1 Menn,F60-64 60-64 år,2025,Personer,44
1859 Flakstad,1 Menn,F65-69 65-69 år,2025,Personer,45
1859 Flakstad,1 Menn,F70-74 70-74 år,2025,Personer,49
1859 Flakstad,1 Menn,F75-79 75-79 år,2025,Personer,41
1859 Flakstad,1 Menn,F80-84 80-84 år,2025,Personer,12
1859 Flakstad,1 Menn,F85-89 85-89 år,2025,Personer,13
1859 Flakstad,1 Menn,F90-94 90-94 år,2025,Personer,6
1859 Flakstad,1 Menn,F95-99 95-99 år,2025,Personer,0
1859 Flakstad,1 Menn,F100G5+ 100 år eller eldre,2025,Personer,0
1860 Vestvågøy,2 Kvinner,F00-04 0-4 år,2025,Personer,302
1860 Vestvågøy,2 Kvinner,F05-09 5-9 år,2025,Personer,282
1860 Vestvågøy,2 Kvinner,F10-14 10-14 år,2025,Personer,373
1860 Vestvågøy,2 Kvinner,F15-19 15-19 år,2025,Personer,355
1860 Vestvågøy,2 Kvinner,F20-24 20-24 år,2025,Personer,303
1860 Vestvågøy,2 Kvinner,F25-29 25-29 år,2025,Personer,373
1860 Vestvågøy,2 Kvinner,F30-34 30-34 år,2025,Personer,409
1860 Vestvågøy,2 Kvinner,F35-39 35-39 år,2025,Personer,360
1860 Vestvågøy,2 Kvinner,F40-44 40-44 år,2025,Personer,349
1860 Vestvågøy,2 Kvinner,F45-49 45-49 år,2025,Personer,335
1860 Vestvågøy,2 Kvinner,F50-54 50-54 år,2025,Personer,363
1860 Vestvågøy,2 Kvinner,F55-59 55-59 år,2025,Personer,366
1860 Vestvågøy,2 Kvinner,F60-64 60-64 år,2025,Personer,375
1860 Vestvågøy,2 Kvinner,F65-69 65-69 år,2025,Personer,355
1860 Vestvågøy,2 Kvinner,F70-74 70-74 år,2025,Personer,305
1860 Vestvågøy,2 Kvinner,F75-79 75-79 år,2025,Personer,278
1860 Vestvågøy,2 Kvinner,F80-84 80-84 år,2025,Personer,163
1860 Vestvågøy,2 Kvinner,F85-89 85-89 år,2025,Personer,119
1860 Vestvågøy,2 Kvinner,F90-94 90-94 år,2025,Personer,60
1860 Vestvågøy,2 Kvinner,F95-99 95-99 år,2025,Personer,16
1860 Vestvågøy,2 Kvinner,F100G5+ 100 år eller eldre,2025,Personer,3
1860 Vestvågøy,1 Menn,F00-04 0-4 år,2025,Personer,300
1860 Vestvågøy,1 Menn,F05-09 5-9 år,2025,Personer,333
1860 Vestvågøy,1 Menn,F10-14 10-14 år,2025,Personer,364
1860 Vestvågøy,1 Menn,F15-19 15-19 år,2025,Personer,336
1860 Vestvågøy,1 Menn,F20-24 20-24 år,2025,Personer,351
1860 Vestvågøy,1 Menn,F25-29 25-29 år,2025,Personer,382
1860 Vestvågøy,1 Menn,F30-34 30-34 år,2025,Personer,382
1860 Vestvågøy,1 Menn,F35-39 35-39 år,2025,Personer,358
1860 Vestvågøy,1 Menn,F40-44 40-44 år,2025,Personer,358
1860 Vestvågøy,1 Menn,F45-49 45-49 år,2025,Personer,287
1860 Vestvågøy,1 Menn,F50-54 50-54 år,2025,Personer,354
1860 Vestvågøy,1 Menn,F55-59 55-59 år,2025,Personer,418
1860 Vestvågøy,1 Menn,F60-64 60-64 år,2025,Personer,340
1860 Vestvågøy,1 Menn,F65-69 65-69 år,2025,Personer,345
1860 Vestvågøy,1 Menn,F70-74 70-74 år,2025,Personer,314
1860 Vestvågøy,1 Menn,F75-79 75-79 år,2025,Personer,261
1860 Vestvågøy,1 Menn,F80-84 80-84 år,2025,Personer,160
1860 Vestvågøy,1 Menn,F85-89 85-89 år,2025,Personer,63
1860 Vestvågøy,1 Menn,F90-94 90-94 år,2025,Personer,25
1860 Vestvågøy,1 Menn,F95-99 95-99 år,2025,Personer,7
1860 Vestvågøy,1 Menn,F100G5+ 100 år eller eldre,2025,Personer,0
1865 Vågan,2 Kvinner,F00-04 0-4 år,2025,Personer,195
1865 Vågan,2 Kvinner,F05-09 5-9 år,2025,Personer,269
1865 Vågan,2 Kvinner,F10-14 10-14 år,2025,Personer,256
1865 Vågan,2 Kvinner,F15-19 15-19 år,2025,Personer,284
1865 Vågan,2 Kvinner,F20-24 20-24 år,2025,Personer,245
1865 Vågan,2 Kvinner,F25-29 25-29 år,2025,Personer,307
1865 Vågan,2 Kvinner,F30-34 30-34 år,2025,Personer,318
1865 Vågan,2 Kvinner,F35-39 35-39 år,2025,Personer,326
1865 Vågan,2 Kvinner,F40-44 40-44 år,2025,Personer,316
1865 Vågan,2 Kvinner,F45-49 45-49 år,2025,Personer,325
1865 Vågan,2 Kvinner,F50-54 50-54 år,2025,Personer,315
1865 Vågan,2 Kvinner,F55-59 55-59 år,2025,Personer,301
1865 Vågan,2 Kvinner,F60-64 60-64 år,2025,Personer,282
1865 Vågan,2 Kvinner,F65-69 65-69 år,2025,Personer,301
1865 Vågan,2 Kvinner,F70-74 70-74 år,2025,Personer,301
1865 Vågan,2 Kvinner,F75-79 75-79 år,2025,Personer,231
1865 Vågan,2 Kvinner,F80-84 80-84 år,2025,Personer,157
1865 Vågan,2 Kvinner,F85-89 85-89 år,2025,Personer,79
1865 Vågan,2 Kvinner,F90-94 90-94 år,2025,Personer,32
1865 Vågan,2 Kvinner,F95-99 95-99 år,2025,Personer,16
1865 Vågan,2 Kvinner,F100G5+ 100 år eller eldre,2025,Personer,1
1865 Vågan,1 Menn,F00-04 0-4 år,2025,Personer,251
1865 Vågan,1 Menn,F05-09 5-9 år,2025,Personer,256
1865 Vågan,1 Menn,F10-14 10-14 år,2025,Personer,244
1865 Vågan,1 Menn,F15-19 15-19 år,2025,Personer,326
1865 Vågan,1 Menn,F20-24 20-24 år,2025,Personer,256
1865 Vågan,1 Menn,F25-29 25-29 år,2025,Personer,309
1865 Vågan,1 Menn,F30-34 30-34 år,2025,Personer,344
1865 Vågan,1 Menn,F35-39 35-39 år,2025,Personer,306
1865 Vågan,1 Menn,F40-44 40-44 år,2025,Personer,336
1865 Vågan,1 Menn,F45-49 45-49 år,2025,Personer,341
1865 Vågan,1 Menn,F50-54 50-54 år,2025,Personer,341
1865 Vågan,1 Menn,F55-59 55-59 år,2025,Personer,393
1865 Vågan,1 Menn,F60-64 60-64 år,2025,Personer,288
1865 Vågan,1 Menn,F65-69 65-69 år,2025,Personer,277
1865 Vågan,1 Menn,F70-74 70-74 år,2025,Personer,279
1865 Vågan,1 Menn,F75-79 75-79 år,2025,Personer,239
1865 Vågan,1 Menn,F80-84 80-84 år,2025,Personer,144
1865 Vågan,1 Menn,F85-89 85-89 år,2025,Personer,58
1865 Vågan,1 Menn,F90-94 90-94 år,2025,Personer,20
1865 Vågan,1 Menn,F95-99 95-99 år,2025,Personer,6
1865 Vågan,1 Menn,F100G5+ 100 år eller eldre,2025,Personer,0
1866 Hadsel,2 Kvinner,F00-04 0-4 år,2025,Personer,205
1866 Hadsel,2 Kvinner,F05-09 5-9 år,2025,Personer,212
1866 Hadsel,2 Kvinner,F10-14 10-14 år,2025,Personer,223
1866 Hadsel,2 Kvinner,F15-19 15-19 år,2025,Personer,229
1866 Hadsel,2 Kvinner,F20-24 20-24 år,2025,Personer,203
1866 Hadsel,2 Kvinner,F25-29 25-29 år,2025,Personer,224
1866 Hadsel,2 Kvinner,F30-34 30-34 år,2025,Personer,260
1866 Hadsel,2 Kvinner,F35-39 35-39 år,2025,Personer,247
1866 Hadsel,2 Kvinner,F40-44 40-44 år,2025,Personer,236
1866 Hadsel,2 Kvinner,F45-49 45-49 år,2025,Personer,226
1866 Hadsel,2 Kvinner,F50-54 50-54 år,2025,Personer,290
1866 Hadsel,2 Kvinner,F55-59 55-59 år,2025,Personer,279
1866 Hadsel,2 Kvinner,F60-64 60-64 år,2025,Personer,268
1866 Hadsel,2 Kvinner,F65-69 65-69 år,2025,Personer,247
1866 Hadsel,2 Kvinner,F70-74 70-74 år,2025,Personer,261
1866 Hadsel,2 Kvinner,F75-79 75-79 år,2025,Personer,222
1866 Hadsel,2 Kvinner,F80-84 80-84 år,2025,Personer,152
1866 Hadsel,2 Kvinner,F85-89 85-89 år,2025,Personer,89
1866 Hadsel,2 Kvinner,F90-94 90-94 år,2025,Personer,35
1866 Hadsel,2 Kvinner,F95-99 95-99 år,2025,Personer,12
1866 Hadsel,2 Kvinner,F100G5+ 100 år eller eldre,2025,Personer,6
1866 Hadsel,1 Menn,F00-04 0-4 år,2025,Personer,212
1866 Hadsel,1 Menn,F05-09 5-9 år,2025,Personer,195
1866 Hadsel,1 Menn,F10-14 10-14 år,2025,Personer,244
1866 Hadsel,1 Menn,F15-19 15-19 år,2025,Personer,260
1866 Hadsel,1 Menn,F20-24 20-24 år,2025,Personer,224
1866 Hadsel,1 Menn,F25-29 25-29 år,2025,Personer,257
1866 Hadsel,1 Menn,F30-34 30-34 år,2025,Personer,307
1866 Hadsel,1 Menn,F35-39 35-39 år,2025,Personer,274
1866 Hadsel,1 Menn,F40-44 40-44 år,2025,Personer,240
1866 Hadsel,1 Menn,F45-49 45-49 år,2025,Personer,215
1866 Hadsel,1 Menn,F50-54 50-54 år,2025,Personer,284
1866 Hadsel,1 Menn,F55-59 55-59 år,2025,Personer,337
1866 Hadsel,1 Menn,F60-64 60-64 år,2025,Personer,262
1866 Hadsel,1 Menn,F65-69 65-69 år,2025,Personer,244
1866 Hadsel,1 Menn,F70-74 70-74 år,2025,Personer,258
1866 Hadsel,1 Menn,F75-79 75-79 år,2025,Personer,230
1866 Hadsel,1 Menn,F80-84 80-84 år,2025,Personer,132
1866 Hadsel,1 Menn,F85-89 85-89 år,2025,Personer,71
1866 Hadsel,1 Menn,F90-94 90-94 år,2025,Personer,24
1866 Hadsel,1 Menn,F95-99 95-99 år,2025,Personer,4
1866 Hadsel,1 Menn,F100G5+ 100 år eller eldre,2025,Personer,0
1867 Bø (Nordland),2 Kvinner,F00-04 0-4 år,2025,Personer,44
1867 Bø (Nordland),2 Kvinner,F05-09 5-9 år,2025,Personer,54
1867 Bø (Nordland),2 Kvinner,F10-14 10-14 år,2025,Personer,50
1867 Bø (Nordland),2 Kvinner,F15-19 15-19 år,2025,Personer,46
1867 Bø (Nordland),2 Kvinner,F20-24 20-24 år,2025,Personer,45
1867 Bø (Nordland),2 Kvinner,F25-29 25-29 år,2025,Personer,75
1867 Bø (Nordland),2 Kvinner,F30-34 30-34 år,2025,Personer,71
1867 Bø (Nordland),2 Kvinner,F35-39 35-39 år,2025,Personer,62
1867 Bø (Nordland),2 Kvinner,F40-44 40-44 år,2025,Personer,48
1867 Bø (Nordland),2 Kvinner,F45-49 45-49 år,2025,Personer,73
1867 Bø (Nordland),2 Kvinner,F50-54 50-54 år,2025,Personer,81
1867 Bø (Nordland),2 Kvinner,F55-59 55-59 år,2025,Personer,114
1867 Bø (Nordland),2 Kvinner,F60-64 60-64 år,2025,Personer,103
1867 Bø (Nordland),2 Kvinner,F65-69 65-69 år,2025,Personer,101
1867 Bø (Nordland),2 Kvinner,F70-74 70-74 år,2025,Personer,68
1867 Bø (Nordland),2 Kvinner,F75-79 75-79 år,2025,Personer,82
1867 Bø (Nordland),2 Kvinner,F80-84 80-84 år,2025,Personer,72
1867 Bø (Nordland),2 Kvinner,F85-89 85-89 år,2025,Personer,59
1867 Bø (Nordland),2 Kvinner,F90-94 90-94 år,2025,Personer,28
1867 Bø (Nordland),2 Kvinner,F95-99 95-99 år,2025,Personer,9
1867 Bø (Nordland),2 Kvinner,F100G5+ 100 år eller eldre,2025,Personer,3
1867 Bø (Nordland),1 Menn,F00-04 0-4 år,2025,Personer,44
1867 Bø (Nordland),1 Menn,F05-09 5-9 år,2025,Personer,69
1867 Bø (Nordland),1 Menn,F10-14 10-14 år,2025,Personer,53
1867 Bø (Nordland),1 Menn,F15-19 15-19 år,2025,Personer,68
1867 Bø (Nordland),1 Menn,F20-24 20-24 år,2025,Personer,63
1867 Bø (Nordland),1 Menn,F25-29 25-29 år,2025,Personer,73
1867 Bø (Nordland),1 Menn,F30-34 30-34 år,2025,Personer,72
1867 Bø (Nordland),1 Menn,F35-39 35-39 år,2025,Personer,62
1867 Bø (Nordland),1 Menn,F40-44 40-44 år,2025,Personer,59
1867 Bø (Nordland),1 Menn,F45-49 45-49 år,2025,Personer,67
1867 Bø (Nordland),1 Menn,F50-54 50-54 år,2025,Personer,82
1867 Bø (Nordland),1 Menn,F55-59 55-59 år,2025,Personer,108
1867 Bø (Nordland),1 Menn,F60-64 60-64 år,2025,Personer,109
1867 Bø (Nordland),1 Menn,F65-69 65-69 år,2025,Personer,118
1867 Bø (Nordland),1 Menn,F70-74 70-74 år,2025,Personer,104
1867 Bø (Nordland),1 Menn,F75-79 75-79 år,2025,Personer,70
1867 Bø (Nordland),1 Menn,F80-84 80-84 år,2025,Personer,65
1867 Bø (Nordland),1 Menn,F85-89 85-89 år,2025,Personer,34
1867 Bø (Nordland),1 Menn,F90-94 90-94 år,2025,Personer,7
1867 Bø (Nordland),1 Menn,F95-99 95-99 år,2025,Personer,1
1867 Bø (Nordland),1 Menn,F100G5+ 100 år eller eldre,2025,Personer,1
1868 Øksnes,2 Kvinner,F00-04 0-4 år,2025,Personer,83
1868 Øksnes,2 Kvinner,F05-09 5-9 år,2025,Personer,109
1868 Øksnes,2 Kvinner,F10-14 10-14 år,2025,Personer,119
1868 Øksnes,2 Kvinner,F15-19 15-19 år,2025,Personer,116
1868 Øksnes,2 Kvinner,F20-24 20-24 år,2025,Personer,114
1868 Øksnes,2 Kvinner,F25-29 25-29 år,2025,Personer,129
1868 Øksnes,2 Kvinner,F30-34 30-34 år,2025,Personer,144
1868 Øksnes,2 Kvinner,F35-39 35-39 år,2025,Personer,137
1868 Øksnes,2 Kvinner,F40-44 40-44 år,2025,Personer,124
1868 Øksnes,2 Kvinner,F45-49 45-49 år,2025,Personer,130
1868 Øksnes,2 Kvinner,F50-54 50-54 år,2025,Personer,165
1868 Øksnes,2 Kvinner,F55-59 55-59 år,2025,Personer,169
1868 Øksnes,2 Kvinner,F60-64 60-64 år,2025,Personer,160
1868 Øksnes,2 Kvinner,F65-69 65-69 år,2025,Personer,122
1868 Øksnes,2 Kvinner,F70-74 70-74 år,2025,Personer,126
1868 Øksnes,2 Kvinner,F75-79 75-79 år,2025,Personer,123
1868 Øksnes,2 Kvinner,F80-84 80-84 år,2025,Personer,71
1868 Øksnes,2 Kvinner,F85-89 85-89 år,2025,Personer,55
1868 Øksnes,2 Kvinner,F90-94 90-94 år,2025,Personer,27
1868 Øksnes,2 Kvinner,F95-99 95-99 år,2025,Personer,9
1868 Øksnes,2 Kvinner,F100G5+ 100 år eller eldre,2025,Personer,3
1868 Øksnes,1 Menn,F00-04 0-4 år,2025,Personer,123
1868 Øksnes,1 Menn,F05-09 5-9 år,2025,Personer,101
1868 Øksnes,1 Menn,F10-14 10-14 år,2025,Personer,129
1868 Øksnes,1 Menn,F15-19 15-19 år,2025,Personer,119
1868 Øksnes,1 Menn,F20-24 20-24 år,2025,Personer,124
1868 Øksnes,1 Menn,F25-29 25-29 år,2025,Personer,155
1868 Øksnes,1 Menn,F30-34 30-34 år,2025,Personer,171
1868 Øksnes,1 Menn,F35-39 35-39 år,2025,Personer,158
1868 Øksnes,1 Menn,F40-44 40-44 år,2025,Personer,159
1868 Øksnes,1 Menn,F45-49 45-49 år,2025,Personer,129
1868 Øksnes,1 Menn,F50-54 50-54 år,2025,Personer,180
1868 Øksnes,1 Menn,F55-59 55-59 år,2025,Personer,196
1868 Øksnes,1 Menn,F60-64 60-64 år,2025,Personer,143
1868 Øksnes,1 Menn,F65-69 65-69 år,2025,Personer,144
1868 Øksnes,1 Menn,F70-74 70-74 år,2025,Personer,140
1868 Øksnes,1 Menn,F75-79 75-79 år,2025,Personer,104
1868 Øksnes,1 Menn,F80-84 80-84 år,2025,Personer,54
1868 Øksnes,1 Menn,F85-89 85-89 år,2025,Personer,43
1868 Øksnes,1 Menn,F90-94 90-94 år,2025,Personer,16
1868 Øksnes,1 Menn,F95-99 95-99 år,2025,Personer,5
1868 Øksnes,1 Menn,F100G5+ 100 år eller eldre,2025,Personer,0
1870 Sortland - Suortá,2 Kvinner,F00-04 0-4 år,2025,Personer,235
1870 Sortland - Suortá,2 Kvinner,F05-09 5-9 år,2025,Personer,285
1870 Sortland - Suortá,2 Kvinner,F10-14 10-14 år,2025,Personer,315
1870 Sortland - Suortá,2 Kvinner,F15-19 15-19 år,2025,Personer,313
1870 Sortland - Suortá,2 Kvinner,F20-24 20-24 år,2025,Personer,299
1870 Sortland - Suortá,2 Kvinner,F25-29 25-29 år,2025,Personer,321
1870 Sortland - Suortá,2 Kvinner,F30-34 30-34 år,2025,Personer,349
1870 Sortland - Suortá,2 Kvinner,F35-39 35-39 år,2025,Personer,336
1870 Sortland - Suortá,2 Kvinner,F40-44 40-44 år,2025,Personer,317
1870 Sortland - Suortá,2 Kvinner,F45-49 45-49 år,2025,Personer,307
1870 Sortland - Suortá,2 Kvinner,F50-54 50-54 år,2025,Personer,358
1870 Sortland - Suortá,2 Kvinner,F55-59 55-59 år,2025,Personer,383
1870 Sortland - Suortá,2 Kvinner,F60-64 60-64 år,2025,Personer,315
1870 Sortland - Suortá,2 Kvinner,F65-69 65-69 år,2025,Personer,308
1870 Sortland - Suortá,2 Kvinner,F70-74 70-74 år,2025,Personer,304
1870 Sortland - Suortá,2 Kvinner,F75-79 75-79 år,2025,Personer,261
1870 Sortland - Suortá,2 Kvinner,F80-84 80-84 år,2025,Personer,174
1870 Sortland - Suortá,2 Kvinner,F85-89 85-89 år,2025,Personer,83
1870 Sortland - Suortá,2 Kvinner,F90-94 90-94 år,2025,Personer,40
1870 Sortland - Suortá,2 Kvinner,F95-99 95-99 år,2025,Personer,15
1870 Sortland - Suortá,2 Kvinner,F100G5+ 100 år eller eldre,2025,Personer,2
1870 Sortland - Suortá,1 Menn,F00-04 0-4 år,2025,Personer,267
1870 Sortland - Suortá,1 Menn,F05-09 5-9 år,2025,Personer,322
1870 Sortland - Suortá,1 Menn,F10-14 10-14 år,2025,Personer,341
1870 Sortland - Suortá,1 Menn,F15-19 15-19 år,2025,Personer,381
1870 Sortland - Suortá,1 Menn,F20-24 20-24 år,2025,Personer,312
1870 Sortland - Suortá,1 Menn,F25-29 25-29 år,2025,Personer,363
1870 Sortland - Suortá,1 Menn,F30-34 30-34 år,2025,Personer,388
1870 Sortland - Suortá,1 Menn,F35-39 35-39 år,2025,Personer,319
1870 Sortland - Suortá,1 Menn,F40-44 40-44 år,2025,Personer,352
1870 Sortland - Suortá,1 Menn,F45-49 45-49 år,2025,Personer,321
1870 Sortland - Suortá,1 Menn,F50-54 50-54 år,2025,Personer,357
1870 Sortland - Suortá,1 Menn,F55-59 55-59 år,2025,Personer,361
1870 Sortland - Suortá,1 Menn,F60-64 60-64 år,2025,Personer,330
1870 Sortland - Suortá,1 Menn,F65-69 65-69 år,2025,Personer,289
1870 Sortland - Suortá,1 Menn,F70-74 70-74 år,2025,Personer,291
1870 Sortland - Suortá,1 Menn,F75-79 75-79 år,2025,Personer,236
1870 Sortland - Suortá,1 Menn,F80-84 80-84 år,2025,Personer,146
1870 Sortland - Suortá,1 Menn,F85-89 85-89 år,2025,Personer,58
1870 Sortland - Suortá,1 Menn,F90-94 90-94 år,2025,Personer,20
1870 Sortland - Suortá,1 Menn,F95-99 95-99 år,2025,Personer,6
1870 Sortland - Suortá,1 Menn,F100G5+ 100 år eller eldre,2025,Personer,1
1871 Andøy,2 Kvinner,F00-04 0-4 år,2025,Personer,92
1871 Andøy,2 Kvinner,F05-09 5-9 år,2025,Personer,100
1871 Andøy,2 Kvinner,F10-14 10-14 år,2025,Personer,103
1871 Andøy,2 Kvinner,F15-19 15-19 år,2025,Personer,103
1871 Andøy,2 Kvinner,F20-24 20-24 år,2025,Personer,108
1871 Andøy,2 Kvinner,F25-29 25-29 år,2025,Personer,111
1871 Andøy,2 Kvinner,F30-34 30-34 år,2025,Personer,143
1871 Andøy,2 Kvinner,F35-39 35-39 år,2025,Personer,118
1871 Andøy,2 Kvinner,F40-44 40-44 år,2025,Personer,115
1871 Andøy,2 Kvinner,F45-49 45-49 år,2025,Personer,94
1871 Andøy,2 Kvinner,F50-54 50-54 år,2025,Personer,156
1871 Andøy,2 Kvinner,F55-59 55-59 år,2025,Personer,164
1871 Andøy,2 Kvinner,F60-64 60-64 år,2025,Personer,164
1871 Andøy,2 Kvinner,F65-69 65-69 år,2025,Personer,139
1871 Andøy,2 Kvinner,F70-74 70-74 år,2025,Personer,137
1871 Andøy,2 Kvinner,F75-79 75-79 år,2025,Personer,143
1871 Andøy,2 Kvinner,F80-84 80-84 år,2025,Personer,105
1871 Andøy,2 Kvinner,F85-89 85-89 år,2025,Personer,71
1871 Andøy,2 Kvinner,F90-94 90-94 år,2025,Personer,21
1871 Andøy,2 Kvinner,F95-99 95-99 år,2025,Personer,6
1871 Andøy,2 Kvinner,F100G5+ 100 år eller eldre,2025,Personer,2
1871 Andøy,1 Menn,F00-04 0-4 år,2025,Personer,110
1871 Andøy,1 Menn,F05-09 5-9 år,2025,Personer,107
1871 Andøy,1 Menn,F10-14 10-14 år,2025,Personer,112
1871 Andøy,1 Menn,F15-19 15-19 år,2025,Personer,139
1871 Andøy,1 Menn,F20-24 20-24 år,2025,Personer,111
1871 Andøy,1 Menn,F25-29 25-29 år,2025,Personer,153
1871 Andøy,1 Menn,F30-34 30-34 år,2025,Personer,142
1871 Andøy,1 Menn,F35-39 35-39 år,2025,Personer,122
1871 Andøy,1 Menn,F40-44 40-44 år,2025,Personer,118
1871 Andøy,1 Menn,F45-49 45-49 år,2025,Personer,136
1871 Andøy,1 Menn,F50-54 50-54 år,2025,Personer,138
1871 Andøy,1 Menn,F55-59 55-59 år,2025,Personer,181
1871 Andøy,1 Menn,F60-64 60-64 år,2025,Personer,167
1871 Andøy,1 Menn,F65-69 65-69 år,2025,Personer,154
1871 Andøy,1 Menn,F70-74 70-74 år,2025,Personer,155
1871 Andøy,1 Menn,F75-79 75-79 år,2025,Personer,147
1871 Andøy,1 Menn,F80-84 80-84 år,2025,Personer,88
1871 Andøy,1 Menn,F85-89 85-89 år,2025,Personer,44
1871 Andøy,1 Menn,F90-94 90-94 år,2025,Personer,20
1871 Andøy,1 Menn,F95-99 95-99 år,2025,Personer,3
1871 Andøy,1 Menn,F100G5+ 100 år eller eldre,2025,Personer,0
1874 Moskenes,2 Kvinner,F00-04 0-4 år,2025,Personer,12
1874 Moskenes,2 Kvinner,F05-09 5-9 år,2025,Personer,14
1874 Moskenes,2 Kvinner,F10-14 10-14 år,2025,Personer,18
1874 Moskenes,2 Kvinner,F15-19 15-19 år,2025,Personer,17
1874 Moskenes,2 Kvinner,F20-24 20-24 år,2025,Personer,19
1874 Moskenes,2 Kvinner,F25-29 25-29 år,2025,Personer,33
1874 Moskenes,2 Kvinner,F30-34 30-34 år,2025,Personer,33
1874 Moskenes,2 Kvinner,F35-39 35-39 år,2025,Personer,34
1874 Moskenes,2 Kvinner,F40-44 40-44 år,2025,Personer,26
1874 Moskenes,2 Kvinner,F45-49 45-49 år,2025,Personer,35
1874 Moskenes,2 Kvinner,F50-54 50-54 år,2025,Personer,29
1874 Moskenes,2 Kvinner,F55-59 55-59 år,2025,Personer,28
1874 Moskenes,2 Kvinner,F60-64 60-64 år,2025,Personer,30
1874 Moskenes,2 Kvinner,F65-69 65-69 år,2025,Personer,32
1874 Moskenes,2 Kvinner,F70-74 70-74 år,2025,Personer,21
1874 Moskenes,2 Kvinner,F75-79 75-79 år,2025,Personer,30
1874 Moskenes,2 Kvinner,F80-84 80-84 år,2025,Personer,21
1874 Moskenes,2 Kvinner,F85-89 85-89 år,2025,Personer,13
1874 Moskenes,2 Kvinner,F90-94 90-94 år,2025,Personer,11
1874 Moskenes,2 Kvinner,F95-99 95-99 år,2025,Personer,2
1874 Moskenes,2 Kvinner,F100G5+ 100 år eller eldre,2025,Personer,0
1874 Moskenes,1 Menn,F00-04 0-4 år,2025,Personer,15
1874 Moskenes,1 Menn,F05-09 5-9 år,2025,Personer,14
1874 Moskenes,1 Menn,F10-14 10-14 år,2025,Personer,17
1874 Moskenes,1 Menn,F15-19 15-19 år,2025,Personer,18
1874 Moskenes,1 Menn,F20-24 20-24 år,2025,Personer,24
1874 Moskenes,1 Menn,F25-29 25-29 år,2025,Personer,23
1874 Moskenes,1 Menn,F30-34 30-34 år,2025,Personer,34
1874 Moskenes,1 Menn,F35-39 35-39 år,2025,Personer,38
1874 Moskenes,1 Menn,F40-44 40-44 år,2025,Personer,40
1874 Moskenes,1 Menn,F45-49 45-49 år,2025,Personer,40
1874 Moskenes,1 Menn,F50-54 50-54 år,2025,Personer,36
1874 Moskenes,1 Menn,F55-59 55-59 år,2025,Personer,37
1874 Moskenes,1 Menn,F60-64 60-64 år,2025,Personer,40
1874 Moskenes,1 Menn,F65-69 65-69 år,2025,Personer,39
1874 Moskenes,1 Menn,F70-74 70-74 år,2025,Personer,30
1874 Moskenes,1 Menn,F75-79 75-79 år,2025,Personer,23
1874 Moskenes,1 Menn,F80-84 80-84 år,2025,Personer,20
1874 Moskenes,1 Menn,F85-89 85-89 år,2025,Personer,15
1874 Moskenes,1 Menn,F90-94 90-94 år,2025,Personer,7
1874 Moskenes,1 Menn,F95-99 95-99 år,2025,Personer,1
1874 Moskenes,1 Menn,F100G5+ 100 år eller eldre,2025,Personer,0
1875 Hábmer - Hamarøy,2 Kvinner,F00-04 0-4 år,2025,Personer,56
1875 Hábmer - Hamarøy,2 Kvinner,F05-09 5-9 år,2025,Personer,47
1875 Hábmer - Hamarøy,2 Kvinner,F10-14 10-14 år,2025,Personer,68
1875 Hábmer - Hamarøy,2 Kvinner,F15-19 15-19 år,2025,Personer,89
1875 Hábmer - Hamarøy,2 Kvinner,F20-24 20-24 år,2025,Personer,71
1875 Hábmer - Hamarøy,2 Kvinner,F25-29 25-29 år,2025,Personer,60
1875 Hábmer - Hamarøy,2 Kvinner,F30-34 30-34 år,2025,Personer,76
1875 Hábmer - Hamarøy,2 Kvinner,F35-39 35-39 år,2025,Personer,78
1875 Hábmer - Hamarøy,2 Kvinner,F40-44 40-44 år,2025,Personer,75
1875 Hábmer - Hamarøy,2 Kvinner,F45-49 45-49 år,2025,Personer,80
1875 Hábmer - Hamarøy,2 Kvinner,F50-54 50-54 år,2025,Personer,73
1875 Hábmer - Hamarøy,2 Kvinner,F55-59 55-59 år,2025,Personer,102
1875 Hábmer - Hamarøy,2 Kvinner,F60-64 60-64 år,2025,Personer,108
1875 Hábmer - Hamarøy,2 Kvinner,F65-69 65-69 år,2025,Personer,96
1875 Hábmer - Hamarøy,2 Kvinner,F70-74 70-74 år,2025,Personer,83
1875 Hábmer - Hamarøy,2 Kvinner,F75-79 75-79 år,2025,Personer,90
1875 Hábmer - Hamarøy,2 Kvinner,F80-84 80-84 år,2025,Personer,58
1875 Hábmer - Hamarøy,2 Kvinner,F85-89 85-89 år,2025,Personer,28
1875 Hábmer - Hamarøy,2 Kvinner,F90-94 90-94 år,2025,Personer,18
1875 Hábmer - Hamarøy,2 Kvinner,F95-99 95-99 år,2025,Personer,5
1875 Hábmer - Hamarøy,2 Kvinner,F100G5+ 100 år eller eldre,2025,Personer,2
1875 Hábmer - Hamarøy,1 Menn,F00-04 0-4 år,2025,Personer,61
1875 Hábmer - Hamarøy,1 Menn,F05-09 5-9 år,2025,Personer,61
1875 Hábmer - Hamarøy,1 Menn,F10-14 10-14 år,2025,Personer,72
1875 Hábmer - Hamarøy,1 Menn,F15-19 15-19 år,2025,Personer,81
1875 Hábmer - Hamarøy,1 Menn,F20-24 20-24 år,2025,Personer,68
1875 Hábmer - Hamarøy,1 Menn,F25-29 25-29 år,2025,Personer,83
1875 Hábmer - Hamarøy,1 Menn,F30-34 30-34 år,2025,Personer,71
1875 Hábmer - Hamarøy,1 Menn,F35-39 35-39 år,2025,Personer,93
1875 Hábmer - Hamarøy,1 Menn,F40-44 40-44 år,2025,Personer,92
1875 Hábmer - Hamarøy,1 Menn,F45-49 45-49 år,2025,Personer,83
1875 Hábmer - Hamarøy,1 Menn,F50-54 50-54 år,2025,Personer,86
1875 Hábmer - Hamarøy,1 Menn,F55-59 55-59 år,2025,Personer,82
1875 Hábmer - Hamarøy,1 Menn,F60-64 60-64 år,2025,Personer,90
1875 Hábmer - Hamarøy,1 Menn,F65-69 65-69 år,2025,Personer,122
1875 Hábmer - Hamarøy,1 Menn,F70-74 70-74 år,2025,Personer,95
1875 Hábmer - Hamarøy,1 Menn,F75-79 75-79 år,2025,Personer,98
1875 Hábmer - Hamarøy,1 Menn,F80-84 80-84 år,2025,Personer,55
1875 Hábmer - Hamarøy,1 Menn,F85-89 85-89 år,2025,Personer,25
1875 Hábmer - Hamarøy,1 Menn,F90-94 90-94 år,2025,Personer,4
1875 Hábmer - Hamarøy,1 Menn,F95-99 95-99 år,2025,Personer,1
1875 Hábmer - Hamarøy,1 Menn,F100G5+ 100 år eller eldre,2025,Personer,0
5501 Tromsø,2 Kvinner,F00-04 0-4 år,2025,Personer,1899
5501 Tromsø,2 Kvinner,F05-09 5-9 år,2025,Personer,1936
5501 Tromsø,2 Kvinner,F10-14 10-14 år,2025,Personer,2042
5501 Tromsø,2 Kvinner,F15-19 15-19 år,2025,Personer,2218
5501 Tromsø,2 Kvinner,F20-24 20-24 år,2025,Personer,2759
5501 Tromsø,2 Kvinner,F25-29 25-29 år,2025,Personer,3474
5501 Tromsø,2 Kvinner,F30-34 30-34 år,2025,Personer,3289
5501 Tromsø,2 Kvinner,F35-39 35-39 år,2025,Personer,2843
5501 Tromsø,2 Kvinner,F40-44 40-44 år,2025,Personer,2576
5501 Tromsø,2 Kvinner,F45-49 45-49 år,2025,Personer,2433
5501 Tromsø,2 Kvinner,F50-54 50-54 år,2025,Personer,2671
5501 Tromsø,2 Kvinner,F55-59 55-59 år,2025,Personer,2553
5501 Tromsø,2 Kvinner,F60-64 60-64 år,2025,Personer,2203
5501 Tromsø,2 Kvinner,F65-69 65-69 år,2025,Personer,1918
5501 Tromsø,2 Kvinner,F70-74 70-74 år,2025,Personer,1670
5501 Tromsø,2 Kvinner,F75-79 75-79 år,2025,Personer,1414
5501 Tromsø,2 Kvinner,F80-84 80-84 år,2025,Personer,900
5501 Tromsø,2 Kvinner,F85-89 85-89 år,2025,Personer,477
5501 Tromsø,2 Kvinner,F90-94 90-94 år,2025,Personer,201
5501 Tromsø,2 Kvinner,F95-99 95-99 år,2025,Personer,58
5501 Tromsø,2 Kvinner,F100G5+ 100 år eller eldre,2025,Personer,7
5501 Tromsø,1 Menn,F00-04 0-4 år,2025,Personer,1997
5501 Tromsø,1 Menn,F05-09 5-9 år,2025,Personer,1981
5501 Tromsø,1 Menn,F10-14 10-14 år,2025,Personer,2223
5501 Tromsø,1 Menn,F15-19 15-19 år,2025,Personer,2487
5501 Tromsø,1 Menn,F20-24 20-24 år,2025,Personer,2671
5501 Tromsø,1 Menn,F25-29 25-29 år,2025,Personer,3536
5501 Tromsø,1 Menn,F30-34 30-34 år,2025,Personer,3591
5501 Tromsø,1 Menn,F35-39 35-39 år,2025,Personer,2915
5501 Tromsø,1 Menn,F40-44 40-44 år,2025,Personer,2726
5501 Tromsø,1 Menn,F45-49 45-49 år,2025,Personer,2445
5501 Tromsø,1 Menn,F50-54 50-54 år,2025,Personer,2729
5501 Tromsø,1 Menn,F55-59 55-59 år,2025,Personer,2588
5501 Tromsø,1 Menn,F60-64 60-64 år,2025,Personer,2112
5501 Tromsø,1 Menn,F65-69 65-69 år,2025,Personer,1805
5501 Tromsø,1 Menn,F70-74 70-74 år,2025,Personer,1579
5501 Tromsø,1 Menn,F75-79 75-79 år,2025,Personer,1245
5501 Tromsø,1 Menn,F80-84 80-84 år,2025,Personer,779
5501 Tromsø,1 Menn,F85-89 85-89 år,2025,Personer,326
5501 Tromsø,1 Menn,F90-94 90-94 år,2025,Personer,123
5501 Tromsø,1 Menn,F95-99 95-99 år,2025,Personer,20
5501 Tromsø,1 Menn,F100G5+ 100 år eller eldre,2025,Personer,2
5503 Harstad - Hárstták,2 Kvinner,F00-04 0-4 år,2025,Personer,568
5503 Harstad - Hárstták,2 Kvinner,F05-09 5-9 år,2025,Personer,621
5503 Harstad - Hárstták,2 Kvinner,F10-14 10-14 år,2025,Personer,708
5503 Harstad - Hárstták,2 Kvinner,F15-19 15-19 år,2025,Personer,738
5503 Harstad - Hárstták,2 Kvinner,F20-24 20-24 år,2025,Personer,686
5503 Harstad - Hárstták,2 Kvinner,F25-29 25-29 år,2025,Personer,727
5503 Harstad - Hárstták,2 Kvinner,F30-34 30-34 år,2025,Personer,889
5503 Harstad - Hárstták,2 Kvinner,F35-39 35-39 år,2025,Personer,725
5503 Harstad - Hárstták,2 Kvinner,F40-44 40-44 år,2025,Personer,739
5503 Harstad - Hárstták,2 Kvinner,F45-49 45-49 år,2025,Personer,779
5503 Harstad - Hárstták,2 Kvinner,F50-54 50-54 år,2025,Personer,829
5503 Harstad - Hárstták,2 Kvinner,F55-59 55-59 år,2025,Personer,788
5503 Harstad - Hárstták,2 Kvinner,F60-64 60-64 år,2025,Personer,795
5503 Harstad - Hárstták,2 Kvinner,F65-69 65-69 år,2025,Personer,760
5503 Harstad - Hárstták,2 Kvinner,F70-74 70-74 år,2025,Personer,727
5503 Harstad - Hárstták,2 Kvinner,F75-79 75-79 år,2025,Personer,676
5503 Harstad - Hárstták,2 Kvinner,F80-84 80-84 år,2025,Personer,424
5503 Harstad - Hárstták,2 Kvinner,F85-89 85-89 år,2025,Personer,248
5503 Harstad - Hárstták,2 Kvinner,F90-94 90-94 år,2025,Personer,112
5503 Harstad - Hárstták,2 Kvinner,F95-99 95-99 år,2025,Personer,29
5503 Harstad - Hárstták,2 Kvinner,F100G5+ 100 år eller eldre,2025,Personer,3
5503 Harstad - Hárstták,1 Menn,F00-04 0-4 år,2025,Personer,623
5503 Harstad - Hárstták,1 Menn,F05-09 5-9 år,2025,Personer,640
5503 Harstad - Hárstták,1 Menn,F10-14 10-14 år,2025,Personer,716
5503 Harstad - Hárstták,1 Menn,F15-19 15-19 år,2025,Personer,747
5503 Harstad - Hárstták,1 Menn,F20-24 20-24 år,2025,Personer,726
5503 Harstad - Hárstták,1 Menn,F25-29 25-29 år,2025,Personer,809
5503 Harstad - Hárstták,1 Menn,F30-34 30-34 år,2025,Personer,971
5503 Harstad - Hárstták,1 Menn,F35-39 35-39 år,2025,Personer,802
5503 Harstad - Hárstták,1 Menn,F40-44 40-44 år,2025,Personer,766
5503 Harstad - Hárstták,1 Menn,F45-49 45-49 år,2025,Personer,736
5503 Harstad - Hárstták,1 Menn,F50-54 50-54 år,2025,Personer,841
5503 Harstad - Hárstták,1 Menn,F55-59 55-59 år,2025,Personer,862
5503 Harstad - Hárstták,1 Menn,F60-64 60-64 år,2025,Personer,715
5503 Harstad - Hárstták,1 Menn,F65-69 65-69 år,2025,Personer,745
5503 Harstad - Hárstták,1 Menn,F70-74 70-74 år,2025,Personer,656
5503 Harstad - Hárstták,1 Menn,F75-79 75-79 år,2025,Personer,615
5503 Harstad - Hárstták,1 Menn,F80-84 80-84 år,2025,Personer,361
5503 Harstad - Hárstták,1 Menn,F85-89 85-89 år,2025,Personer,178
5503 Harstad - Hárstták,1 Menn,F90-94 90-94 år,2025,Personer,68
5503 Harstad - Hárstták,1 Menn,F95-99 95-99 år,2025,Personer,19
5503 Harstad - Hárstták,1 Menn,F100G5+ 100 år eller eldre,2025,Personer,0
5510 Kvæfjord,2 Kvinner,F00-04 0-4 år,2025,Personer,66
5510 Kvæfjord,2 Kvinner,F05-09 5-9 år,2025,Personer,75
5510 Kvæfjord,2 Kvinner,F10-14 10-14 år,2025,Personer,72
5510 Kvæfjord,2 Kvinner,F15-19 15-19 år,2025,Personer,69
5510 Kvæfjord,2 Kvinner,F20-24 20-24 år,2025,Personer,57
5510 Kvæfjord,2 Kvinner,F25-29 25-29 år,2025,Personer,66
5510 Kvæfjord,2 Kvinner,F30-34 30-34 år,2025,Personer,90
5510 Kvæfjord,2 Kvinner,F35-39 35-39 år,2025,Personer,89
5510 Kvæfjord,2 Kvinner,F40-44 40-44 år,2025,Personer,72
5510 Kvæfjord,2 Kvinner,F45-49 45-49 år,2025,Personer,79
5510 Kvæfjord,2 Kvinner,F50-54 50-54 år,2025,Personer,103
5510 Kvæfjord,2 Kvinner,F55-59 55-59 år,2025,Personer,100
5510 Kvæfjord,2 Kvinner,F60-64 60-64 år,2025,Personer,106
5510 Kvæfjord,2 Kvinner,F65-69 65-69 år,2025,Personer,107
5510 Kvæfjord,2 Kvinner,F70-74 70-74 år,2025,Personer,87
5510 Kvæfjord,2 Kvinner,F75-79 75-79 år,2025,Personer,89
5510 Kvæfjord,2 Kvinner,F80-84 80-84 år,2025,Personer,41
5510 Kvæfjord,2 Kvinner,F85-89 85-89 år,2025,Personer,33
5510 Kvæfjord,2 Kvinner,F90-94 90-94 år,2025,Personer,18
5510 Kvæfjord,2 Kvinner,F95-99 95-99 år,2025,Personer,1
5510 Kvæfjord,2 Kvinner,F100G5+ 100 år eller eldre,2025,Personer,2
5510 Kvæfjord,1 Menn,F00-04 0-4 år,2025,Personer,62
5510 Kvæfjord,1 Menn,F05-09 5-9 år,2025,Personer,56
5510 Kvæfjord,1 Menn,F10-14 10-14 år,2025,Personer,74
5510 Kvæfjord,1 Menn,F15-19 15-19 år,2025,Personer,106
5510 Kvæfjord,1 Menn,F20-24 20-24 år,2025,Personer,73
5510 Kvæfjord,1 Menn,F25-29 25-29 år,2025,Personer,66
5510 Kvæfjord,1 Menn,F30-34 30-34 år,2025,Personer,77
5510 Kvæfjord,1 Menn,F35-39 35-39 år,2025,Personer,100
5510 Kvæfjord,1 Menn,F40-44 40-44 år,2025,Personer,66
5510 Kvæfjord,1 Menn,F45-49 45-49 år,2025,Personer,70
5510 Kvæfjord,1 Menn,F50-54 50-54 år,2025,Personer,107
5510 Kvæfjord,1 Menn,F55-59 55-59 år,2025,Personer,108
5510 Kvæfjord,1 Menn,F60-64 60-64 år,2025,Personer,105
5510 Kvæfjord,1 Menn,F65-69 65-69 år,2025,Personer,98
5510 Kvæfjord,1 Menn,F70-74 70-74 år,2025,Personer,91
5510 Kvæfjord,1 Menn,F75-79 75-79 år,2025,Personer,92
5510 Kvæfjord,1 Menn,F80-84 80-84 år,2025,Personer,44
5510 Kvæfjord,1 Menn,F85-89 85-89 år,2025,Personer,26
5510 Kvæfjord,1 Menn,F90-94 90-94 år,2025,Personer,7
5510 Kvæfjord,1 Menn,F95-99 95-99 år,2025,Personer,2
5510 Kvæfjord,1 Menn,F100G5+ 100 år eller eldre,2025,Personer,0
5512 Dielddanuorri - Tjeldsund,2 Kvinner,F00-04 0-4 år,2025,Personer,81
5512 Dielddanuorri - Tjeldsund,2 Kvinner,F05-09 5-9 år,2025,Personer,87
5512 Dielddanuorri - Tjeldsund,2 Kvinner,F10-14 10-14 år,2025,Personer,107
5512 Dielddanuorri - Tjeldsund,2 Kvinner,F15-19 15-19 år,2025,Personer,114
5512 Dielddanuorri - Tjeldsund,2 Kvinner,F20-24 20-24 år,2025,Personer,110
5512 Dielddanuorri - Tjeldsund,2 Kvinner,F25-29 25-29 år,2025,Personer,91
5512 Dielddanuorri - Tjeldsund,2 Kvinner,F30-34 30-34 år,2025,Personer,104
5512 Dielddanuorri - Tjeldsund,2 Kvinner,F35-39 35-39 år,2025,Personer,94
5512 Dielddanuorri - Tjeldsund,2 Kvinner,F40-44 40-44 år,2025,Personer,106
5512 Dielddanuorri - Tjeldsund,2 Kvinner,F45-49 45-49 år,2025,Personer,118
5512 Dielddanuorri - Tjeldsund,2 Kvinner,F50-54 50-54 år,2025,Personer,127
5512 Dielddanuorri - Tjeldsund,2 Kvinner,F55-59 55-59 år,2025,Personer,134
5512 Dielddanuorri - Tjeldsund,2 Kvinner,F60-64 60-64 år,2025,Personer,143
5512 Dielddanuorri - Tjeldsund,2 Kvinner,F65-69 65-69 år,2025,Personer,166
5512 Dielddanuorri - Tjeldsund,2 Kvinner,F70-74 70-74 år,2025,Personer,140
5512 Dielddanuorri - Tjeldsund,2 Kvinner,F75-79 75-79 år,2025,Personer,132
5512 Dielddanuorri - Tjeldsund,2 Kvinner,F80-84 80-84 år,2025,Personer,96
5512 Dielddanuorri - Tjeldsund,2 Kvinner,F85-89 85-89 år,2025,Personer,55
5512 Dielddanuorri - Tjeldsund,2 Kvinner,F90-94 90-94 år,2025,Personer,22
5512 Dielddanuorri - Tjeldsund,2 Kvinner,F95-99 95-99 år,2025,Personer,11
5512 Dielddanuorri - Tjeldsund,2 Kvinner,F100G5+ 100 år eller eldre,2025,Personer,2
5512 Dielddanuorri - Tjeldsund,1 Menn,F00-04 0-4 år,2025,Personer,71
5512 Dielddanuorri - Tjeldsund,1 Menn,F05-09 5-9 år,2025,Personer,89
5512 Dielddanuorri - Tjeldsund,1 Menn,F10-14 10-14 år,2025,Personer,120
5512 Dielddanuorri - Tjeldsund,1 Menn,F15-19 15-19 år,2025,Personer,116
5512 Dielddanuorri - Tjeldsund,1 Menn,F20-24 20-24 år,2025,Personer,99
5512 Dielddanuorri - Tjeldsund,1 Menn,F25-29 25-29 år,2025,Personer,114
5512 Dielddanuorri - Tjeldsund,1 Menn,F30-34 30-34 år,2025,Personer,122
5512 Dielddanuorri - Tjeldsund,1 Menn,F35-39 35-39 år,2025,Personer,100
5512 Dielddanuorri - Tjeldsund,1 Menn,F40-44 40-44 år,2025,Personer,123
5512 Dielddanuorri - Tjeldsund,1 Menn,F45-49 45-49 år,2025,Personer,129
5512 Dielddanuorri - Tjeldsund,1 Menn,F50-54 50-54 år,2025,Personer,164
5512 Dielddanuorri - Tjeldsund,1 Menn,F55-59 55-59 år,2025,Personer,149
5512 Dielddanuorri - Tjeldsund,1 Menn,F60-64 60-64 år,2025,Personer,164
5512 Dielddanuorri - Tjeldsund,1 Menn,F65-69 65-69 år,2025,Personer,151
5512 Dielddanuorri - Tjeldsund,1 Menn,F70-74 70-74 år,2025,Personer,153
5512 Dielddanuorri - Tjeldsund,1 Menn,F75-79 75-79 år,2025,Personer,146
5512 Dielddanuorri - Tjeldsund,1 Menn,F80-84 80-84 år,2025,Personer,107
5512 Dielddanuorri - Tjeldsund,1 Menn,F85-89 85-89 år,2025,Personer,39
5512 Dielddanuorri - Tjeldsund,1 Menn,F90-94 90-94 år,2025,Personer,10
5512 Dielddanuorri - Tjeldsund,1 Menn,F95-99 95-99 år,2025,Personer,3
5512 Dielddanuorri - Tjeldsund,1 Menn,F100G5+ 100 år eller eldre,2025,Personer,0
5514 Ibestad,2 Kvinner,F00-04 0-4 år,2025,Personer,21
5514 Ibestad,2 Kvinner,F05-09 5-9 år,2025,Personer,22
5514 Ibestad,2 Kvinner,F10-14 10-14 år,2025,Personer,28
5514 Ibestad,2 Kvinner,F15-19 15-19 år,2025,Personer,26
5514 Ibestad,2 Kvinner,F20-24 20-24 år,2025,Personer,22
5514 Ibestad,2 Kvinner,F25-29 25-29 år,2025,Personer,23
5514 Ibestad,2 Kvinner,F30-34 30-34 år,2025,Personer,27
5514 Ibestad,2 Kvinner,F35-39 35-39 år,2025,Personer,39
5514 Ibestad,2 Kvinner,F40-44 40-44 år,2025,Personer,30
5514 Ibestad,2 Kvinner,F45-49 45-49 år,2025,Personer,26
5514 Ibestad,2 Kvinner,F50-54 50-54 år,2025,Personer,30
5514 Ibestad,2 Kvinner,F55-59 55-59 år,2025,Personer,49
5514 Ibestad,2 Kvinner,F60-64 60-64 år,2025,Personer,54
5514 Ibestad,2 Kvinner,F65-69 65-69 år,2025,Personer,54
5514 Ibestad,2 Kvinner,F70-74 70-74 år,2025,Personer,48
5514 Ibestad,2 Kvinner,F75-79 75-79 år,2025,Personer,48
5514 Ibestad,2 Kvinner,F80-84 80-84 år,2025,Personer,32
5514 Ibestad,2 Kvinner,F85-89 85-89 år,2025,Personer,22
5514 Ibestad,2 Kvinner,F90-94 90-94 år,2025,Personer,19
5514 Ibestad,2 Kvinner,F95-99 95-99 år,2025,Personer,3
5514 Ibestad,2 Kvinner,F100G5+ 100 år eller eldre,2025,Personer,0
5514 Ibestad,1 Menn,F00-04 0-4 år,2025,Personer,13
5514 Ibestad,1 Menn,F05-09 5-9 år,2025,Personer,21
5514 Ibestad,1 Menn,F10-14 10-14 år,2025,Personer,26
5514 Ibestad,1 Menn,F15-19 15-19 år,2025,Personer,48
5514 Ibestad,1 Menn,F20-24 20-24 år,2025,Personer,45
5514 Ibestad,1 Menn,F25-29 25-29 år,2025,Personer,28
5514 Ibestad,1 Menn,F30-34 30-34 år,2025,Personer,25
5514 Ibestad,1 Menn,F35-39 35-39 år,2025,Personer,40
5514 Ibestad,1 Menn,F40-44 40-44 år,2025,Personer,30
5514 Ibestad,1 Menn,F45-49 45-49 år,2025,Personer,37
5514 Ibestad,1 Menn,F50-54 50-54 år,2025,Personer,36
5514 Ibestad,1 Menn,F55-59 55-59 år,2025,Personer,48
5514 Ibestad,1 Menn,F60-64 60-64 år,2025,Personer,60
5514 Ibestad,1 Menn,F65-69 65-69 år,2025,Personer,60
5514 Ibestad,1 Menn,F70-74 70-74 år,2025,Personer,54
5514 Ibestad,1 Menn,F75-79 75-79 år,2025,Personer,46
5514 Ibestad,1 Menn,F80-84 80-84 år,2025,Personer,41
5514 Ibestad,1 Menn,F85-89 85-89 år,2025,Personer,13
5514 Ibestad,1 Menn,F90-94 90-94 år,2025,Personer,6
5514 Ibestad,1 Menn,F95-99 95-99 år,2025,Personer,1
5514 Ibestad,1 Menn,F100G5+ 100 år eller eldre,2025,Personer,0
5516 Gratangen - Rivtták,2 Kvinner,F00-04 0-4 år,2025,Personer,16
5516 Gratangen - Rivtták,2 Kvinner,F05-09 5-9 år,2025,Personer,23
5516 Gratangen - Rivtták,2 Kvinner,F10-14 10-14 år,2025,Personer,30
5516 Gratangen - Rivtták,2 Kvinner,F15-19 15-19 år,2025,Personer,23
5516 Gratangen - Rivtták,2 Kvinner,F20-24 20-24 år,2025,Personer,27
5516 Gratangen - Rivtták,2 Kvinner,F25-29 25-29 år,2025,Personer,21
5516 Gratangen - Rivtták,2 Kvinner,F30-34 30-34 år,2025,Personer,25
5516 Gratangen - Rivtták,2 Kvinner,F35-39 35-39 år,2025,Personer,26
5516 Gratangen - Rivtták,2 Kvinner,F40-44 40-44 år,2025,Personer,20
5516 Gratangen - Rivtták,2 Kvinner,F45-49 45-49 år,2025,Personer,24
5516 Gratangen - Rivtták,2 Kvinner,F50-54 50-54 år,2025,Personer,39
5516 Gratangen - Rivtták,2 Kvinner,F55-59 55-59 år,2025,Personer,41
5516 Gratangen - Rivtták,2 Kvinner,F60-64 60-64 år,2025,Personer,44
5516 Gratangen - Rivtták,2 Kvinner,F65-69 65-69 år,2025,Personer,29
5516 Gratangen - Rivtták,2 Kvinner,F70-74 70-74 år,2025,Personer,29
5516 Gratangen - Rivtták,2 Kvinner,F75-79 75-79 år,2025,Personer,28
5516 Gratangen - Rivtták,2 Kvinner,F80-84 80-84 år,2025,Personer,23
5516 Gratangen - Rivtták,2 Kvinner,F85-89 85-89 år,2025,Personer,18
5516 Gratangen - Rivtták,2 Kvinner,F90-94 90-94 år,2025,Personer,12
5516 Gratangen - Rivtták,2 Kvinner,F95-99 95-99 år,2025,Personer,0
5516 Gratangen - Rivtták,2 Kvinner,F100G5+ 100 år eller eldre,2025,Personer,1
5516 Gratangen - Rivtták,1 Menn,F00-04 0-4 år,2025,Personer,15
5516 Gratangen - Rivtták,1 Menn,F05-09 5-9 år,2025,Personer,26
5516 Gratangen - Rivtták,1 Menn,F10-14 10-14 år,2025,Personer,27
5516 Gratangen - Rivtták,1 Menn,F15-19 15-19 år,2025,Personer,28
5516 Gratangen - Rivtták,1 Menn,F20-24 20-24 år,2025,Personer,29
5516 Gratangen - Rivtták,1 Menn,F25-29 25-29 år,2025,Personer,20
5516 Gratangen - Rivtták,1 Menn,F30-34 30-34 år,2025,Personer,44
5516 Gratangen - Rivtták,1 Menn,F35-39 35-39 år,2025,Personer,27
5516 Gratangen - Rivtták,1 Menn,F40-44 40-44 år,2025,Personer,31
5516 Gratangen - Rivtták,1 Menn,F45-49 45-49 år,2025,Personer,26
5516 Gratangen - Rivtták,1 Menn,F50-54 50-54 år,2025,Personer,46
5516 Gratangen - Rivtták,1 Menn,F55-59 55-59 år,2025,Personer,45
5516 Gratangen - Rivtták,1 Menn,F60-64 60-64 år,2025,Personer,47
5516 Gratangen - Rivtták,1 Menn,F65-69 65-69 år,2025,Personer,46
5516 Gratangen - Rivtták,1 Menn,F70-74 70-74 år,2025,Personer,41
5516 Gratangen - Rivtták,1 Menn,F75-79 75-79 år,2025,Personer,25
5516 Gratangen - Rivtták,1 Menn,F80-84 80-84 år,2025,Personer,21
5516 Gratangen - Rivtták,1 Menn,F85-89 85-89 år,2025,Personer,13
5516 Gratangen - Rivtták,1 Menn,F90-94 90-94 år,2025,Personer,6
5516 Gratangen - Rivtták,1 Menn,F95-99 95-99 år,2025,Personer,0
5516 Gratangen - Rivtták,1 Menn,F100G5+ 100 år eller eldre,2025,Personer,0
5518 Loabák - Lavangen,2 Kvinner,F00-04 0-4 år,2025,Personer,22
5518 Loabák - Lavangen,2 Kvinner,F05-09 5-9 år,2025,Personer,23
5518 Loabák - Lavangen,2 Kvinner,F10-14 10-14 år,2025,Personer,39
5518 Loabák - Lavangen,2 Kvinner,F15-19 15-19 år,2025,Personer,40
5518 Loabák - Lavangen,2 Kvinner,F20-24 20-24 år,2025,Personer,25
5518 Loabák - Lavangen,2 Kvinner,F25-29 25-29 år,2025,Personer,20
5518 Loabák - Lavangen,2 Kvinner,F30-34 30-34 år,2025,Personer,23
5518 Loabák - Lavangen,2 Kvinner,F35-39 35-39 år,2025,Personer,20
5518 Loabák - Lavangen,2 Kvinner,F40-44 40-44 år,2025,Personer,19
5518 Loabák - Lavangen,2 Kvinner,F45-49 45-49 år,2025,Personer,35
5518 Loabák - Lavangen,2 Kvinner,F50-54 50-54 år,2025,Personer,32
5518 Loabák - Lavangen,2 Kvinner,F55-59 55-59 år,2025,Personer,32
5518 Loabák - Lavangen,2 Kvinner,F60-64 60-64 år,2025,Personer,29
5518 Loabák - Lavangen,2 Kvinner,F65-69 65-69 år,2025,Personer,40
5518 Loabák - Lavangen,2 Kvinner,F70-74 70-74 år,2025,Personer,25
5518 Loabák - Lavangen,2 Kvinner,F75-79 75-79 år,2025,Personer,25
5518 Loabák - Lavangen,2 Kvinner,F80-84 80-84 år,2025,Personer,18
5518 Loabák - Lavangen,2 Kvinner,F85-89 85-89 år,2025,Personer,19
5518 Loabák - Lavangen,2 Kvinner,F90-94 90-94 år,2025,Personer,8
5518 Loabák - Lavangen,2 Kvinner,F95-99 95-99 år,2025,Personer,4
5518 Loabák - Lavangen,2 Kvinner,F100G5+ 100 år eller eldre,2025,Personer,0
5518 Loabák - Lavangen,1 Menn,F00-04 0-4 år,2025,Personer,14
5518 Loabák - Lavangen,1 Menn,F05-09 5-9 år,2025,Personer,20
5518 Loabák - Lavangen,1 Menn,F10-14 10-14 år,2025,Personer,34
5518 Loabák - Lavangen,1 Menn,F15-19 15-19 år,2025,Personer,28
5518 Loabák - Lavangen,1 Menn,F20-24 20-24 år,2025,Personer,27
5518 Loabák - Lavangen,1 Menn,F25-29 25-29 år,2025,Personer,17
5518 Loabák - Lavangen,1 Menn,F30-34 30-34 år,2025,Personer,18
5518 Loabák - Lavangen,1 Menn,F35-39 35-39 år,2025,Personer,16
5518 Loabák - Lavangen,1 Menn,F40-44 40-44 år,2025,Personer,32
5518 Loabák - Lavangen,1 Menn,F45-49 45-49 år,2025,Personer,27
5518 Loabák - Lavangen,1 Menn,F50-54 50-54 år,2025,Personer,42
5518 Loabák - Lavangen,1 Menn,F55-59 55-59 år,2025,Personer,40
5518 Loabák - Lavangen,1 Menn,F60-64 60-64 år,2025,Personer,42
5518 Loabák - Lavangen,1 Menn,F65-69 65-69 år,2025,Personer,33
5518 Loabák - Lavangen,1 Menn,F70-74 70-74 år,2025,Personer,25
5518 Loabák - Lavangen,1 Menn,F75-79 75-79 år,2025,Personer,41
5518 Loabák - Lavangen,1 Menn,F80-84 80-84 år,2025,Personer,21
5518 Loabák - Lavangen,1 Menn,F85-89 85-89 år,2025,Personer,5
5518 Loabák - Lavangen,1 Menn,F90-94 90-94 år,2025,Personer,5
5518 Loabák - Lavangen,1 Menn,F95-99 95-99 år,2025,Personer,0
5518 Loabák - Lavangen,1 Menn,F100G5+ 100 år eller eldre,2025,Personer,0
5520 Bardu,2 Kvinner,F00-04 0-4 år,2025,Personer,79
5520 Bardu,2 Kvinner,F05-09 5-9 år,2025,Personer,86
5520 Bardu,2 Kvinner,F10-14 10-14 år,2025,Personer,106
5520 Bardu,2 Kvinner,F15-19 15-19 år,2025,Personer,138
5520 Bardu,2 Kvinner,F20-24 20-24 år,2025,Personer,157
5520 Bardu,2 Kvinner,F25-29 25-29 år,2025,Personer,142
5520 Bardu,2 Kvinner,F30-34 30-34 år,2025,Personer,112
5520 Bardu,2 Kvinner,F35-39 35-39 år,2025,Personer,118
5520 Bardu,2 Kvinner,F40-44 40-44 år,2025,Personer,101
5520 Bardu,2 Kvinner,F45-49 45-49 år,2025,Personer,114
5520 Bardu,2 Kvinner,F50-54 50-54 år,2025,Personer,124
5520 Bardu,2 Kvinner,F55-59 55-59 år,2025,Personer,107
5520 Bardu,2 Kvinner,F60-64 60-64 år,2025,Personer,100
5520 Bardu,2 Kvinner,F65-69 65-69 år,2025,Personer,99
5520 Bardu,2 Kvinner,F70-74 70-74 år,2025,Personer,97
5520 Bardu,2 Kvinner,F75-79 75-79 år,2025,Personer,116
5520 Bardu,2 Kvinner,F80-84 80-84 år,2025,Personer,75
5520 Bardu,2 Kvinner,F85-89 85-89 år,2025,Personer,37
5520 Bardu,2 Kvinner,F90-94 90-94 år,2025,Personer,13
5520 Bardu,2 Kvinner,F95-99 95-99 år,2025,Personer,7
5520 Bardu,2 Kvinner,F100G5+ 100 år eller eldre,2025,Personer,1
5520 Bardu,1 Menn,F00-04 0-4 år,2025,Personer,96
5520 Bardu,1 Menn,F05-09 5-9 år,2025,Personer,104
5520 Bardu,1 Menn,F10-14 10-14 år,2025,Personer,120
5520 Bardu,1 Menn,F15-19 15-19 år,2025,Personer,124
5520 Bardu,1 Menn,F20-24 20-24 år,2025,Personer,202
5520 Bardu,1 Menn,F25-29 25-29 år,2025,Personer,175
5520 Bardu,1 Menn,F30-34 30-34 år,2025,Personer,135
5520 Bardu,1 Menn,F35-39 35-39 år,2025,Personer,111
5520 Bardu,1 Menn,F40-44 40-44 år,2025,Personer,114
5520 Bardu,1 Menn,F45-49 45-49 år,2025,Personer,107
5520 Bardu,1 Menn,F50-54 50-54 år,2025,Personer,113
5520 Bardu,1 Menn,F55-59 55-59 år,2025,Personer,127
5520 Bardu,1 Menn,F60-64 60-64 år,2025,Personer,90
5520 Bardu,1 Menn,F65-69 65-69 år,2025,Personer,107
5520 Bardu,1 Menn,F70-74 70-74 år,2025,Personer,107
5520 Bardu,1 Menn,F75-79 75-79 år,2025,Personer,97
5520 Bardu,1 Menn,F80-84 80-84 år,2025,Personer,63
5520 Bardu,1 Menn,F85-89 85-89 år,2025,Personer,23
5520 Bardu,1 Menn,F90-94 90-94 år,2025,Personer,13
5520 Bardu,1 Menn,F95-99 95-99 år,2025,Personer,4
5520 Bardu,1 Menn,F100G5+ 100 år eller eldre,2025,Personer,0
5522 Salangen,2 Kvinner,F00-04 0-4 år,2025,Personer,41
5522 Salangen,2 Kvinner,F05-09 5-9 år,2025,Personer,37
5522 Salangen,2 Kvinner,F10-14 10-14 år,2025,Personer,51
5522 Salangen,2 Kvinner,F15-19 15-19 år,2025,Personer,66
5522 Salangen,2 Kvinner,F20-24 20-24 år,2025,Personer,53
5522 Salangen,2 Kvinner,F25-29 25-29 år,2025,Personer,44
5522 Salangen,2 Kvinner,F30-34 30-34 år,2025,Personer,58
5522 Salangen,2 Kvinner,F35-39 35-39 år,2025,Personer,38
5522 Salangen,2 Kvinner,F40-44 40-44 år,2025,Personer,51
5522 Salangen,2 Kvinner,F45-49 45-49 år,2025,Personer,49
5522 Salangen,2 Kvinner,F50-54 50-54 år,2025,Personer,86
5522 Salangen,2 Kvinner,F55-59 55-59 år,2025,Personer,85
5522 Salangen,2 Kvinner,F60-64 60-64 år,2025,Personer,71
5522 Salangen,2 Kvinner,F65-69 65-69 år,2025,Personer,58
5522 Salangen,2 Kvinner,F70-74 70-74 år,2025,Personer,68
5522 Salangen,2 Kvinner,F75-79 75-79 år,2025,Personer,71
5522 Salangen,2 Kvinner,F80-84 80-84 år,2025,Personer,40
5522 Salangen,2 Kvinner,F85-89 85-89 år,2025,Personer,20
5522 Salangen,2 Kvinner,F90-94 90-94 år,2025,Personer,8
5522 Salangen,2 Kvinner,F95-99 95-99 år,2025,Personer,1
5522 Salangen,2 Kvinner,F100G5+ 100 år eller eldre,2025,Personer,1
5522 Salangen,1 Menn,F00-04 0-4 år,2025,Personer,42
5522 Salangen,1 Menn,F05-09 5-9 år,2025,Personer,52
5522 Salangen,1 Menn,F10-14 10-14 år,2025,Personer,52
5522 Salangen,1 Menn,F15-19 15-19 år,2025,Personer,123
5522 Salangen,1 Menn,F20-24 20-24 år,2025,Personer,54
5522 Salangen,1 Menn,F25-29 25-29 år,2025,Personer,57
5522 Salangen,1 Menn,F30-34 30-34 år,2025,Personer,53
5522 Salangen,1 Menn,F35-39 35-39 år,2025,Personer,50
5522 Salangen,1 Menn,F40-44 40-44 år,2025,Personer,58
5522 Salangen,1 Menn,F45-49 45-49 år,2025,Personer,53
5522 Salangen,1 Menn,F50-54 50-54 år,2025,Personer,81
5522 Salangen,1 Menn,F55-59 55-59 år,2025,Personer,89
5522 Salangen,1 Menn,F60-64 60-64 år,2025,Personer,81
5522 Salangen,1 Menn,F65-69 65-69 år,2025,Personer,69
5522 Salangen,1 Menn,F70-74 70-74 år,2025,Personer,66
5522 Salangen,1 Menn,F75-79 75-79 år,2025,Personer,69
5522 Salangen,1 Menn,F80-84 80-84 år,2025,Personer,43
5522 Salangen,1 Menn,F85-89 85-89 år,2025,Personer,22
5522 Salangen,1 Menn,F90-94 90-94 år,2025,Personer,3
5522 Salangen,1 Menn,F95-99 95-99 år,2025,Personer,2
5522 Salangen,1 Menn,F100G5+ 100 år eller eldre,2025,Personer,0
5524 Målselv,2 Kvinner,F00-04 0-4 år,2025,Personer,144
5524 Målselv,2 Kvinner,F05-09 5-9 år,2025,Personer,155
5524 Målselv,2 Kvinner,F10-14 10-14 år,2025,Personer,174
5524 Målselv,2 Kvinner,F15-19 15-19 år,2025,Personer,192
5524 Målselv,2 Kvinner,F20-24 20-24 år,2025,Personer,263
5524 Målselv,2 Kvinner,F25-29 25-29 år,2025,Personer,228
5524 Målselv,2 Kvinner,F30-34 30-34 år,2025,Personer,209
5524 Målselv,2 Kvinner,F35-39 35-39 år,2025,Personer,195
5524 Målselv,2 Kvinner,F40-44 40-44 år,2025,Personer,158
5524 Målselv,2 Kvinner,F45-49 45-49 år,2025,Personer,170
5524 Målselv,2 Kvinner,F50-54 50-54 år,2025,Personer,212
5524 Målselv,2 Kvinner,F55-59 55-59 år,2025,Personer,212
5524 Målselv,2 Kvinner,F60-64 60-64 år,2025,Personer,202
5524 Målselv,2 Kvinner,F65-69 65-69 år,2025,Personer,181
5524 Målselv,2 Kvinner,F70-74 70-74 år,2025,Personer,170
5524 Målselv,2 Kvinner,F75-79 75-79 år,2025,Personer,154
5524 Målselv,2 Kvinner,F80-84 80-84 år,2025,Personer,98
5524 Målselv,2 Kvinner,F85-89 85-89 år,2025,Personer,74
5524 Målselv,2 Kvinner,F90-94 90-94 år,2025,Personer,28
5524 Målselv,2 Kvinner,F95-99 95-99 år,2025,Personer,9
5524 Målselv,2 Kvinner,F100G5+ 100 år eller eldre,2025,Personer,0
5524 Målselv,1 Menn,F00-04 0-4 år,2025,Personer,150
5524 Målselv,1 Menn,F05-09 5-9 år,2025,Personer,166
5524 Målselv,1 Menn,F10-14 10-14 år,2025,Personer,205
5524 Målselv,1 Menn,F15-19 15-19 år,2025,Personer,218
5524 Målselv,1 Menn,F20-24 20-24 år,2025,Personer,291
5524 Målselv,1 Menn,F25-29 25-29 år,2025,Personer,332
5524 Målselv,1 Menn,F30-34 30-34 år,2025,Personer,227
5524 Målselv,1 Menn,F35-39 35-39 år,2025,Personer,213
5524 Målselv,1 Menn,F40-44 40-44 år,2025,Personer,181
5524 Målselv,1 Menn,F45-49 45-49 år,2025,Personer,176
5524 Målselv,1 Menn,F50-54 50-54 år,2025,Personer,236
5524 Målselv,1 Menn,F55-59 55-59 år,2025,Personer,230
5524 Målselv,1 Menn,F60-64 60-64 år,2025,Personer,215
5524 Målselv,1 Menn,F65-69 65-69 år,2025,Personer,200
5524 Målselv,1 Menn,F70-74 70-74 år,2025,Personer,181
5524 Målselv,1 Menn,F75-79 75-79 år,2025,Personer,150
5524 Målselv,1 Menn,F80-84 80-84 år,2025,Personer,103
5524 Målselv,1 Menn,F85-89 85-89 år,2025,Personer,67
5524 Målselv,1 Menn,F90-94 90-94 år,2025,Personer,22
5524 Målselv,1 Menn,F95-99 95-99 år,2025,Personer,2
5524 Målselv,1 Menn,F100G5+ 100 år eller eldre,2025,Personer,1
5526 Sørreisa,2 Kvinner,F00-04 0-4 år,2025,Personer,88
5526 Sørreisa,2 Kvinner,F05-09 5-9 år,2025,Personer,96
5526 Sørreisa,2 Kvinner,F10-14 10-14 år,2025,Personer,108
5526 Sørreisa,2 Kvinner,F15-19 15-19 år,2025,Personer,103
5526 Sørreisa,2 Kvinner,F20-24 20-24 år,2025,Personer,97
5526 Sørreisa,2 Kvinner,F25-29 25-29 år,2025,Personer,101
5526 Sørreisa,2 Kvinner,F30-34 30-34 år,2025,Personer,125
5526 Sørreisa,2 Kvinner,F35-39 35-39 år,2025,Personer,89
5526 Sørreisa,2 Kvinner,F40-44 40-44 år,2025,Personer,94
5526 Sørreisa,2 Kvinner,F45-49 45-49 år,2025,Personer,98
5526 Sørreisa,2 Kvinner,F50-54 50-54 år,2025,Personer,120
5526 Sørreisa,2 Kvinner,F55-59 55-59 år,2025,Personer,135
5526 Sørreisa,2 Kvinner,F60-64 60-64 år,2025,Personer,103
5526 Sørreisa,2 Kvinner,F65-69 65-69 år,2025,Personer,97
5526 Sørreisa,2 Kvinner,F70-74 70-74 år,2025,Personer,98
5526 Sørreisa,2 Kvinner,F75-79 75-79 år,2025,Personer,92
5526 Sørreisa,2 Kvinner,F80-84 80-84 år,2025,Personer,65
5526 Sørreisa,2 Kvinner,F85-89 85-89 år,2025,Personer,32
5526 Sørreisa,2 Kvinner,F90-94 90-94 år,2025,Personer,12
5526 Sørreisa,2 Kvinner,F95-99 95-99 år,2025,Personer,4
5526 Sørreisa,2 Kvinner,F100G5+ 100 år eller eldre,2025,Personer,1
5526 Sørreisa,1 Menn,F00-04 0-4 år,2025,Personer,89
5526 Sørreisa,1 Menn,F05-09 5-9 år,2025,Personer,91
5526 Sørreisa,1 Menn,F10-14 10-14 år,2025,Personer,119
5526 Sørreisa,1 Menn,F15-19 15-19 år,2025,Personer,106
5526 Sørreisa,1 Menn,F20-24 20-24 år,2025,Personer,110
5526 Sørreisa,1 Menn,F25-29 25-29 år,2025,Personer,108
5526 Sørreisa,1 Menn,F30-34 30-34 år,2025,Personer,105
5526 Sørreisa,1 Menn,F35-39 35-39 år,2025,Personer,119
5526 Sørreisa,1 Menn,F40-44 40-44 år,2025,Personer,94
5526 Sørreisa,1 Menn,F45-49 45-49 år,2025,Personer,94
5526 Sørreisa,1 Menn,F50-54 50-54 år,2025,Personer,135
5526 Sørreisa,1 Menn,F55-59 55-59 år,2025,Personer,114
5526 Sørreisa,1 Menn,F60-64 60-64 år,2025,Personer,122
5526 Sørreisa,1 Menn,F65-69 65-69 år,2025,Personer,107
5526 Sørreisa,1 Menn,F70-74 70-74 år,2025,Personer,95
5526 Sørreisa,1 Menn,F75-79 75-79 år,2025,Personer,83
5526 Sørreisa,1 Menn,F80-84 80-84 år,2025,Personer,54
5526 Sørreisa,1 Menn,F85-89 85-89 år,2025,Personer,21
5526 Sørreisa,1 Menn,F90-94 90-94 år,2025,Personer,8
5526 Sørreisa,1 Menn,F95-99 95-99 år,2025,Personer,1
5526 Sørreisa,1 Menn,F100G5+ 100 år eller eldre,2025,Personer,0
5528 Dyrøy,2 Kvinner,F00-04 0-4 år,2025,Personer,22
5528 Dyrøy,2 Kvinner,F05-09 5-9 år,2025,Personer,17
5528 Dyrøy,2 Kvinner,F10-14 10-14 år,2025,Personer,27
5528 Dyrøy,2 Kvinner,F15-19 15-19 år,2025,Personer,26
5528 Dyrøy,2 Kvinner,F20-24 20-24 år,2025,Personer,23
5528 Dyrøy,2 Kvinner,F25-29 25-29 år,2025,Personer,22
5528 Dyrøy,2 Kvinner,F30-34 30-34 år,2025,Personer,23
5528 Dyrøy,2 Kvinner,F35-39 35-39 år,2025,Personer,28
5528 Dyrøy,2 Kvinner,F40-44 40-44 år,2025,Personer,27
5528 Dyrøy,2 Kvinner,F45-49 45-49 år,2025,Personer,25
5528 Dyrøy,2 Kvinner,F50-54 50-54 år,2025,Personer,52
5528 Dyrøy,2 Kvinner,F55-59 55-59 år,2025,Personer,30
5528 Dyrøy,2 Kvinner,F60-64 60-64 år,2025,Personer,39
5528 Dyrøy,2 Kvinner,F65-69 65-69 år,2025,Personer,47
5528 Dyrøy,2 Kvinner,F70-74 70-74 år,2025,Personer,40
5528 Dyrøy,2 Kvinner,F75-79 75-79 år,2025,Personer,35
5528 Dyrøy,2 Kvinner,F80-84 80-84 år,2025,Personer,24
5528 Dyrøy,2 Kvinner,F85-89 85-89 år,2025,Personer,8
5528 Dyrøy,2 Kvinner,F90-94 90-94 år,2025,Personer,8
5528 Dyrøy,2 Kvinner,F95-99 95-99 år,2025,Personer,3
5528 Dyrøy,2 Kvinner,F100G5+ 100 år eller eldre,2025,Personer,0
5528 Dyrøy,1 Menn,F00-04 0-4 år,2025,Personer,16
5528 Dyrøy,1 Menn,F05-09 5-9 år,2025,Personer,19
5528 Dyrøy,1 Menn,F10-14 10-14 år,2025,Personer,21
5528 Dyrøy,1 Menn,F15-19 15-19 år,2025,Personer,33
5528 Dyrøy,1 Menn,F20-24 20-24 år,2025,Personer,32
5528 Dyrøy,1 Menn,F25-29 25-29 år,2025,Personer,27
5528 Dyrøy,1 Menn,F30-34 30-34 år,2025,Personer,29
5528 Dyrøy,1 Menn,F35-39 35-39 år,2025,Personer,29
5528 Dyrøy,1 Menn,F40-44 40-44 år,2025,Personer,29
5528 Dyrøy,1 Menn,F45-49 45-49 år,2025,Personer,15
5528 Dyrøy,1 Menn,F50-54 50-54 år,2025,Personer,36
5528 Dyrøy,1 Menn,F55-59 55-59 år,2025,Personer,41
5528 Dyrøy,1 Menn,F60-64 60-64 år,2025,Personer,35
5528 Dyrøy,1 Menn,F65-69 65-69 år,2025,Personer,54
5528 Dyrøy,1 Menn,F70-74 70-74 år,2025,Personer,49
5528 Dyrøy,1 Menn,F75-79 75-79 år,2025,Personer,36
5528 Dyrøy,1 Menn,F80-84 80-84 år,2025,Personer,25
5528 Dyrøy,1 Menn,F85-89 85-89 år,2025,Personer,13
5528 Dyrøy,1 Menn,F90-94 90-94 år,2025,Personer,4
5528 Dyrøy,1 Menn,F95-99 95-99 år,2025,Personer,0
5528 Dyrøy,1 Menn,F100G5+ 100 år eller eldre,2025,Personer,0
5530 Senja,2 Kvinner,F00-04 0-4 år,2025,Personer,343
5530 Senja,2 Kvinner,F05-09 5-9 år,2025,Personer,354
5530 Senja,2 Kvinner,F10-14 10-14 år,2025,Personer,418
5530 Senja,2 Kvinner,F15-19 15-19 år,2025,Personer,459
5530 Senja,2 Kvinner,F20-24 20-24 år,2025,Personer,407
5530 Senja,2 Kvinner,F25-29 25-29 år,2025,Personer,382
5530 Senja,2 Kvinner,F30-34 30-34 år,2025,Personer,433
5530 Senja,2 Kvinner,F35-39 35-39 år,2025,Personer,431
5530 Senja,2 Kvinner,F40-44 40-44 år,2025,Personer,446
5530 Senja,2 Kvinner,F45-49 45-49 år,2025,Personer,433
5530 Senja,2 Kvinner,F50-54 50-54 år,2025,Personer,481
5530 Senja,2 Kvinner,F55-59 55-59 år,2025,Personer,494
5530 Senja,2 Kvinner,F60-64 60-64 år,2025,Personer,461
5530 Senja,2 Kvinner,F65-69 65-69 år,2025,Personer,432
5530 Senja,2 Kvinner,F70-74 70-74 år,2025,Personer,433
5530 Senja,2 Kvinner,F75-79 75-79 år,2025,Personer,376
5530 Senja,2 Kvinner,F80-84 80-84 år,2025,Personer,257
5530 Senja,2 Kvinner,F85-89 85-89 år,2025,Personer,146
5530 Senja,2 Kvinner,F90-94 90-94 år,2025,Personer,75
5530 Senja,2 Kvinner,F95-99 95-99 år,2025,Personer,21
5530 Senja,2 Kvinner,F100G5+ 100 år eller eldre,2025,Personer,0
5530 Senja,1 Menn,F00-04 0-4 år,2025,Personer,341
5530 Senja,1 Menn,F05-09 5-9 år,2025,Personer,364
5530 Senja,1 Menn,F10-14 10-14 år,2025,Personer,437
5530 Senja,1 Menn,F15-19 15-19 år,2025,Personer,543
5530 Senja,1 Menn,F20-24 20-24 år,2025,Personer,452
5530 Senja,1 Menn,F25-29 25-29 år,2025,Personer,456
5530 Senja,1 Menn,F30-34 30-34 år,2025,Personer,460
5530 Senja,1 Menn,F35-39 35-39 år,2025,Personer,473
5530 Senja,1 Menn,F40-44 40-44 år,2025,Personer,443
5530 Senja,1 Menn,F45-49 45-49 år,2025,Personer,422
5530 Senja,1 Menn,F50-54 50-54 år,2025,Personer,524
5530 Senja,1 Menn,F55-59 55-59 år,2025,Personer,549
5530 Senja,1 Menn,F60-64 60-64 år,2025,Personer,543
5530 Senja,1 Menn,F65-69 65-69 år,2025,Personer,467
5530 Senja,1 Menn,F70-74 70-74 år,2025,Personer,452
5530 Senja,1 Menn,F75-79 75-79 år,2025,Personer,346
5530 Senja,1 Menn,F80-84 80-84 år,2025,Personer,243
5530 Senja,1 Menn,F85-89 85-89 år,2025,Personer,111
5530 Senja,1 Menn,F90-94 90-94 år,2025,Personer,30
5530 Senja,1 Menn,F95-99 95-99 år,2025,Personer,10
5530 Senja,1 Menn,F100G5+ 100 år eller eldre,2025,Personer,0
5532 Balsfjord,2 Kvinner,F00-04 0-4 år,2025,Personer,113
5532 Balsfjord,2 Kvinner,F05-09 5-9 år,2025,Personer,107
5532 Balsfjord,2 Kvinner,F10-14 10-14 år,2025,Personer,144
5532 Balsfjord,2 Kvinner,F15-19 15-19 år,2025,Personer,163
5532 Balsfjord,2 Kvinner,F20-24 20-24 år,2025,Personer,150
5532 Balsfjord,2 Kvinner,F25-29 25-29 år,2025,Personer,131
5532 Balsfjord,2 Kvinner,F30-34 30-34 år,2025,Personer,147
5532 Balsfjord,2 Kvinner,F35-39 35-39 år,2025,Personer,162
5532 Balsfjord,2 Kvinner,F40-44 40-44 år,2025,Personer,150
5532 Balsfjord,2 Kvinner,F45-49 45-49 år,2025,Personer,140
5532 Balsfjord,2 Kvinner,F50-54 50-54 år,2025,Personer,191
5532 Balsfjord,2 Kvinner,F55-59 55-59 år,2025,Personer,222
5532 Balsfjord,2 Kvinner,F60-64 60-64 år,2025,Personer,175
5532 Balsfjord,2 Kvinner,F65-69 65-69 år,2025,Personer,164
5532 Balsfjord,2 Kvinner,F70-74 70-74 år,2025,Personer,149
5532 Balsfjord,2 Kvinner,F75-79 75-79 år,2025,Personer,166
5532 Balsfjord,2 Kvinner,F80-84 80-84 år,2025,Personer,116
5532 Balsfjord,2 Kvinner,F85-89 85-89 år,2025,Personer,69
5532 Balsfjord,2 Kvinner,F90-94 90-94 år,2025,Personer,34
5532 Balsfjord,2 Kvinner,F95-99 95-99 år,2025,Personer,10
5532 Balsfjord,2 Kvinner,F100G5+ 100 år eller eldre,2025,Personer,1
5532 Balsfjord,1 Menn,F00-04 0-4 år,2025,Personer,125
5532 Balsfjord,1 Menn,F05-09 5-9 år,2025,Personer,115
5532 Balsfjord,1 Menn,F10-14 10-14 år,2025,Personer,135
5532 Balsfjord,1 Menn,F15-19 15-19 år,2025,Personer,187
5532 Balsfjord,1 Menn,F20-24 20-24 år,2025,Personer,148
5532 Balsfjord,1 Menn,F25-29 25-29 år,2025,Personer,165
5532 Balsfjord,1 Menn,F30-34 30-34 år,2025,Personer,182
5532 Balsfjord,1 Menn,F35-39 35-39 år,2025,Personer,146
5532 Balsfjord,1 Menn,F40-44 40-44 år,2025,Personer,152
5532 Balsfjord,1 Menn,F45-49 45-49 år,2025,Personer,165
5532 Balsfjord,1 Menn,F50-54 50-54 år,2025,Personer,224
5532 Balsfjord,1 Menn,F55-59 55-59 år,2025,Personer,236
5532 Balsfjord,1 Menn,F60-64 60-64 år,2025,Personer,229
5532 Balsfjord,1 Menn,F65-69 65-69 år,2025,Personer,182
5532 Balsfjord,1 Menn,F70-74 70-74 år,2025,Personer,157
5532 Balsfjord,1 Menn,F75-79 75-79 år,2025,Personer,166
5532 Balsfjord,1 Menn,F80-84 80-84 år,2025,Personer,88
5532 Balsfjord,1 Menn,F85-89 85-89 år,2025,Personer,67
5532 Balsfjord,1 Menn,F90-94 90-94 år,2025,Personer,17
5532 Balsfjord,1 Menn,F95-99 95-99 år,2025,Personer,4
5532 Balsfjord,1 Menn,F100G5+ 100 år eller eldre,2025,Personer,1
5534 Karlsøy,2 Kvinner,F00-04 0-4 år,2025,Personer,32
5534 Karlsøy,2 Kvinner,F05-09 5-9 år,2025,Personer,54
5534 Karlsøy,2 Kvinner,F10-14 10-14 år,2025,Personer,45
5534 Karlsøy,2 Kvinner,F15-19 15-19 år,2025,Personer,51
5534 Karlsøy,2 Kvinner,F20-24 20-24 år,2025,Personer,41
5534 Karlsøy,2 Kvinner,F25-29 25-29 år,2025,Personer,54
5534 Karlsøy,2 Kvinner,F30-34 30-34 år,2025,Personer,44
5534 Karlsøy,2 Kvinner,F35-39 35-39 år,2025,Personer,69
5534 Karlsøy,2 Kvinner,F40-44 40-44 år,2025,Personer,52
5534 Karlsøy,2 Kvinner,F45-49 45-49 år,2025,Personer,43
5534 Karlsøy,2 Kvinner,F50-54 50-54 år,2025,Personer,70
5534 Karlsøy,2 Kvinner,F55-59 55-59 år,2025,Personer,78
5534 Karlsøy,2 Kvinner,F60-64 60-64 år,2025,Personer,97
5534 Karlsøy,2 Kvinner,F65-69 65-69 år,2025,Personer,72
5534 Karlsøy,2 Kvinner,F70-74 70-74 år,2025,Personer,68
5534 Karlsøy,2 Kvinner,F75-79 75-79 år,2025,Personer,76
5534 Karlsøy,2 Kvinner,F80-84 80-84 år,2025,Personer,48
5534 Karlsøy,2 Kvinner,F85-89 85-89 år,2025,Personer,26
5534 Karlsøy,2 Kvinner,F90-94 90-94 år,2025,Personer,18
5534 Karlsøy,2 Kvinner,F95-99 95-99 år,2025,Personer,3
5534 Karlsøy,2 Kvinner,F100G5+ 100 år eller eldre,2025,Personer,1
5534 Karlsøy,1 Menn,F00-04 0-4 år,2025,Personer,33
5534 Karlsøy,1 Menn,F05-09 5-9 år,2025,Personer,41
5534 Karlsøy,1 Menn,F10-14 10-14 år,2025,Personer,53
5534 Karlsøy,1 Menn,F15-19 15-19 år,2025,Personer,57
5534 Karlsøy,1 Menn,F20-24 20-24 år,2025,Personer,56
5534 Karlsøy,1 Menn,F25-29 25-29 år,2025,Personer,62
5534 Karlsøy,1 Menn,F30-34 30-34 år,2025,Personer,62
5534 Karlsøy,1 Menn,F35-39 35-39 år,2025,Personer,78
5534 Karlsøy,1 Menn,F40-44 40-44 år,2025,Personer,47
5534 Karlsøy,1 Menn,F45-49 45-49 år,2025,Personer,67
5534 Karlsøy,1 Menn,F50-54 50-54 år,2025,Personer,81
5534 Karlsøy,1 Menn,F55-59 55-59 år,2025,Personer,90
5534 Karlsøy,1 Menn,F60-64 60-64 år,2025,Personer,98
5534 Karlsøy,1 Menn,F65-69 65-69 år,2025,Personer,100
5534 Karlsøy,1 Menn,F70-74 70-74 år,2025,Personer,96
5534 Karlsøy,1 Menn,F75-79 75-79 år,2025,Personer,69
5534 Karlsøy,1 Menn,F80-84 80-84 år,2025,Personer,48
5534 Karlsøy,1 Menn,F85-89 85-89 år,2025,Personer,27
5534 Karlsøy,1 Menn,F90-94 90-94 år,2025,Personer,15
5534 Karlsøy,1 Menn,F95-99 95-99 år,2025,Personer,1
5534 Karlsøy,1 Menn,F100G5+ 100 år eller eldre,2025,Personer,0
5536 Lyngen,2 Kvinner,F00-04 0-4 år,2025,Personer,39
5536 Lyngen,2 Kvinner,F05-09 5-9 år,2025,Personer,61
5536 Lyngen,2 Kvinner,F10-14 10-14 år,2025,Personer,61
5536 Lyngen,2 Kvinner,F15-19 15-19 år,2025,Personer,77
5536 Lyngen,2 Kvinner,F20-24 20-24 år,2025,Personer,71
5536 Lyngen,2 Kvinner,F25-29 25-29 år,2025,Personer,63
5536 Lyngen,2 Kvinner,F30-34 30-34 år,2025,Personer,55
5536 Lyngen,2 Kvinner,F35-39 35-39 år,2025,Personer,60
5536 Lyngen,2 Kvinner,F40-44 40-44 år,2025,Personer,62
5536 Lyngen,2 Kvinner,F45-49 45-49 år,2025,Personer,70
5536 Lyngen,2 Kvinner,F50-54 50-54 år,2025,Personer,97
5536 Lyngen,2 Kvinner,F55-59 55-59 år,2025,Personer,96
5536 Lyngen,2 Kvinner,F60-64 60-64 år,2025,Personer,85
5536 Lyngen,2 Kvinner,F65-69 65-69 år,2025,Personer,99
5536 Lyngen,2 Kvinner,F70-74 70-74 år,2025,Personer,93
5536 Lyngen,2 Kvinner,F75-79 75-79 år,2025,Personer,97
5536 Lyngen,2 Kvinner,F80-84 80-84 år,2025,Personer,64
5536 Lyngen,2 Kvinner,F85-89 85-89 år,2025,Personer,44
5536 Lyngen,2 Kvinner,F90-94 90-94 år,2025,Personer,18
5536 Lyngen,2 Kvinner,F95-99 95-99 år,2025,Personer,3
5536 Lyngen,2 Kvinner,F100G5+ 100 år eller eldre,2025,Personer,1
5536 Lyngen,1 Menn,F00-04 0-4 år,2025,Personer,54
5536 Lyngen,1 Menn,F05-09 5-9 år,2025,Personer,52
5536 Lyngen,1 Menn,F10-14 10-14 år,2025,Personer,55
5536 Lyngen,1 Menn,F15-19 15-19 år,2025,Personer,70
5536 Lyngen,1 Menn,F20-24 20-24 år,2025,Personer,83
5536 Lyngen,1 Menn,F25-29 25-29 år,2025,Personer,80
5536 Lyngen,1 Menn,F30-34 30-34 år,2025,Personer,76
5536 Lyngen,1 Menn,F35-39 35-39 år,2025,Personer,60
5536 Lyngen,1 Menn,F40-44 40-44 år,2025,Personer,71
5536 Lyngen,1 Menn,F45-49 45-49 år,2025,Personer,76
5536 Lyngen,1 Menn,F50-54 50-54 år,2025,Personer,115
5536 Lyngen,1 Menn,F55-59 55-59 år,2025,Personer,112
5536 Lyngen,1 Menn,F60-64 60-64 år,2025,Personer,95
5536 Lyngen,1 Menn,F65-69 65-69 år,2025,Personer,100
5536 Lyngen,1 Menn,F70-74 70-74 år,2025,Personer,108
5536 Lyngen,1 Menn,F75-79 75-79 år,2025,Personer,103
5536 Lyngen,1 Menn,F80-84 80-84 år,2025,Personer,65
5536 Lyngen,1 Menn,F85-89 85-89 år,2025,Personer,33
5536 Lyngen,1 Menn,F90-94 90-94 år,2025,Personer,10
5536 Lyngen,1 Menn,F95-99 95-99 år,2025,Personer,0
5536 Lyngen,1 Menn,F100G5+ 100 år eller eldre,2025,Personer,0
5538 Storfjord - Omasvuotna - Omasvuono,2 Kvinner,F00-04 0-4 år,2025,Personer,33
5538 Storfjord - Omasvuotna - Omasvuono,2 Kvinner,F05-09 5-9 år,2025,Personer,34
5538 Storfjord - Omasvuotna - Omasvuono,2 Kvinner,F10-14 10-14 år,2025,Personer,39
5538 Storfjord - Omasvuotna - Omasvuono,2 Kvinner,F15-19 15-19 år,2025,Personer,44
5538 Storfjord - Omasvuotna - Omasvuono,2 Kvinner,F20-24 20-24 år,2025,Personer,51
5538 Storfjord - Omasvuotna - Omasvuono,2 Kvinner,F25-29 25-29 år,2025,Personer,36
5538 Storfjord - Omasvuotna - Omasvuono,2 Kvinner,F30-34 30-34 år,2025,Personer,39
5538 Storfjord - Omasvuotna - Omasvuono,2 Kvinner,F35-39 35-39 år,2025,Personer,49
5538 Storfjord - Omasvuotna - Omasvuono,2 Kvinner,F40-44 40-44 år,2025,Personer,43
5538 Storfjord - Omasvuotna - Omasvuono,2 Kvinner,F45-49 45-49 år,2025,Personer,50
5538 Storfjord - Omasvuotna - Omasvuono,2 Kvinner,F50-54 50-54 år,2025,Personer,70
5538 Storfjord - Omasvuotna - Omasvuono,2 Kvinner,F55-59 55-59 år,2025,Personer,54
5538 Storfjord - Omasvuotna - Omasvuono,2 Kvinner,F60-64 60-64 år,2025,Personer,65
5538 Storfjord - Omasvuotna - Omasvuono,2 Kvinner,F65-69 65-69 år,2025,Personer,78
5538 Storfjord - Omasvuotna - Omasvuono,2 Kvinner,F70-74 70-74 år,2025,Personer,56
5538 Storfjord - Omasvuotna - Omasvuono,2 Kvinner,F75-79 75-79 år,2025,Personer,64
5538 Storfjord - Omasvuotna - Omasvuono,2 Kvinner,F80-84 80-84 år,2025,Personer,29
5538 Storfjord - Omasvuotna - Omasvuono,2 Kvinner,F85-89 85-89 år,2025,Personer,18
5538 Storfjord - Omasvuotna - Omasvuono,2 Kvinner,F90-94 90-94 år,2025,Personer,6
5538 Storfjord - Omasvuotna - Omasvuono,2 Kvinner,F95-99 95-99 år,2025,Personer,4
5538 Storfjord - Omasvuotna - Omasvuono,2 Kvinner,F100G5+ 100 år eller eldre,2025,Personer,0
5538 Storfjord - Omasvuotna - Omasvuono,1 Menn,F00-04 0-4 år,2025,Personer,39
5538 Storfjord - Omasvuotna - Omasvuono,1 Menn,F05-09 5-9 år,2025,Personer,42
5538 Storfjord - Omasvuotna - Omasvuono,1 Menn,F10-14 10-14 år,2025,Personer,41
5538 Storfjord - Omasvuotna - Omasvuono,1 Menn,F15-19 15-19 år,2025,Personer,54
5538 Storfjord - Omasvuotna - Omasvuono,1 Menn,F20-24 20-24 år,2025,Personer,56
5538 Storfjord - Omasvuotna - Omasvuono,1 Menn,F25-29 25-29 år,2025,Personer,66
5538 Storfjord - Omasvuotna - Omasvuono,1 Menn,F30-34 30-34 år,2025,Personer,54
5538 Storfjord - Omasvuotna - Omasvuono,1 Menn,F35-39 35-39 år,2025,Personer,44
5538 Storfjord - Omasvuotna - Omasvuono,1 Menn,F40-44 40-44 år,2025,Personer,45
5538 Storfjord - Omasvuotna - Omasvuono,1 Menn,F45-49 45-49 år,2025,Personer,57
5538 Storfjord - Omasvuotna - Omasvuono,1 Menn,F50-54 50-54 år,2025,Personer,74
5538 Storfjord - Omasvuotna - Omasvuono,1 Menn,F55-59 55-59 år,2025,Personer,63
5538 Storfjord - Omasvuotna - Omasvuono,1 Menn,F60-64 60-64 år,2025,Personer,55
5538 Storfjord - Omasvuotna - Omasvuono,1 Menn,F65-69 65-69 år,2025,Personer,64
5538 Storfjord - Omasvuotna - Omasvuono,1 Menn,F70-74 70-74 år,2025,Personer,87
5538 Storfjord - Omasvuotna - Omasvuono,1 Menn,F75-79 75-79 år,2025,Personer,78
5538 Storfjord - Omasvuotna - Omasvuono,1 Menn,F80-84 80-84 år,2025,Personer,29
5538 Storfjord - Omasvuotna - Omasvuono,1 Menn,F85-89 85-89 år,2025,Personer,12
5538 Storfjord - Omasvuotna - Omasvuono,1 Menn,F90-94 90-94 år,2025,Personer,6
5538 Storfjord - Omasvuotna - Omasvuono,1 Menn,F95-99 95-99 år,2025,Personer,1
5538 Storfjord - Omasvuotna - Omasvuono,1 Menn,F100G5+ 100 år eller eldre,2025,Personer,0
5540 Gáivuotna - Kåfjord - Kaivuono,2 Kvinner,F00-04 0-4 år,2025,Personer,29
5540 Gáivuotna - Kåfjord - Kaivuono,2 Kvinner,F05-09 5-9 år,2025,Personer,39
5540 Gáivuotna - Kåfjord - Kaivuono,2 Kvinner,F10-14 10-14 år,2025,Personer,39
5540 Gáivuotna - Kåfjord - Kaivuono,2 Kvinner,F15-19 15-19 år,2025,Personer,61
5540 Gáivuotna - Kåfjord - Kaivuono,2 Kvinner,F20-24 20-24 år,2025,Personer,52
5540 Gáivuotna - Kåfjord - Kaivuono,2 Kvinner,F25-29 25-29 år,2025,Personer,43
5540 Gáivuotna - Kåfjord - Kaivuono,2 Kvinner,F30-34 30-34 år,2025,Personer,52
5540 Gáivuotna - Kåfjord - Kaivuono,2 Kvinner,F35-39 35-39 år,2025,Personer,48
5540 Gáivuotna - Kåfjord - Kaivuono,2 Kvinner,F40-44 40-44 år,2025,Personer,39
5540 Gáivuotna - Kåfjord - Kaivuono,2 Kvinner,F45-49 45-49 år,2025,Personer,39
5540 Gáivuotna - Kåfjord - Kaivuono,2 Kvinner,F50-54 50-54 år,2025,Personer,71
5540 Gáivuotna - Kåfjord - Kaivuono,2 Kvinner,F55-59 55-59 år,2025,Personer,73
5540 Gáivuotna - Kåfjord - Kaivuono,2 Kvinner,F60-64 60-64 år,2025,Personer,62
5540 Gáivuotna - Kåfjord - Kaivuono,2 Kvinner,F65-69 65-69 år,2025,Personer,69
5540 Gáivuotna - Kåfjord - Kaivuono,2 Kvinner,F70-74 70-74 år,2025,Personer,73
5540 Gáivuotna - Kåfjord - Kaivuono,2 Kvinner,F75-79 75-79 år,2025,Personer,69
5540 Gáivuotna - Kåfjord - Kaivuono,2 Kvinner,F80-84 80-84 år,2025,Personer,42
5540 Gáivuotna - Kåfjord - Kaivuono,2 Kvinner,F85-89 85-89 år,2025,Personer,34
5540 Gáivuotna - Kåfjord - Kaivuono,2 Kvinner,F90-94 90-94 år,2025,Personer,16
5540 Gáivuotna - Kåfjord - Kaivuono,2 Kvinner,F95-99 95-99 år,2025,Personer,3
5540 Gáivuotna - Kåfjord - Kaivuono,2 Kvinner,F100G5+ 100 år eller eldre,2025,Personer,0
5540 Gáivuotna - Kåfjord - Kaivuono,1 Menn,F00-04 0-4 år,2025,Personer,26
5540 Gáivuotna - Kåfjord - Kaivuono,1 Menn,F05-09 5-9 år,2025,Personer,40
5540 Gáivuotna - Kåfjord - Kaivuono,1 Menn,F10-14 10-14 år,2025,Personer,49
5540 Gáivuotna - Kåfjord - Kaivuono,1 Menn,F15-19 15-19 år,2025,Personer,53
5540 Gáivuotna - Kåfjord - Kaivuono,1 Menn,F20-24 20-24 år,2025,Personer,56
5540 Gáivuotna - Kåfjord - Kaivuono,1 Menn,F25-29 25-29 år,2025,Personer,41
5540 Gáivuotna - Kåfjord - Kaivuono,1 Menn,F30-34 30-34 år,2025,Personer,61
5540 Gáivuotna - Kåfjord - Kaivuono,1 Menn,F35-39 35-39 år,2025,Personer,52
5540 Gáivuotna - Kåfjord - Kaivuono,1 Menn,F40-44 40-44 år,2025,Personer,55
5540 Gáivuotna - Kåfjord - Kaivuono,1 Menn,F45-49 45-49 år,2025,Personer,43
5540 Gáivuotna - Kåfjord - Kaivuono,1 Menn,F50-54 50-54 år,2025,Personer,78
5540 Gáivuotna - Kåfjord - Kaivuono,1 Menn,F55-59 55-59 år,2025,Personer,80
5540 Gáivuotna - Kåfjord - Kaivuono,1 Menn,F60-64 60-64 år,2025,Personer,69
5540 Gáivuotna - Kåfjord - Kaivuono,1 Menn,F65-69 65-69 år,2025,Personer,76
5540 Gáivuotna - Kåfjord - Kaivuono,1 Menn,F70-74 70-74 år,2025,Personer,92
5540 Gáivuotna - Kåfjord - Kaivuono,1 Menn,F75-79 75-79 år,2025,Personer,57
5540 Gáivuotna - Kåfjord - Kaivuono,1 Menn,F80-84 80-84 år,2025,Personer,38
5540 Gáivuotna - Kåfjord - Kaivuono,1 Menn,F85-89 85-89 år,2025,Personer,32
5540 Gáivuotna - Kåfjord - Kaivuono,1 Menn,F90-94 90-94 år,2025,Personer,2
5540 Gáivuotna - Kåfjord - Kaivuono,1 Menn,F95-99 95-99 år,2025,Personer,2
5540 Gáivuotna - Kåfjord - Kaivuono,1 Menn,F100G5+ 100 år eller eldre,2025,Personer,0
5542 Skjervøy,2 Kvinner,F00-04 0-4 år,2025,Personer,62
5542 Skjervøy,2 Kvinner,F05-09 5-9 år,2025,Personer,70
5542 Skjervøy,2 Kvinner,F10-14 10-14 år,2025,Personer,81
5542 Skjervøy,2 Kvinner,F15-19 15-19 år,2025,Personer,61
5542 Skjervøy,2 Kvinner,F20-24 20-24 år,2025,Personer,71
5542 Skjervøy,2 Kvinner,F25-29 25-29 år,2025,Personer,89
5542 Skjervøy,2 Kvinner,F30-34 30-34 år,2025,Personer,89
5542 Skjervøy,2 Kvinner,F35-39 35-39 år,2025,Personer,74
5542 Skjervøy,2 Kvinner,F40-44 40-44 år,2025,Personer,81
5542 Skjervøy,2 Kvinner,F45-49 45-49 år,2025,Personer,84
5542 Skjervøy,2 Kvinner,F50-54 50-54 år,2025,Personer,93
5542 Skjervøy,2 Kvinner,F55-59 55-59 år,2025,Personer,97
5542 Skjervøy,2 Kvinner,F60-64 60-64 år,2025,Personer,70
5542 Skjervøy,2 Kvinner,F65-69 65-69 år,2025,Personer,76
5542 Skjervøy,2 Kvinner,F70-74 70-74 år,2025,Personer,70
5542 Skjervøy,2 Kvinner,F75-79 75-79 år,2025,Personer,88
5542 Skjervøy,2 Kvinner,F80-84 80-84 år,2025,Personer,59
5542 Skjervøy,2 Kvinner,F85-89 85-89 år,2025,Personer,22
5542 Skjervøy,2 Kvinner,F90-94 90-94 år,2025,Personer,12
5542 Skjervøy,2 Kvinner,F95-99 95-99 år,2025,Personer,1
5542 Skjervøy,2 Kvinner,F100G5+ 100 år eller eldre,2025,Personer,1
5542 Skjervøy,1 Menn,F00-04 0-4 år,2025,Personer,63
5542 Skjervøy,1 Menn,F05-09 5-9 år,2025,Personer,80
5542 Skjervøy,1 Menn,F10-14 10-14 år,2025,Personer,73
5542 Skjervøy,1 Menn,F15-19 15-19 år,2025,Personer,83
5542 Skjervøy,1 Menn,F20-24 20-24 år,2025,Personer,82
5542 Skjervøy,1 Menn,F25-29 25-29 år,2025,Personer,85
5542 Skjervøy,1 Menn,F30-34 30-34 år,2025,Personer,120
5542 Skjervøy,1 Menn,F35-39 35-39 år,2025,Personer,91
5542 Skjervøy,1 Menn,F40-44 40-44 år,2025,Personer,93
5542 Skjervøy,1 Menn,F45-49 45-49 år,2025,Personer,78
5542 Skjervøy,1 Menn,F50-54 50-54 år,2025,Personer,104
5542 Skjervøy,1 Menn,F55-59 55-59 år,2025,Personer,92
5542 Skjervøy,1 Menn,F60-64 60-64 år,2025,Personer,93
5542 Skjervøy,1 Menn,F65-69 65-69 år,2025,Personer,71
5542 Skjervøy,1 Menn,F70-74 70-74 år,2025,Personer,63
5542 Skjervøy,1 Menn,F75-79 75-79 år,2025,Personer,77
5542 Skjervøy,1 Menn,F80-84 80-84 år,2025,Personer,58
5542 Skjervøy,1 Menn,F85-89 85-89 år,2025,Personer,18
5542 Skjervøy,1 Menn,F90-94 90-94 år,2025,Personer,9
5542 Skjervøy,1 Menn,F95-99 95-99 år,2025,Personer,0
5542 Skjervøy,1 Menn,F100G5+ 100 år eller eldre,2025,Personer,0
5544 Nordreisa - Ráisa - Raisi,2 Kvinner,F00-04 0-4 år,2025,Personer,96
5544 Nordreisa - Ráisa - Raisi,2 Kvinner,F05-09 5-9 år,2025,Personer,98
5544 Nordreisa - Ráisa - Raisi,2 Kvinner,F10-14 10-14 år,2025,Personer,130
5544 Nordreisa - Ráisa - Raisi,2 Kvinner,F15-19 15-19 år,2025,Personer,161
5544 Nordreisa - Ráisa - Raisi,2 Kvinner,F20-24 20-24 år,2025,Personer,125
5544 Nordreisa - Ráisa - Raisi,2 Kvinner,F25-29 25-29 år,2025,Personer,128
5544 Nordreisa - Ráisa - Raisi,2 Kvinner,F30-34 30-34 år,2025,Personer,163
5544 Nordreisa - Ráisa - Raisi,2 Kvinner,F35-39 35-39 år,2025,Personer,131
5544 Nordreisa - Ráisa - Raisi,2 Kvinner,F40-44 40-44 år,2025,Personer,133
5544 Nordreisa - Ráisa - Raisi,2 Kvinner,F45-49 45-49 år,2025,Personer,121
5544 Nordreisa - Ráisa - Raisi,2 Kvinner,F50-54 50-54 år,2025,Personer,178
5544 Nordreisa - Ráisa - Raisi,2 Kvinner,F55-59 55-59 år,2025,Personer,162
5544 Nordreisa - Ráisa - Raisi,2 Kvinner,F60-64 60-64 år,2025,Personer,161
5544 Nordreisa - Ráisa - Raisi,2 Kvinner,F65-69 65-69 år,2025,Personer,145
5544 Nordreisa - Ráisa - Raisi,2 Kvinner,F70-74 70-74 år,2025,Personer,146
5544 Nordreisa - Ráisa - Raisi,2 Kvinner,F75-79 75-79 år,2025,Personer,137
5544 Nordreisa - Ráisa - Raisi,2 Kvinner,F80-84 80-84 år,2025,Personer,75
5544 Nordreisa - Ráisa - Raisi,2 Kvinner,F85-89 85-89 år,2025,Personer,46
5544 Nordreisa - Ráisa - Raisi,2 Kvinner,F90-94 90-94 år,2025,Personer,32
5544 Nordreisa - Ráisa - Raisi,2 Kvinner,F95-99 95-99 år,2025,Personer,6
5544 Nordreisa - Ráisa - Raisi,2 Kvinner,F100G5+ 100 år eller eldre,2025,Personer,2
5544 Nordreisa - Ráisa - Raisi,1 Menn,F00-04 0-4 år,2025,Personer,92
5544 Nordreisa - Ráisa - Raisi,1 Menn,F05-09 5-9 år,2025,Personer,108
5544 Nordreisa - Ráisa - Raisi,1 Menn,F10-14 10-14 år,2025,Personer,162
5544 Nordreisa - Ráisa - Raisi,1 Menn,F15-19 15-19 år,2025,Personer,158
5544 Nordreisa - Ráisa - Raisi,1 Menn,F20-24 20-24 år,2025,Personer,155
5544 Nordreisa - Ráisa - Raisi,1 Menn,F25-29 25-29 år,2025,Personer,163
5544 Nordreisa - Ráisa - Raisi,1 Menn,F30-34 30-34 år,2025,Personer,143
5544 Nordreisa - Ráisa - Raisi,1 Menn,F35-39 35-39 år,2025,Personer,142
5544 Nordreisa - Ráisa - Raisi,1 Menn,F40-44 40-44 år,2025,Personer,123
5544 Nordreisa - Ráisa - Raisi,1 Menn,F45-49 45-49 år,2025,Personer,139
5544 Nordreisa - Ráisa - Raisi,1 Menn,F50-54 50-54 år,2025,Personer,173
5544 Nordreisa - Ráisa - Raisi,1 Menn,F55-59 55-59 år,2025,Personer,174
5544 Nordreisa - Ráisa - Raisi,1 Menn,F60-64 60-64 år,2025,Personer,162
5544 Nordreisa - Ráisa - Raisi,1 Menn,F65-69 65-69 år,2025,Personer,154
5544 Nordreisa - Ráisa - Raisi,1 Menn,F70-74 70-74 år,2025,Personer,132
5544 Nordreisa - Ráisa - Raisi,1 Menn,F75-79 75-79 år,2025,Personer,134
5544 Nordreisa - Ráisa - Raisi,1 Menn,F80-84 80-84 år,2025,Personer,74
5544 Nordreisa - Ráisa - Raisi,1 Menn,F85-89 85-89 år,2025,Personer,33
5544 Nordreisa - Ráisa - Raisi,1 Menn,F90-94 90-94 år,2025,Personer,13
5544 Nordreisa - Ráisa - Raisi,1 Menn,F95-99 95-99 år,2025,Personer,0
5544 Nordreisa - Ráisa - Raisi,1 Menn,F100G5+ 100 år eller eldre,2025,Personer,0
5546 Kvænangen,2 Kvinner,F00-04 0-4 år,2025,Personer,20
5546 Kvænangen,2 Kvinner,F05-09 5-9 år,2025,Personer,27
5546 Kvænangen,2 Kvinner,F10-14 10-14 år,2025,Personer,19
5546 Kvænangen,2 Kvinner,F15-19 15-19 år,2025,Personer,32
5546 Kvænangen,2 Kvinner,F20-24 20-24 år,2025,Personer,24
5546 Kvænangen,2 Kvinner,F25-29 25-29 år,2025,Personer,28
5546 Kvænangen,2 Kvinner,F30-34 30-34 år,2025,Personer,32
5546 Kvænangen,2 Kvinner,F35-39 35-39 år,2025,Personer,26
5546 Kvænangen,2 Kvinner,F40-44 40-44 år,2025,Personer,24
5546 Kvænangen,2 Kvinner,F45-49 45-49 år,2025,Personer,25
5546 Kvænangen,2 Kvinner,F50-54 50-54 år,2025,Personer,40
5546 Kvænangen,2 Kvinner,F55-59 55-59 år,2025,Personer,53
5546 Kvænangen,2 Kvinner,F60-64 60-64 år,2025,Personer,46
5546 Kvænangen,2 Kvinner,F65-69 65-69 år,2025,Personer,27
5546 Kvænangen,2 Kvinner,F70-74 70-74 år,2025,Personer,44
5546 Kvænangen,2 Kvinner,F75-79 75-79 år,2025,Personer,33
5546 Kvænangen,2 Kvinner,F80-84 80-84 år,2025,Personer,27
5546 Kvænangen,2 Kvinner,F85-89 85-89 år,2025,Personer,16
5546 Kvænangen,2 Kvinner,F90-94 90-94 år,2025,Personer,12
5546 Kvænangen,2 Kvinner,F95-99 95-99 år,2025,Personer,5
5546 Kvænangen,2 Kvinner,F100G5+ 100 år eller eldre,2025,Personer,0
5546 Kvænangen,1 Menn,F00-04 0-4 år,2025,Personer,16
5546 Kvænangen,1 Menn,F05-09 5-9 år,2025,Personer,20
5546 Kvænangen,1 Menn,F10-14 10-14 år,2025,Personer,24
5546 Kvænangen,1 Menn,F15-19 15-19 år,2025,Personer,32
5546 Kvænangen,1 Menn,F20-24 20-24 år,2025,Personer,32
5546 Kvænangen,1 Menn,F25-29 25-29 år,2025,Personer,34
5546 Kvænangen,1 Menn,F30-34 30-34 år,2025,Personer,27
5546 Kvænangen,1 Menn,F35-39 35-39 år,2025,Personer,23
5546 Kvænangen,1 Menn,F40-44 40-44 år,2025,Personer,28
5546 Kvænangen,1 Menn,F45-49 45-49 år,2025,Personer,23
5546 Kvænangen,1 Menn,F50-54 50-54 år,2025,Personer,44
5546 Kvænangen,1 Menn,F55-59 55-59 år,2025,Personer,56
5546 Kvænangen,1 Menn,F60-64 60-64 år,2025,Personer,44
5546 Kvænangen,1 Menn,F65-69 65-69 år,2025,Personer,45
5546 Kvænangen,1 Menn,F70-74 70-74 år,2025,Personer,43
5546 Kvænangen,1 Menn,F75-79 75-79 år,2025,Personer,38
5546 Kvænangen,1 Menn,F80-84 80-84 år,2025,Personer,26
5546 Kvænangen,1 Menn,F85-89 85-89 år,2025,Personer,16
5546 Kvænangen,1 Menn,F90-94 90-94 år,2025,Personer,0
5546 Kvænangen,1 Menn,F95-99 95-99 år,2025,Personer,0
5546 Kvænangen,1 Menn,F100G5+ 100 år eller eldre,2025,Personer,0
5601 Alta,2 Kvinner,F00-04 0-4 år,2025,Personer,628
5601 Alta,2 Kvinner,F05-09 5-9 år,2025,Personer,634
5601 Alta,2 Kvinner,F10-14 10-14 år,2025,Personer,771
5601 Alta,2 Kvinner,F15-19 15-19 år,2025,Personer,677
5601 Alta,2 Kvinner,F20-24 20-24 år,2025,Personer,715
5601 Alta,2 Kvinner,F25-29 25-29 år,2025,Personer,795
5601 Alta,2 Kvinner,F30-34 30-34 år,2025,Personer,791
5601 Alta,2 Kvinner,F35-39 35-39 år,2025,Personer,733
5601 Alta,2 Kvinner,F40-44 40-44 år,2025,Personer,602
5601 Alta,2 Kvinner,F45-49 45-49 år,2025,Personer,555
5601 Alta,2 Kvinner,F50-54 50-54 år,2025,Personer,782
5601 Alta,2 Kvinner,F55-59 55-59 år,2025,Personer,730
5601 Alta,2 Kvinner,F60-64 60-64 år,2025,Personer,617
5601 Alta,2 Kvinner,F65-69 65-69 år,2025,Personer,477
5601 Alta,2 Kvinner,F70-74 70-74 år,2025,Personer,432
5601 Alta,2 Kvinner,F75-79 75-79 år,2025,Personer,405
5601 Alta,2 Kvinner,F80-84 80-84 år,2025,Personer,220
5601 Alta,2 Kvinner,F85-89 85-89 år,2025,Personer,139
5601 Alta,2 Kvinner,F90-94 90-94 år,2025,Personer,62
5601 Alta,2 Kvinner,F95-99 95-99 år,2025,Personer,23
5601 Alta,2 Kvinner,F100G5+ 100 år eller eldre,2025,Personer,2
5601 Alta,1 Menn,F00-04 0-4 år,2025,Personer,681
5601 Alta,1 Menn,F05-09 5-9 år,2025,Personer,679
5601 Alta,1 Menn,F10-14 10-14 år,2025,Personer,655
5601 Alta,1 Menn,F15-19 15-19 år,2025,Personer,753
5601 Alta,1 Menn,F20-24 20-24 år,2025,Personer,815
5601 Alta,1 Menn,F25-29 25-29 år,2025,Personer,868
5601 Alta,1 Menn,F30-34 30-34 år,2025,Personer,832
5601 Alta,1 Menn,F35-39 35-39 år,2025,Personer,784
5601 Alta,1 Menn,F40-44 40-44 år,2025,Personer,654
5601 Alta,1 Menn,F45-49 45-49 år,2025,Personer,611
5601 Alta,1 Menn,F50-54 50-54 år,2025,Personer,766
5601 Alta,1 Menn,F55-59 55-59 år,2025,Personer,712
5601 Alta,1 Menn,F60-64 60-64 år,2025,Personer,589
5601 Alta,1 Menn,F65-69 65-69 år,2025,Personer,498
5601 Alta,1 Menn,F70-74 70-74 år,2025,Personer,468
5601 Alta,1 Menn,F75-79 75-79 år,2025,Personer,374
5601 Alta,1 Menn,F80-84 80-84 år,2025,Personer,200
5601 Alta,1 Menn,F85-89 85-89 år,2025,Personer,110
5601 Alta,1 Menn,F90-94 90-94 år,2025,Personer,35
5601 Alta,1 Menn,F95-99 95-99 år,2025,Personer,3
5601 Alta,1 Menn,F100G5+ 100 år eller eldre,2025,Personer,0
5603 Hammerfest - Hámmerfeasta,2 Kvinner,F00-04 0-4 år,2025,Personer,251
5603 Hammerfest - Hámmerfeasta,2 Kvinner,F05-09 5-9 år,2025,Personer,281
5603 Hammerfest - Hámmerfeasta,2 Kvinner,F10-14 10-14 år,2025,Personer,312
5603 Hammerfest - Hámmerfeasta,2 Kvinner,F15-19 15-19 år,2025,Personer,332
5603 Hammerfest - Hámmerfeasta,2 Kvinner,F20-24 20-24 år,2025,Personer,330
5603 Hammerfest - Hámmerfeasta,2 Kvinner,F25-29 25-29 år,2025,Personer,415
5603 Hammerfest - Hámmerfeasta,2 Kvinner,F30-34 30-34 år,2025,Personer,425
5603 Hammerfest - Hámmerfeasta,2 Kvinner,F35-39 35-39 år,2025,Personer,343
5603 Hammerfest - Hámmerfeasta,2 Kvinner,F40-44 40-44 år,2025,Personer,305
5603 Hammerfest - Hámmerfeasta,2 Kvinner,F45-49 45-49 år,2025,Personer,297
5603 Hammerfest - Hámmerfeasta,2 Kvinner,F50-54 50-54 år,2025,Personer,429
5603 Hammerfest - Hámmerfeasta,2 Kvinner,F55-59 55-59 år,2025,Personer,365
5603 Hammerfest - Hámmerfeasta,2 Kvinner,F60-64 60-64 år,2025,Personer,333
5603 Hammerfest - Hámmerfeasta,2 Kvinner,F65-69 65-69 år,2025,Personer,305
5603 Hammerfest - Hámmerfeasta,2 Kvinner,F70-74 70-74 år,2025,Personer,255
5603 Hammerfest - Hámmerfeasta,2 Kvinner,F75-79 75-79 år,2025,Personer,248
5603 Hammerfest - Hámmerfeasta,2 Kvinner,F80-84 80-84 år,2025,Personer,161
5603 Hammerfest - Hámmerfeasta,2 Kvinner,F85-89 85-89 år,2025,Personer,75
5603 Hammerfest - Hámmerfeasta,2 Kvinner,F90-94 90-94 år,2025,Personer,37
5603 Hammerfest - Hámmerfeasta,2 Kvinner,F95-99 95-99 år,2025,Personer,17
5603 Hammerfest - Hámmerfeasta,2 Kvinner,F100G5+ 100 år eller eldre,2025,Personer,1
5603 Hammerfest - Hámmerfeasta,1 Menn,F00-04 0-4 år,2025,Personer,263
5603 Hammerfest - Hámmerfeasta,1 Menn,F05-09 5-9 år,2025,Personer,319
5603 Hammerfest - Hámmerfeasta,1 Menn,F10-14 10-14 år,2025,Personer,311
5603 Hammerfest - Hámmerfeasta,1 Menn,F15-19 15-19 år,2025,Personer,369
5603 Hammerfest - Hámmerfeasta,1 Menn,F20-24 20-24 år,2025,Personer,346
5603 Hammerfest - Hámmerfeasta,1 Menn,F25-29 25-29 år,2025,Personer,481
5603 Hammerfest - Hámmerfeasta,1 Menn,F30-34 30-34 år,2025,Personer,446
5603 Hammerfest - Hámmerfeasta,1 Menn,F35-39 35-39 år,2025,Personer,430
5603 Hammerfest - Hámmerfeasta,1 Menn,F40-44 40-44 år,2025,Personer,327
5603 Hammerfest - Hámmerfeasta,1 Menn,F45-49 45-49 år,2025,Personer,350
5603 Hammerfest - Hámmerfeasta,1 Menn,F50-54 50-54 år,2025,Personer,405
5603 Hammerfest - Hámmerfeasta,1 Menn,F55-59 55-59 år,2025,Personer,435
5603 Hammerfest - Hámmerfeasta,1 Menn,F60-64 60-64 år,2025,Personer,353
5603 Hammerfest - Hámmerfeasta,1 Menn,F65-69 65-69 år,2025,Personer,274
5603 Hammerfest - Hámmerfeasta,1 Menn,F70-74 70-74 år,2025,Personer,250
5603 Hammerfest - Hámmerfeasta,1 Menn,F75-79 75-79 år,2025,Personer,219
5603 Hammerfest - Hámmerfeasta,1 Menn,F80-84 80-84 år,2025,Personer,145
5603 Hammerfest - Hámmerfeasta,1 Menn,F85-89 85-89 år,2025,Personer,68
5603 Hammerfest - Hámmerfeasta,1 Menn,F90-94 90-94 år,2025,Personer,13
5603 Hammerfest - Hámmerfeasta,1 Menn,F95-99 95-99 år,2025,Personer,3
5603 Hammerfest - Hámmerfeasta,1 Menn,F100G5+ 100 år eller eldre,2025,Personer,0
5605 Sør-Varanger,2 Kvinner,F00-04 0-4 år,2025,Personer,218
5605 Sør-Varanger,2 Kvinner,F05-09 5-9 år,2025,Personer,240
5605 Sør-Varanger,2 Kvinner,F10-14 10-14 år,2025,Personer,238
5605 Sør-Varanger,2 Kvinner,F15-19 15-19 år,2025,Personer,291
5605 Sør-Varanger,2 Kvinner,F20-24 20-24 år,2025,Personer,272
5605 Sør-Varanger,2 Kvinner,F25-29 25-29 år,2025,Personer,335
5605 Sør-Varanger,2 Kvinner,F30-34 30-34 år,2025,Personer,346
5605 Sør-Varanger,2 Kvinner,F35-39 35-39 år,2025,Personer,323
5605 Sør-Varanger,2 Kvinner,F40-44 40-44 år,2025,Personer,264
5605 Sør-Varanger,2 Kvinner,F45-49 45-49 år,2025,Personer,309
5605 Sør-Varanger,2 Kvinner,F50-54 50-54 år,2025,Personer,372
5605 Sør-Varanger,2 Kvinner,F55-59 55-59 år,2025,Personer,363
5605 Sør-Varanger,2 Kvinner,F60-64 60-64 år,2025,Personer,321
5605 Sør-Varanger,2 Kvinner,F65-69 65-69 år,2025,Personer,283
5605 Sør-Varanger,2 Kvinner,F70-74 70-74 år,2025,Personer,287
5605 Sør-Varanger,2 Kvinner,F75-79 75-79 år,2025,Personer,221
5605 Sør-Varanger,2 Kvinner,F80-84 80-84 år,2025,Personer,145
5605 Sør-Varanger,2 Kvinner,F85-89 85-89 år,2025,Personer,101
5605 Sør-Varanger,2 Kvinner,F90-94 90-94 år,2025,Personer,42
5605 Sør-Varanger,2 Kvinner,F95-99 95-99 år,2025,Personer,12
5605 Sør-Varanger,2 Kvinner,F100G5+ 100 år eller eldre,2025,Personer,3
5605 Sør-Varanger,1 Menn,F00-04 0-4 år,2025,Personer,224
5605 Sør-Varanger,1 Menn,F05-09 5-9 år,2025,Personer,218
5605 Sør-Varanger,1 Menn,F10-14 10-14 år,2025,Personer,247
5605 Sør-Varanger,1 Menn,F15-19 15-19 år,2025,Personer,298
5605 Sør-Varanger,1 Menn,F20-24 20-24 år,2025,Personer,310
5605 Sør-Varanger,1 Menn,F25-29 25-29 år,2025,Personer,357
5605 Sør-Varanger,1 Menn,F30-34 30-34 år,2025,Personer,376
5605 Sør-Varanger,1 Menn,F35-39 35-39 år,2025,Personer,336
5605 Sør-Varanger,1 Menn,F40-44 40-44 år,2025,Personer,269
5605 Sør-Varanger,1 Menn,F45-49 45-49 år,2025,Personer,279
5605 Sør-Varanger,1 Menn,F50-54 50-54 år,2025,Personer,384
5605 Sør-Varanger,1 Menn,F55-59 55-59 år,2025,Personer,378
5605 Sør-Varanger,1 Menn,F60-64 60-64 år,2025,Personer,332
5605 Sør-Varanger,1 Menn,F65-69 65-69 år,2025,Personer,285
5605 Sør-Varanger,1 Menn,F70-74 70-74 år,2025,Personer,238
5605 Sør-Varanger,1 Menn,F75-79 75-79 år,2025,Personer,225
5605 Sør-Varanger,1 Menn,F80-84 80-84 år,2025,Personer,135
5605 Sør-Varanger,1 Menn,F85-89 85-89 år,2025,Personer,66
5605 Sør-Varanger,1 Menn,F90-94 90-94 år,2025,Personer,17
5605 Sør-Varanger,1 Menn,F95-99 95-99 år,2025,Personer,3
5605 Sør-Varanger,1 Menn,F100G5+ 100 år eller eldre,2025,Personer,0
5607 Vadsø,2 Kvinner,F00-04 0-4 år,2025,Personer,124
5607 Vadsø,2 Kvinner,F05-09 5-9 år,2025,Personer,126
5607 Vadsø,2 Kvinner,F10-14 10-14 år,2025,Personer,136
5607 Vadsø,2 Kvinner,F15-19 15-19 år,2025,Personer,162
5607 Vadsø,2 Kvinner,F20-24 20-24 år,2025,Personer,171
5607 Vadsø,2 Kvinner,F25-29 25-29 år,2025,Personer,178
5607 Vadsø,2 Kvinner,F30-34 30-34 år,2025,Personer,191
5607 Vadsø,2 Kvinner,F35-39 35-39 år,2025,Personer,159
5607 Vadsø,2 Kvinner,F40-44 40-44 år,2025,Personer,154
5607 Vadsø,2 Kvinner,F45-49 45-49 år,2025,Personer,174
5607 Vadsø,2 Kvinner,F50-54 50-54 år,2025,Personer,212
5607 Vadsø,2 Kvinner,F55-59 55-59 år,2025,Personer,227
5607 Vadsø,2 Kvinner,F60-64 60-64 år,2025,Personer,201
5607 Vadsø,2 Kvinner,F65-69 65-69 år,2025,Personer,160
5607 Vadsø,2 Kvinner,F70-74 70-74 år,2025,Personer,152
5607 Vadsø,2 Kvinner,F75-79 75-79 år,2025,Personer,150
5607 Vadsø,2 Kvinner,F80-84 80-84 år,2025,Personer,107
5607 Vadsø,2 Kvinner,F85-89 85-89 år,2025,Personer,61
5607 Vadsø,2 Kvinner,F90-94 90-94 år,2025,Personer,30
5607 Vadsø,2 Kvinner,F95-99 95-99 år,2025,Personer,6
5607 Vadsø,2 Kvinner,F100G5+ 100 år eller eldre,2025,Personer,0
5607 Vadsø,1 Menn,F00-04 0-4 år,2025,Personer,137
5607 Vadsø,1 Menn,F05-09 5-9 år,2025,Personer,144
5607 Vadsø,1 Menn,F10-14 10-14 år,2025,Personer,133
5607 Vadsø,1 Menn,F15-19 15-19 år,2025,Personer,190
5607 Vadsø,1 Menn,F20-24 20-24 år,2025,Personer,169
5607 Vadsø,1 Menn,F25-29 25-29 år,2025,Personer,230
5607 Vadsø,1 Menn,F30-34 30-34 år,2025,Personer,209
5607 Vadsø,1 Menn,F35-39 35-39 år,2025,Personer,172
5607 Vadsø,1 Menn,F40-44 40-44 år,2025,Personer,127
5607 Vadsø,1 Menn,F45-49 45-49 år,2025,Personer,158
5607 Vadsø,1 Menn,F50-54 50-54 år,2025,Personer,212
5607 Vadsø,1 Menn,F55-59 55-59 år,2025,Personer,232
5607 Vadsø,1 Menn,F60-64 60-64 år,2025,Personer,204
5607 Vadsø,1 Menn,F65-69 65-69 år,2025,Personer,169
5607 Vadsø,1 Menn,F70-74 70-74 år,2025,Personer,130
5607 Vadsø,1 Menn,F75-79 75-79 år,2025,Personer,149
5607 Vadsø,1 Menn,F80-84 80-84 år,2025,Personer,76
5607 Vadsø,1 Menn,F85-89 85-89 år,2025,Personer,37
5607 Vadsø,1 Menn,F90-94 90-94 år,2025,Personer,17
5607 Vadsø,1 Menn,F95-99 95-99 år,2025,Personer,1
5607 Vadsø,1 Menn,F100G5+ 100 år eller eldre,2025,Personer,0
5610 Kárásjohka - Karasjok,2 Kvinner,F00-04 0-4 år,2025,Personer,56
5610 Kárásjohka - Karasjok,2 Kvinner,F05-09 5-9 år,2025,Personer,61
5610 Kárásjohka - Karasjok,2 Kvinner,F10-14 10-14 år,2025,Personer,57
5610 Kárásjohka - Karasjok,2 Kvinner,F15-19 15-19 år,2025,Personer,61
5610 Kárásjohka - Karasjok,2 Kvinner,F20-24 20-24 år,2025,Personer,72
5610 Kárásjohka - Karasjok,2 Kvinner,F25-29 25-29 år,2025,Personer,79
5610 Kárásjohka - Karasjok,2 Kvinner,F30-34 30-34 år,2025,Personer,84
5610 Kárásjohka - Karasjok,2 Kvinner,F35-39 35-39 år,2025,Personer,63
5610 Kárásjohka - Karasjok,2 Kvinner,F40-44 40-44 år,2025,Personer,59
5610 Kárásjohka - Karasjok,2 Kvinner,F45-49 45-49 år,2025,Personer,57
5610 Kárásjohka - Karasjok,2 Kvinner,F50-54 50-54 år,2025,Personer,101
5610 Kárásjohka - Karasjok,2 Kvinner,F55-59 55-59 år,2025,Personer,105
5610 Kárásjohka - Karasjok,2 Kvinner,F60-64 60-64 år,2025,Personer,88
5610 Kárásjohka - Karasjok,2 Kvinner,F65-69 65-69 år,2025,Personer,88
5610 Kárásjohka - Karasjok,2 Kvinner,F70-74 70-74 år,2025,Personer,79
5610 Kárásjohka - Karasjok,2 Kvinner,F75-79 75-79 år,2025,Personer,57
5610 Kárásjohka - Karasjok,2 Kvinner,F80-84 80-84 år,2025,Personer,35
5610 Kárásjohka - Karasjok,2 Kvinner,F85-89 85-89 år,2025,Personer,27
5610 Kárásjohka - Karasjok,2 Kvinner,F90-94 90-94 år,2025,Personer,10
5610 Kárásjohka - Karasjok,2 Kvinner,F95-99 95-99 år,2025,Personer,4
5610 Kárásjohka - Karasjok,2 Kvinner,F100G5+ 100 år eller eldre,2025,Personer,1
5610 Kárásjohka - Karasjok,1 Menn,F00-04 0-4 år,2025,Personer,54
5610 Kárásjohka - Karasjok,1 Menn,F05-09 5-9 år,2025,Personer,50
5610 Kárásjohka - Karasjok,1 Menn,F10-14 10-14 år,2025,Personer,49
5610 Kárásjohka - Karasjok,1 Menn,F15-19 15-19 år,2025,Personer,92
5610 Kárásjohka - Karasjok,1 Menn,F20-24 20-24 år,2025,Personer,74
5610 Kárásjohka - Karasjok,1 Menn,F25-29 25-29 år,2025,Personer,89
5610 Kárásjohka - Karasjok,1 Menn,F30-34 30-34 år,2025,Personer,95
5610 Kárásjohka - Karasjok,1 Menn,F35-39 35-39 år,2025,Personer,94
5610 Kárásjohka - Karasjok,1 Menn,F40-44 40-44 år,2025,Personer,59
5610 Kárásjohka - Karasjok,1 Menn,F45-49 45-49 år,2025,Personer,73
5610 Kárásjohka - Karasjok,1 Menn,F50-54 50-54 år,2025,Personer,77
5610 Kárásjohka - Karasjok,1 Menn,F55-59 55-59 år,2025,Personer,102
5610 Kárásjohka - Karasjok,1 Menn,F60-64 60-64 år,2025,Personer,103
5610 Kárásjohka - Karasjok,1 Menn,F65-69 65-69 år,2025,Personer,91
5610 Kárásjohka - Karasjok,1 Menn,F70-74 70-74 år,2025,Personer,86
5610 Kárásjohka - Karasjok,1 Menn,F75-79 75-79 år,2025,Personer,50
5610 Kárásjohka - Karasjok,1 Menn,F80-84 80-84 år,2025,Personer,25
5610 Kárásjohka - Karasjok,1 Menn,F85-89 85-89 år,2025,Personer,10
5610 Kárásjohka - Karasjok,1 Menn,F90-94 90-94 år,2025,Personer,7
5610 Kárásjohka - Karasjok,1 Menn,F95-99 95-99 år,2025,Personer,0
5610 Kárásjohka - Karasjok,1 Menn,F100G5+ 100 år eller eldre,2025,Personer,0
5612 Guovdageaidnu - Kautokeino,2 Kvinner,F00-04 0-4 år,2025,Personer,63
5612 Guovdageaidnu - Kautokeino,2 Kvinner,F05-09 5-9 år,2025,Personer,78
5612 Guovdageaidnu - Kautokeino,2 Kvinner,F10-14 10-14 år,2025,Personer,83
5612 Guovdageaidnu - Kautokeino,2 Kvinner,F15-19 15-19 år,2025,Personer,93
5612 Guovdageaidnu - Kautokeino,2 Kvinner,F20-24 20-24 år,2025,Personer,74
5612 Guovdageaidnu - Kautokeino,2 Kvinner,F25-29 25-29 år,2025,Personer,71
5612 Guovdageaidnu - Kautokeino,2 Kvinner,F30-34 30-34 år,2025,Personer,77
5612 Guovdageaidnu - Kautokeino,2 Kvinner,F35-39 35-39 år,2025,Personer,99
5612 Guovdageaidnu - Kautokeino,2 Kvinner,F40-44 40-44 år,2025,Personer,81
5612 Guovdageaidnu - Kautokeino,2 Kvinner,F45-49 45-49 år,2025,Personer,88
5612 Guovdageaidnu - Kautokeino,2 Kvinner,F50-54 50-54 år,2025,Personer,84
5612 Guovdageaidnu - Kautokeino,2 Kvinner,F55-59 55-59 år,2025,Personer,96
5612 Guovdageaidnu - Kautokeino,2 Kvinner,F60-64 60-64 år,2025,Personer,83
5612 Guovdageaidnu - Kautokeino,2 Kvinner,F65-69 65-69 år,2025,Personer,83
5612 Guovdageaidnu - Kautokeino,2 Kvinner,F70-74 70-74 år,2025,Personer,79
5612 Guovdageaidnu - Kautokeino,2 Kvinner,F75-79 75-79 år,2025,Personer,72
5612 Guovdageaidnu - Kautokeino,2 Kvinner,F80-84 80-84 år,2025,Personer,40
5612 Guovdageaidnu - Kautokeino,2 Kvinner,F85-89 85-89 år,2025,Personer,29
5612 Guovdageaidnu - Kautokeino,2 Kvinner,F90-94 90-94 år,2025,Personer,10
5612 Guovdageaidnu - Kautokeino,2 Kvinner,F95-99 95-99 år,2025,Personer,2
5612 Guovdageaidnu - Kautokeino,2 Kvinner,F100G5+ 100 år eller eldre,2025,Personer,0
5612 Guovdageaidnu - Kautokeino,1 Menn,F00-04 0-4 år,2025,Personer,64
5612 Guovdageaidnu - Kautokeino,1 Menn,F05-09 5-9 år,2025,Personer,102
5612 Guovdageaidnu - Kautokeino,1 Menn,F10-14 10-14 år,2025,Personer,85
5612 Guovdageaidnu - Kautokeino,1 Menn,F15-19 15-19 år,2025,Personer,91
5612 Guovdageaidnu - Kautokeino,1 Menn,F20-24 20-24 år,2025,Personer,86
5612 Guovdageaidnu - Kautokeino,1 Menn,F25-29 25-29 år,2025,Personer,83
5612 Guovdageaidnu - Kautokeino,1 Menn,F30-34 30-34 år,2025,Personer,88
5612 Guovdageaidnu - Kautokeino,1 Menn,F35-39 35-39 år,2025,Personer,77
5612 Guovdageaidnu - Kautokeino,1 Menn,F40-44 40-44 år,2025,Personer,98
5612 Guovdageaidnu - Kautokeino,1 Menn,F45-49 45-49 år,2025,Personer,103
5612 Guovdageaidnu - Kautokeino,1 Menn,F50-54 50-54 år,2025,Personer,109
5612 Guovdageaidnu - Kautokeino,1 Menn,F55-59 55-59 år,2025,Personer,113
5612 Guovdageaidnu - Kautokeino,1 Menn,F60-64 60-64 år,2025,Personer,98
5612 Guovdageaidnu - Kautokeino,1 Menn,F65-69 65-69 år,2025,Personer,87
5612 Guovdageaidnu - Kautokeino,1 Menn,F70-74 70-74 år,2025,Personer,70
5612 Guovdageaidnu - Kautokeino,1 Menn,F75-79 75-79 år,2025,Personer,70
5612 Guovdageaidnu - Kautokeino,1 Menn,F80-84 80-84 år,2025,Personer,25
5612 Guovdageaidnu - Kautokeino,1 Menn,F85-89 85-89 år,2025,Personer,13
5612 Guovdageaidnu - Kautokeino,1 Menn,F90-94 90-94 år,2025,Personer,5
5612 Guovdageaidnu - Kautokeino,1 Menn,F95-99 95-99 år,2025,Personer,0
5612 Guovdageaidnu - Kautokeino,1 Menn,F100G5+ 100 år eller eldre,2025,Personer,0
5614 Loppa,2 Kvinner,F00-04 0-4 år,2025,Personer,15
5614 Loppa,2 Kvinner,F05-09 5-9 år,2025,Personer,15
5614 Loppa,2 Kvinner,F10-14 10-14 år,2025,Personer,16
5614 Loppa,2 Kvinner,F15-19 15-19 år,2025,Personer,13
5614 Loppa,2 Kvinner,F20-24 20-24 år,2025,Personer,12
5614 Loppa,2 Kvinner,F25-29 25-29 år,2025,Personer,20
5614 Loppa,2 Kvinner,F30-34 30-34 år,2025,Personer,23
5614 Loppa,2 Kvinner,F35-39 35-39 år,2025,Personer,26
5614 Loppa,2 Kvinner,F40-44 40-44 år,2025,Personer,10
5614 Loppa,2 Kvinner,F45-49 45-49 år,2025,Personer,21
5614 Loppa,2 Kvinner,F50-54 50-54 år,2025,Personer,33
5614 Loppa,2 Kvinner,F55-59 55-59 år,2025,Personer,25
5614 Loppa,2 Kvinner,F60-64 60-64 år,2025,Personer,35
5614 Loppa,2 Kvinner,F65-69 65-69 år,2025,Personer,29
5614 Loppa,2 Kvinner,F70-74 70-74 år,2025,Personer,23
5614 Loppa,2 Kvinner,F75-79 75-79 år,2025,Personer,19
5614 Loppa,2 Kvinner,F80-84 80-84 år,2025,Personer,25
5614 Loppa,2 Kvinner,F85-89 85-89 år,2025,Personer,17
5614 Loppa,2 Kvinner,F90-94 90-94 år,2025,Personer,7
5614 Loppa,2 Kvinner,F95-99 95-99 år,2025,Personer,2
5614 Loppa,2 Kvinner,F100G5+ 100 år eller eldre,2025,Personer,0
5614 Loppa,1 Menn,F00-04 0-4 år,2025,Personer,12
5614 Loppa,1 Menn,F05-09 5-9 år,2025,Personer,16
5614 Loppa,1 Menn,F10-14 10-14 år,2025,Personer,15
5614 Loppa,1 Menn,F15-19 15-19 år,2025,Personer,11
5614 Loppa,1 Menn,F20-24 20-24 år,2025,Personer,30
5614 Loppa,1 Menn,F25-29 25-29 år,2025,Personer,36
5614 Loppa,1 Menn,F30-34 30-34 år,2025,Personer,38
5614 Loppa,1 Menn,F35-39 35-39 år,2025,Personer,26
5614 Loppa,1 Menn,F40-44 40-44 år,2025,Personer,25
5614 Loppa,1 Menn,F45-49 45-49 år,2025,Personer,29
5614 Loppa,1 Menn,F50-54 50-54 år,2025,Personer,40
5614 Loppa,1 Menn,F55-59 55-59 år,2025,Personer,31
5614 Loppa,1 Menn,F60-64 60-64 år,2025,Personer,34
5614 Loppa,1 Menn,F65-69 65-69 år,2025,Personer,40
5614 Loppa,1 Menn,F70-74 70-74 år,2025,Personer,36
5614 Loppa,1 Menn,F75-79 75-79 år,2025,Personer,25
5614 Loppa,1 Menn,F80-84 80-84 år,2025,Personer,22
5614 Loppa,1 Menn,F85-89 85-89 år,2025,Personer,9
5614 Loppa,1 Menn,F90-94 90-94 år,2025,Personer,3
5614 Loppa,1 Menn,F95-99 95-99 år,2025,Personer,0
5614 Loppa,1 Menn,F100G5+ 100 år eller eldre,2025,Personer,0
5616 Hasvik,2 Kvinner,F00-04 0-4 år,2025,Personer,13
5616 Hasvik,2 Kvinner,F05-09 5-9 år,2025,Personer,23
5616 Hasvik,2 Kvinner,F10-14 10-14 år,2025,Personer,22
5616 Hasvik,2 Kvinner,F15-19 15-19 år,2025,Personer,22
5616 Hasvik,2 Kvinner,F20-24 20-24 år,2025,Personer,16
5616 Hasvik,2 Kvinner,F25-29 25-29 år,2025,Personer,19
5616 Hasvik,2 Kvinner,F30-34 30-34 år,2025,Personer,28
5616 Hasvik,2 Kvinner,F35-39 35-39 år,2025,Personer,27
5616 Hasvik,2 Kvinner,F40-44 40-44 år,2025,Personer,23
5616 Hasvik,2 Kvinner,F45-49 45-49 år,2025,Personer,24
5616 Hasvik,2 Kvinner,F50-54 50-54 år,2025,Personer,40
5616 Hasvik,2 Kvinner,F55-59 55-59 år,2025,Personer,35
5616 Hasvik,2 Kvinner,F60-64 60-64 år,2025,Personer,35
5616 Hasvik,2 Kvinner,F65-69 65-69 år,2025,Personer,25
5616 Hasvik,2 Kvinner,F70-74 70-74 år,2025,Personer,29
5616 Hasvik,2 Kvinner,F75-79 75-79 år,2025,Personer,24
5616 Hasvik,2 Kvinner,F80-84 80-84 år,2025,Personer,19
5616 Hasvik,2 Kvinner,F85-89 85-89 år,2025,Personer,11
5616 Hasvik,2 Kvinner,F90-94 90-94 år,2025,Personer,4
5616 Hasvik,2 Kvinner,F95-99 95-99 år,2025,Personer,2
5616 Hasvik,2 Kvinner,F100G5+ 100 år eller eldre,2025,Personer,0
5616 Hasvik,1 Menn,F00-04 0-4 år,2025,Personer,25
5616 Hasvik,1 Menn,F05-09 5-9 år,2025,Personer,20
5616 Hasvik,1 Menn,F10-14 10-14 år,2025,Personer,26
5616 Hasvik,1 Menn,F15-19 15-19 år,2025,Personer,23
5616 Hasvik,1 Menn,F20-24 20-24 år,2025,Personer,25
5616 Hasvik,1 Menn,F25-29 25-29 år,2025,Personer,30
5616 Hasvik,1 Menn,F30-34 30-34 år,2025,Personer,39
5616 Hasvik,1 Menn,F35-39 35-39 år,2025,Personer,35
5616 Hasvik,1 Menn,F40-44 40-44 år,2025,Personer,45
5616 Hasvik,1 Menn,F45-49 45-49 år,2025,Personer,37
5616 Hasvik,1 Menn,F50-54 50-54 år,2025,Personer,44
5616 Hasvik,1 Menn,F55-59 55-59 år,2025,Personer,48
5616 Hasvik,1 Menn,F60-64 60-64 år,2025,Personer,33
5616 Hasvik,1 Menn,F65-69 65-69 år,2025,Personer,30
5616 Hasvik,1 Menn,F70-74 70-74 år,2025,Personer,28
5616 Hasvik,1 Menn,F75-79 75-79 år,2025,Personer,31
5616 Hasvik,1 Menn,F80-84 80-84 år,2025,Personer,7
5616 Hasvik,1 Menn,F85-89 85-89 år,2025,Personer,9
5616 Hasvik,1 Menn,F90-94 90-94 år,2025,Personer,1
5616 Hasvik,1 Menn,F95-99 95-99 år,2025,Personer,0
5616 Hasvik,1 Menn,F100G5+ 100 år eller eldre,2025,Personer,0
5618 Måsøy,2 Kvinner,F00-04 0-4 år,2025,Personer,16
5618 Måsøy,2 Kvinner,F05-09 5-9 år,2025,Personer,23
5618 Måsøy,2 Kvinner,F10-14 10-14 år,2025,Personer,21
5618 Måsøy,2 Kvinner,F15-19 15-19 år,2025,Personer,28
5618 Måsøy,2 Kvinner,F20-24 20-24 år,2025,Personer,13
5618 Måsøy,2 Kvinner,F25-29 25-29 år,2025,Personer,22
5618 Måsøy,2 Kvinner,F30-34 30-34 år,2025,Personer,29
5618 Måsøy,2 Kvinner,F35-39 35-39 år,2025,Personer,28
5618 Måsøy,2 Kvinner,F40-44 40-44 år,2025,Personer,25
5618 Måsøy,2 Kvinner,F45-49 45-49 år,2025,Personer,33
5618 Måsøy,2 Kvinner,F50-54 50-54 år,2025,Personer,40
5618 Måsøy,2 Kvinner,F55-59 55-59 år,2025,Personer,36
5618 Måsøy,2 Kvinner,F60-64 60-64 år,2025,Personer,39
5618 Måsøy,2 Kvinner,F65-69 65-69 år,2025,Personer,21
5618 Måsøy,2 Kvinner,F70-74 70-74 år,2025,Personer,28
5618 Måsøy,2 Kvinner,F75-79 75-79 år,2025,Personer,32
5618 Måsøy,2 Kvinner,F80-84 80-84 år,2025,Personer,30
5618 Måsøy,2 Kvinner,F85-89 85-89 år,2025,Personer,10
5618 Måsøy,2 Kvinner,F90-94 90-94 år,2025,Personer,10
5618 Måsøy,2 Kvinner,F95-99 95-99 år,2025,Personer,1
5618 Måsøy,2 Kvinner,F100G5+ 100 år eller eldre,2025,Personer,0
5618 Måsøy,1 Menn,F00-04 0-4 år,2025,Personer,21
5618 Måsøy,1 Menn,F05-09 5-9 år,2025,Personer,20
5618 Måsøy,1 Menn,F10-14 10-14 år,2025,Personer,21
5618 Måsøy,1 Menn,F15-19 15-19 år,2025,Personer,30
5618 Måsøy,1 Menn,F20-24 20-24 år,2025,Personer,23
5618 Måsøy,1 Menn,F25-29 25-29 år,2025,Personer,34
5618 Måsøy,1 Menn,F30-34 30-34 år,2025,Personer,27
5618 Måsøy,1 Menn,F35-39 35-39 år,2025,Personer,44
5618 Måsøy,1 Menn,F40-44 40-44 år,2025,Personer,42
5618 Måsøy,1 Menn,F45-49 45-49 år,2025,Personer,37
5618 Måsøy,1 Menn,F50-54 50-54 år,2025,Personer,45
5618 Måsøy,1 Menn,F55-59 55-59 år,2025,Personer,45
5618 Måsøy,1 Menn,F60-64 60-64 år,2025,Personer,54
5618 Måsøy,1 Menn,F65-69 65-69 år,2025,Personer,42
5618 Måsøy,1 Menn,F70-74 70-74 år,2025,Personer,44
5618 Måsøy,1 Menn,F75-79 75-79 år,2025,Personer,38
5618 Måsøy,1 Menn,F80-84 80-84 år,2025,Personer,25
5618 Måsøy,1 Menn,F85-89 85-89 år,2025,Personer,14
5618 Måsøy,1 Menn,F90-94 90-94 år,2025,Personer,6
5618 Måsøy,1 Menn,F95-99 95-99 år,2025,Personer,1
5618 Måsøy,1 Menn,F100G5+ 100 år eller eldre,2025,Personer,0
5620 Nordkapp,2 Kvinner,F00-04 0-4 år,2025,Personer,52
5620 Nordkapp,2 Kvinner,F05-09 5-9 år,2025,Personer,53
5620 Nordkapp,2 Kvinner,F10-14 10-14 år,2025,Personer,64
5620 Nordkapp,2 Kvinner,F15-19 15-19 år,2025,Personer,68
5620 Nordkapp,2 Kvinner,F20-24 20-24 år,2025,Personer,86
5620 Nordkapp,2 Kvinner,F25-29 25-29 år,2025,Personer,93
5620 Nordkapp,2 Kvinner,F30-34 30-34 år,2025,Personer,92
5620 Nordkapp,2 Kvinner,F35-39 35-39 år,2025,Personer,73
5620 Nordkapp,2 Kvinner,F40-44 40-44 år,2025,Personer,73
5620 Nordkapp,2 Kvinner,F45-49 45-49 år,2025,Personer,84
5620 Nordkapp,2 Kvinner,F50-54 50-54 år,2025,Personer,89
5620 Nordkapp,2 Kvinner,F55-59 55-59 år,2025,Personer,113
5620 Nordkapp,2 Kvinner,F60-64 60-64 år,2025,Personer,110
5620 Nordkapp,2 Kvinner,F65-69 65-69 år,2025,Personer,90
5620 Nordkapp,2 Kvinner,F70-74 70-74 år,2025,Personer,77
5620 Nordkapp,2 Kvinner,F75-79 75-79 år,2025,Personer,71
5620 Nordkapp,2 Kvinner,F80-84 80-84 år,2025,Personer,41
5620 Nordkapp,2 Kvinner,F85-89 85-89 år,2025,Personer,26
5620 Nordkapp,2 Kvinner,F90-94 90-94 år,2025,Personer,18
5620 Nordkapp,2 Kvinner,F95-99 95-99 år,2025,Personer,2
5620 Nordkapp,2 Kvinner,F100G5+ 100 år eller eldre,2025,Personer,0
5620 Nordkapp,1 Menn,F00-04 0-4 år,2025,Personer,54
5620 Nordkapp,1 Menn,F05-09 5-9 år,2025,Personer,55
5620 Nordkapp,1 Menn,F10-14 10-14 år,2025,Personer,50
5620 Nordkapp,1 Menn,F15-19 15-19 år,2025,Personer,79
5620 Nordkapp,1 Menn,F20-24 20-24 år,2025,Personer,111
5620 Nordkapp,1 Menn,F25-29 25-29 år,2025,Personer,109
5620 Nordkapp,1 Menn,F30-34 30-34 år,2025,Personer,120
5620 Nordkapp,1 Menn,F35-39 35-39 år,2025,Personer,94
5620 Nordkapp,1 Menn,F40-44 40-44 år,2025,Personer,84
5620 Nordkapp,1 Menn,F45-49 45-49 år,2025,Personer,84
5620 Nordkapp,1 Menn,F50-54 50-54 år,2025,Personer,112
5620 Nordkapp,1 Menn,F55-59 55-59 år,2025,Personer,136
5620 Nordkapp,1 Menn,F60-64 60-64 år,2025,Personer,137
5620 Nordkapp,1 Menn,F65-69 65-69 år,2025,Personer,103
5620 Nordkapp,1 Menn,F70-74 70-74 år,2025,Personer,96
5620 Nordkapp,1 Menn,F75-79 75-79 år,2025,Personer,84
5620 Nordkapp,1 Menn,F80-84 80-84 år,2025,Personer,55
5620 Nordkapp,1 Menn,F85-89 85-89 år,2025,Personer,13
5620 Nordkapp,1 Menn,F90-94 90-94 år,2025,Personer,4
5620 Nordkapp,1 Menn,F95-99 95-99 år,2025,Personer,1
5620 Nordkapp,1 Menn,F100G5+ 100 år eller eldre,2025,Personer,0
5622 Porsanger - Porsángu - Porsanki,2 Kvinner,F00-04 0-4 år,2025,Personer,70
5622 Porsanger - Porsángu - Porsanki,2 Kvinner,F05-09 5-9 år,2025,Personer,81
5622 Porsanger - Porsángu - Porsanki,2 Kvinner,F10-14 10-14 år,2025,Personer,108
5622 Porsanger - Porsángu - Porsanki,2 Kvinner,F15-19 15-19 år,2025,Personer,100
5622 Porsanger - Porsángu - Porsanki,2 Kvinner,F20-24 20-24 år,2025,Personer,105
5622 Porsanger - Porsángu - Porsanki,2 Kvinner,F25-29 25-29 år,2025,Personer,95
5622 Porsanger - Porsángu - Porsanki,2 Kvinner,F30-34 30-34 år,2025,Personer,98
5622 Porsanger - Porsángu - Porsanki,2 Kvinner,F35-39 35-39 år,2025,Personer,111
5622 Porsanger - Porsángu - Porsanki,2 Kvinner,F40-44 40-44 år,2025,Personer,96
5622 Porsanger - Porsángu - Porsanki,2 Kvinner,F45-49 45-49 år,2025,Personer,104
5622 Porsanger - Porsángu - Porsanki,2 Kvinner,F50-54 50-54 år,2025,Personer,123
5622 Porsanger - Porsángu - Porsanki,2 Kvinner,F55-59 55-59 år,2025,Personer,166
5622 Porsanger - Porsángu - Porsanki,2 Kvinner,F60-64 60-64 år,2025,Personer,138
5622 Porsanger - Porsángu - Porsanki,2 Kvinner,F65-69 65-69 år,2025,Personer,144
5622 Porsanger - Porsángu - Porsanki,2 Kvinner,F70-74 70-74 år,2025,Personer,128
5622 Porsanger - Porsángu - Porsanki,2 Kvinner,F75-79 75-79 år,2025,Personer,114
5622 Porsanger - Porsángu - Porsanki,2 Kvinner,F80-84 80-84 år,2025,Personer,56
5622 Porsanger - Porsángu - Porsanki,2 Kvinner,F85-89 85-89 år,2025,Personer,23
5622 Porsanger - Porsángu - Porsanki,2 Kvinner,F90-94 90-94 år,2025,Personer,12
5622 Porsanger - Porsángu - Porsanki,2 Kvinner,F95-99 95-99 år,2025,Personer,2
5622 Porsanger - Porsángu - Porsanki,2 Kvinner,F100G5+ 100 år eller eldre,2025,Personer,0
5622 Porsanger - Porsángu - Porsanki,1 Menn,F00-04 0-4 år,2025,Personer,66
5622 Porsanger - Porsángu - Porsanki,1 Menn,F05-09 5-9 år,2025,Personer,96
5622 Porsanger - Porsángu - Porsanki,1 Menn,F10-14 10-14 år,2025,Personer,77
5622 Porsanger - Porsángu - Porsanki,1 Menn,F15-19 15-19 år,2025,Personer,104
5622 Porsanger - Porsángu - Porsanki,1 Menn,F20-24 20-24 år,2025,Personer,155
5622 Porsanger - Porsángu - Porsanki,1 Menn,F25-29 25-29 år,2025,Personer,135
5622 Porsanger - Porsángu - Porsanki,1 Menn,F30-34 30-34 år,2025,Personer,125
5622 Porsanger - Porsángu - Porsanki,1 Menn,F35-39 35-39 år,2025,Personer,104
5622 Porsanger - Porsángu - Porsanki,1 Menn,F40-44 40-44 år,2025,Personer,97
5622 Porsanger - Porsángu - Porsanki,1 Menn,F45-49 45-49 år,2025,Personer,116
5622 Porsanger - Porsángu - Porsanki,1 Menn,F50-54 50-54 år,2025,Personer,132
5622 Porsanger - Porsángu - Porsanki,1 Menn,F55-59 55-59 år,2025,Personer,162
5622 Porsanger - Porsángu - Porsanki,1 Menn,F60-64 60-64 år,2025,Personer,161
5622 Porsanger - Porsángu - Porsanki,1 Menn,F65-69 65-69 år,2025,Personer,147
5622 Porsanger - Porsángu - Porsanki,1 Menn,F70-74 70-74 år,2025,Personer,135
5622 Porsanger - Porsángu - Porsanki,1 Menn,F75-79 75-79 år,2025,Personer,120
5622 Porsanger - Porsángu - Porsanki,1 Menn,F80-84 80-84 år,2025,Personer,55
5622 Porsanger - Porsángu - Porsanki,1 Menn,F85-89 85-89 år,2025,Personer,22
5622 Porsanger - Porsángu - Porsanki,1 Menn,F90-94 90-94 år,2025,Personer,12
5622 Porsanger - Porsángu - Porsanki,1 Menn,F95-99 95-99 år,2025,Personer,1
5622 Porsanger - Porsángu - Porsanki,1 Menn,F100G5+ 100 år eller eldre,2025,Personer,0
5624 Lebesby,2 Kvinner,F00-04 0-4 år,2025,Personer,19
5624 Lebesby,2 Kvinner,F05-09 5-9 år,2025,Personer,19
5624 Lebesby,2 Kvinner,F10-14 10-14 år,2025,Personer,29
5624 Lebesby,2 Kvinner,F15-19 15-19 år,2025,Personer,29
5624 Lebesby,2 Kvinner,F20-24 20-24 år,2025,Personer,39
5624 Lebesby,2 Kvinner,F25-29 25-29 år,2025,Personer,35
5624 Lebesby,2 Kvinner,F30-34 30-34 år,2025,Personer,24
5624 Lebesby,2 Kvinner,F35-39 35-39 år,2025,Personer,39
5624 Lebesby,2 Kvinner,F40-44 40-44 år,2025,Personer,25
5624 Lebesby,2 Kvinner,F45-49 45-49 år,2025,Personer,29
5624 Lebesby,2 Kvinner,F50-54 50-54 år,2025,Personer,48
5624 Lebesby,2 Kvinner,F55-59 55-59 år,2025,Personer,41
5624 Lebesby,2 Kvinner,F60-64 60-64 år,2025,Personer,44
5624 Lebesby,2 Kvinner,F65-69 65-69 år,2025,Personer,39
5624 Lebesby,2 Kvinner,F70-74 70-74 år,2025,Personer,32
5624 Lebesby,2 Kvinner,F75-79 75-79 år,2025,Personer,29
5624 Lebesby,2 Kvinner,F80-84 80-84 år,2025,Personer,18
5624 Lebesby,2 Kvinner,F85-89 85-89 år,2025,Personer,9
5624 Lebesby,2 Kvinner,F90-94 90-94 år,2025,Personer,8
5624 Lebesby,2 Kvinner,F95-99 95-99 år,2025,Personer,1
5624 Lebesby,2 Kvinner,F100G5+ 100 år eller eldre,2025,Personer,0
5624 Lebesby,1 Menn,F00-04 0-4 år,2025,Personer,21
5624 Lebesby,1 Menn,F05-09 5-9 år,2025,Personer,24
5624 Lebesby,1 Menn,F10-14 10-14 år,2025,Personer,30
5624 Lebesby,1 Menn,F15-19 15-19 år,2025,Personer,31
5624 Lebesby,1 Menn,F20-24 20-24 år,2025,Personer,36
5624 Lebesby,1 Menn,F25-29 25-29 år,2025,Personer,47
5624 Lebesby,1 Menn,F30-34 30-34 år,2025,Personer,47
5624 Lebesby,1 Menn,F35-39 35-39 år,2025,Personer,46
5624 Lebesby,1 Menn,F40-44 40-44 år,2025,Personer,38
5624 Lebesby,1 Menn,F45-49 45-49 år,2025,Personer,34
5624 Lebesby,1 Menn,F50-54 50-54 år,2025,Personer,54
5624 Lebesby,1 Menn,F55-59 55-59 år,2025,Personer,60
5624 Lebesby,1 Menn,F60-64 60-64 år,2025,Personer,57
5624 Lebesby,1 Menn,F65-69 65-69 år,2025,Personer,42
5624 Lebesby,1 Menn,F70-74 70-74 år,2025,Personer,44
5624 Lebesby,1 Menn,F75-79 75-79 år,2025,Personer,36
5624 Lebesby,1 Menn,F80-84 80-84 år,2025,Personer,21
5624 Lebesby,1 Menn,F85-89 85-89 år,2025,Personer,9
5624 Lebesby,1 Menn,F90-94 90-94 år,2025,Personer,4
5624 Lebesby,1 Menn,F95-99 95-99 år,2025,Personer,1
5624 Lebesby,1 Menn,F100G5+ 100 år eller eldre,2025,Personer,0
5626 Gamvik,2 Kvinner,F00-04 0-4 år,2025,Personer,21
5626 Gamvik,2 Kvinner,F05-09 5-9 år,2025,Personer,23
5626 Gamvik,2 Kvinner,F10-14 10-14 år,2025,Personer,18
5626 Gamvik,2 Kvinner,F15-19 15-19 år,2025,Personer,22
5626 Gamvik,2 Kvinner,F20-24 20-24 år,2025,Personer,17
5626 Gamvik,2 Kvinner,F25-29 25-29 år,2025,Personer,33
5626 Gamvik,2 Kvinner,F30-34 30-34 år,2025,Personer,28
5626 Gamvik,2 Kvinner,F35-39 35-39 år,2025,Personer,28
5626 Gamvik,2 Kvinner,F40-44 40-44 år,2025,Personer,30
5626 Gamvik,2 Kvinner,F45-49 45-49 år,2025,Personer,31
5626 Gamvik,2 Kvinner,F50-54 50-54 år,2025,Personer,40
5626 Gamvik,2 Kvinner,F55-59 55-59 år,2025,Personer,40
5626 Gamvik,2 Kvinner,F60-64 60-64 år,2025,Personer,33
5626 Gamvik,2 Kvinner,F65-69 65-69 år,2025,Personer,32
5626 Gamvik,2 Kvinner,F70-74 70-74 år,2025,Personer,29
5626 Gamvik,2 Kvinner,F75-79 75-79 år,2025,Personer,30
5626 Gamvik,2 Kvinner,F80-84 80-84 år,2025,Personer,19
5626 Gamvik,2 Kvinner,F85-89 85-89 år,2025,Personer,10
5626 Gamvik,2 Kvinner,F90-94 90-94 år,2025,Personer,2
5626 Gamvik,2 Kvinner,F95-99 95-99 år,2025,Personer,1
5626 Gamvik,2 Kvinner,F100G5+ 100 år eller eldre,2025,Personer,0
5626 Gamvik,1 Menn,F00-04 0-4 år,2025,Personer,12
5626 Gamvik,1 Menn,F05-09 5-9 år,2025,Personer,25
5626 Gamvik,1 Menn,F10-14 10-14 år,2025,Personer,17
5626 Gamvik,1 Menn,F15-19 15-19 år,2025,Personer,21
5626 Gamvik,1 Menn,F20-24 20-24 år,2025,Personer,34
5626 Gamvik,1 Menn,F25-29 25-29 år,2025,Personer,30
5626 Gamvik,1 Menn,F30-34 30-34 år,2025,Personer,45
5626 Gamvik,1 Menn,F35-39 35-39 år,2025,Personer,47
5626 Gamvik,1 Menn,F40-44 40-44 år,2025,Personer,41
5626 Gamvik,1 Menn,F45-49 45-49 år,2025,Personer,34
5626 Gamvik,1 Menn,F50-54 50-54 år,2025,Personer,54
5626 Gamvik,1 Menn,F55-59 55-59 år,2025,Personer,42
5626 Gamvik,1 Menn,F60-64 60-64 år,2025,Personer,38
5626 Gamvik,1 Menn,F65-69 65-69 år,2025,Personer,38
5626 Gamvik,1 Menn,F70-74 70-74 år,2025,Personer,32
5626 Gamvik,1 Menn,F75-79 75-79 år,2025,Personer,27
5626 Gamvik,1 Menn,F80-84 80-84 år,2025,Personer,15
5626 Gamvik,1 Menn,F85-89 85-89 år,2025,Personer,12
5626 Gamvik,1 Menn,F90-94 90-94 år,2025,Personer,0
5626 Gamvik,1 Menn,F95-99 95-99 år,2025,Personer,0
5626 Gamvik,1 Menn,F100G5+ 100 år eller eldre,2025,Personer,0
5628 Deatnu - Tana,2 Kvinner,F00-04 0-4 år,2025,Personer,61
5628 Deatnu - Tana,2 Kvinner,F05-09 5-9 år,2025,Personer,53
5628 Deatnu - Tana,2 Kvinner,F10-14 10-14 år,2025,Personer,54
5628 Deatnu - Tana,2 Kvinner,F15-19 15-19 år,2025,Personer,69
5628 Deatnu - Tana,2 Kvinner,F20-24 20-24 år,2025,Personer,68
5628 Deatnu - Tana,2 Kvinner,F25-29 25-29 år,2025,Personer,72
5628 Deatnu - Tana,2 Kvinner,F30-34 30-34 år,2025,Personer,75
5628 Deatnu - Tana,2 Kvinner,F35-39 35-39 år,2025,Personer,77
5628 Deatnu - Tana,2 Kvinner,F40-44 40-44 år,2025,Personer,64
5628 Deatnu - Tana,2 Kvinner,F45-49 45-49 år,2025,Personer,83
5628 Deatnu - Tana,2 Kvinner,F50-54 50-54 år,2025,Personer,120
5628 Deatnu - Tana,2 Kvinner,F55-59 55-59 år,2025,Personer,107
5628 Deatnu - Tana,2 Kvinner,F60-64 60-64 år,2025,Personer,95
5628 Deatnu - Tana,2 Kvinner,F65-69 65-69 år,2025,Personer,87
5628 Deatnu - Tana,2 Kvinner,F70-74 70-74 år,2025,Personer,90
5628 Deatnu - Tana,2 Kvinner,F75-79 75-79 år,2025,Personer,71
5628 Deatnu - Tana,2 Kvinner,F80-84 80-84 år,2025,Personer,51
5628 Deatnu - Tana,2 Kvinner,F85-89 85-89 år,2025,Personer,32
5628 Deatnu - Tana,2 Kvinner,F90-94 90-94 år,2025,Personer,11
5628 Deatnu - Tana,2 Kvinner,F95-99 95-99 år,2025,Personer,3
5628 Deatnu - Tana,2 Kvinner,F100G5+ 100 år eller eldre,2025,Personer,0
5628 Deatnu - Tana,1 Menn,F00-04 0-4 år,2025,Personer,56
5628 Deatnu - Tana,1 Menn,F05-09 5-9 år,2025,Personer,69
5628 Deatnu - Tana,1 Menn,F10-14 10-14 år,2025,Personer,71
5628 Deatnu - Tana,1 Menn,F15-19 15-19 år,2025,Personer,71
5628 Deatnu - Tana,1 Menn,F20-24 20-24 år,2025,Personer,79
5628 Deatnu - Tana,1 Menn,F25-29 25-29 år,2025,Personer,82
5628 Deatnu - Tana,1 Menn,F30-34 30-34 år,2025,Personer,77
5628 Deatnu - Tana,1 Menn,F35-39 35-39 år,2025,Personer,90
5628 Deatnu - Tana,1 Menn,F40-44 40-44 år,2025,Personer,77
5628 Deatnu - Tana,1 Menn,F45-49 45-49 år,2025,Personer,89
5628 Deatnu - Tana,1 Menn,F50-54 50-54 år,2025,Personer,110
5628 Deatnu - Tana,1 Menn,F55-59 55-59 år,2025,Personer,131
5628 Deatnu - Tana,1 Menn,F60-64 60-64 år,2025,Personer,102
5628 Deatnu - Tana,1 Menn,F65-69 65-69 år,2025,Personer,79
5628 Deatnu - Tana,1 Menn,F70-74 70-74 år,2025,Personer,107
5628 Deatnu - Tana,1 Menn,F75-79 75-79 år,2025,Personer,92
5628 Deatnu - Tana,1 Menn,F80-84 80-84 år,2025,Personer,47
5628 Deatnu - Tana,1 Menn,F85-89 85-89 år,2025,Personer,17
5628 Deatnu - Tana,1 Menn,F90-94 90-94 år,2025,Personer,9
5628 Deatnu - Tana,1 Menn,F95-99 95-99 år,2025,Personer,0
5628 Deatnu - Tana,1 Menn,F100G5+ 100 år eller eldre,2025,Personer,0
5630 Berlevåg,2 Kvinner,F00-04 0-4 år,2025,Personer,13
5630 Berlevåg,2 Kvinner,F05-09 5-9 år,2025,Personer,19
5630 Berlevåg,2 Kvinner,F10-14 10-14 år,2025,Personer,16
5630 Berlevåg,2 Kvinner,F15-19 15-19 år,2025,Personer,16
5630 Berlevåg,2 Kvinner,F20-24 20-24 år,2025,Personer,16
5630 Berlevåg,2 Kvinner,F25-29 25-29 år,2025,Personer,22
5630 Berlevåg,2 Kvinner,F30-34 30-34 år,2025,Personer,34
5630 Berlevåg,2 Kvinner,F35-39 35-39 år,2025,Personer,24
5630 Berlevåg,2 Kvinner,F40-44 40-44 år,2025,Personer,15
5630 Berlevåg,2 Kvinner,F45-49 45-49 år,2025,Personer,19
5630 Berlevåg,2 Kvinner,F50-54 50-54 år,2025,Personer,35
5630 Berlevåg,2 Kvinner,F55-59 55-59 år,2025,Personer,35
5630 Berlevåg,2 Kvinner,F60-64 60-64 år,2025,Personer,37
5630 Berlevåg,2 Kvinner,F65-69 65-69 år,2025,Personer,34
5630 Berlevåg,2 Kvinner,F70-74 70-74 år,2025,Personer,26
5630 Berlevåg,2 Kvinner,F75-79 75-79 år,2025,Personer,29
5630 Berlevåg,2 Kvinner,F80-84 80-84 år,2025,Personer,13
5630 Berlevåg,2 Kvinner,F85-89 85-89 år,2025,Personer,8
5630 Berlevåg,2 Kvinner,F90-94 90-94 år,2025,Personer,2
5630 Berlevåg,2 Kvinner,F95-99 95-99 år,2025,Personer,2
5630 Berlevåg,2 Kvinner,F100G5+ 100 år eller eldre,2025,Personer,0
5630 Berlevåg,1 Menn,F00-04 0-4 år,2025,Personer,22
5630 Berlevåg,1 Menn,F05-09 5-9 år,2025,Personer,17
5630 Berlevåg,1 Menn,F10-14 10-14 år,2025,Personer,12
5630 Berlevåg,1 Menn,F15-19 15-19 år,2025,Personer,17
5630 Berlevåg,1 Menn,F20-24 20-24 år,2025,Personer,23
5630 Berlevåg,1 Menn,F25-29 25-29 år,2025,Personer,34
5630 Berlevåg,1 Menn,F30-34 30-34 år,2025,Personer,33
5630 Berlevåg,1 Menn,F35-39 35-39 år,2025,Personer,35
5630 Berlevåg,1 Menn,F40-44 40-44 år,2025,Personer,23
5630 Berlevåg,1 Menn,F45-49 45-49 år,2025,Personer,30
5630 Berlevåg,1 Menn,F50-54 50-54 år,2025,Personer,34
5630 Berlevåg,1 Menn,F55-59 55-59 år,2025,Personer,45
5630 Berlevåg,1 Menn,F60-64 60-64 år,2025,Personer,31
5630 Berlevåg,1 Menn,F65-69 65-69 år,2025,Personer,32
5630 Berlevåg,1 Menn,F70-74 70-74 år,2025,Personer,35
5630 Berlevåg,1 Menn,F75-79 75-79 år,2025,Personer,28
5630 Berlevåg,1 Menn,F80-84 80-84 år,2025,Personer,19
5630 Berlevåg,1 Menn,F85-89 85-89 år,2025,Personer,2
5630 Berlevåg,1 Menn,F90-94 90-94 år,2025,Personer,3
5630 Berlevåg,1 Menn,F95-99 95-99 år,2025,Personer,0
5630 Berlevåg,1 Menn,F100G5+ 100 år eller eldre,2025,Personer,0
5632 Båtsfjord,2 Kvinner,F00-04 0-4 år,2025,Personer,55
5632 Båtsfjord,2 Kvinner,F05-09 5-9 år,2025,Personer,52
5632 Båtsfjord,2 Kvinner,F10-14 10-14 år,2025,Personer,48
5632 Båtsfjord,2 Kvinner,F15-19 15-19 år,2025,Personer,42
5632 Båtsfjord,2 Kvinner,F20-24 20-24 år,2025,Personer,75
5632 Båtsfjord,2 Kvinner,F25-29 25-29 år,2025,Personer,69
5632 Båtsfjord,2 Kvinner,F30-34 30-34 år,2025,Personer,60
5632 Båtsfjord,2 Kvinner,F35-39 35-39 år,2025,Personer,71
5632 Båtsfjord,2 Kvinner,F40-44 40-44 år,2025,Personer,50
5632 Båtsfjord,2 Kvinner,F45-49 45-49 år,2025,Personer,58
5632 Båtsfjord,2 Kvinner,F50-54 50-54 år,2025,Personer,84
5632 Båtsfjord,2 Kvinner,F55-59 55-59 år,2025,Personer,75
5632 Båtsfjord,2 Kvinner,F60-64 60-64 år,2025,Personer,64
5632 Båtsfjord,2 Kvinner,F65-69 65-69 år,2025,Personer,58
5632 Båtsfjord,2 Kvinner,F70-74 70-74 år,2025,Personer,57
5632 Båtsfjord,2 Kvinner,F75-79 75-79 år,2025,Personer,46
5632 Båtsfjord,2 Kvinner,F80-84 80-84 år,2025,Personer,21
5632 Båtsfjord,2 Kvinner,F85-89 85-89 år,2025,Personer,14
5632 Båtsfjord,2 Kvinner,F90-94 90-94 år,2025,Personer,7
5632 Båtsfjord,2 Kvinner,F95-99 95-99 år,2025,Personer,2
5632 Båtsfjord,2 Kvinner,F100G5+ 100 år eller eldre,2025,Personer,1
5632 Båtsfjord,1 Menn,F00-04 0-4 år,2025,Personer,51
5632 Båtsfjord,1 Menn,F05-09 5-9 år,2025,Personer,44
5632 Båtsfjord,1 Menn,F10-14 10-14 år,2025,Personer,44
5632 Båtsfjord,1 Menn,F15-19 15-19 år,2025,Personer,55
5632 Båtsfjord,1 Menn,F20-24 20-24 år,2025,Personer,63
5632 Båtsfjord,1 Menn,F25-29 25-29 år,2025,Personer,76
5632 Båtsfjord,1 Menn,F30-34 30-34 år,2025,Personer,94
5632 Båtsfjord,1 Menn,F35-39 35-39 år,2025,Personer,92
5632 Båtsfjord,1 Menn,F40-44 40-44 år,2025,Personer,71
5632 Båtsfjord,1 Menn,F45-49 45-49 år,2025,Personer,63
5632 Båtsfjord,1 Menn,F50-54 50-54 år,2025,Personer,80
5632 Båtsfjord,1 Menn,F55-59 55-59 år,2025,Personer,92
5632 Båtsfjord,1 Menn,F60-64 60-64 år,2025,Personer,71
5632 Båtsfjord,1 Menn,F65-69 65-69 år,2025,Personer,55
5632 Båtsfjord,1 Menn,F70-74 70-74 år,2025,Personer,62
5632 Båtsfjord,1 Menn,F75-79 75-79 år,2025,Personer,45
5632 Båtsfjord,1 Menn,F80-84 80-84 år,2025,Personer,22
5632 Båtsfjord,1 Menn,F85-89 85-89 år,2025,Personer,17
5632 Båtsfjord,1 Menn,F90-94 90-94 år,2025,Personer,1
5632 Båtsfjord,1 Menn,F95-99 95-99 år,2025,Personer,0
5632 Båtsfjord,1 Menn,F100G5+ 100 år eller eldre,2025,Personer,0
5634 Vardø,2 Kvinner,F00-04 0-4 år,2025,Personer,40
5634 Vardø,2 Kvinner,F05-09 5-9 år,2025,Personer,29
5634 Vardø,2 Kvinner,F10-14 10-14 år,2025,Personer,40
5634 Vardø,2 Kvinner,F15-19 15-19 år,2025,Personer,49
5634 Vardø,2 Kvinner,F20-24 20-24 år,2025,Personer,46
5634 Vardø,2 Kvinner,F25-29 25-29 år,2025,Personer,44
5634 Vardø,2 Kvinner,F30-34 30-34 år,2025,Personer,58
5634 Vardø,2 Kvinner,F35-39 35-39 år,2025,Personer,57
5634 Vardø,2 Kvinner,F40-44 40-44 år,2025,Personer,53
5634 Vardø,2 Kvinner,F45-49 45-49 år,2025,Personer,55
5634 Vardø,2 Kvinner,F50-54 50-54 år,2025,Personer,65
5634 Vardø,2 Kvinner,F55-59 55-59 år,2025,Personer,70
5634 Vardø,2 Kvinner,F60-64 60-64 år,2025,Personer,74
5634 Vardø,2 Kvinner,F65-69 65-69 år,2025,Personer,79
5634 Vardø,2 Kvinner,F70-74 70-74 år,2025,Personer,63
5634 Vardø,2 Kvinner,F75-79 75-79 år,2025,Personer,63
5634 Vardø,2 Kvinner,F80-84 80-84 år,2025,Personer,32
5634 Vardø,2 Kvinner,F85-89 85-89 år,2025,Personer,14
5634 Vardø,2 Kvinner,F90-94 90-94 år,2025,Personer,16
5634 Vardø,2 Kvinner,F95-99 95-99 år,2025,Personer,1
5634 Vardø,2 Kvinner,F100G5+ 100 år eller eldre,2025,Personer,0
5634 Vardø,1 Menn,F00-04 0-4 år,2025,Personer,34
5634 Vardø,1 Menn,F05-09 5-9 år,2025,Personer,36
5634 Vardø,1 Menn,F10-14 10-14 år,2025,Personer,50
5634 Vardø,1 Menn,F15-19 15-19 år,2025,Personer,50
5634 Vardø,1 Menn,F20-24 20-24 år,2025,Personer,47
5634 Vardø,1 Menn,F25-29 25-29 år,2025,Personer,59
5634 Vardø,1 Menn,F30-34 30-34 år,2025,Personer,83
5634 Vardø,1 Menn,F35-39 35-39 år,2025,Personer,58
5634 Vardø,1 Menn,F40-44 40-44 år,2025,Personer,58
5634 Vardø,1 Menn,F45-49 45-49 år,2025,Personer,71
5634 Vardø,1 Menn,F50-54 50-54 år,2025,Personer,71
5634 Vardø,1 Menn,F55-59 55-59 år,2025,Personer,100
5634 Vardø,1 Menn,F60-64 60-64 år,2025,Personer,72
5634 Vardø,1 Menn,F65-69 65-69 år,2025,Personer,70
5634 Vardø,1 Menn,F70-74 70-74 år,2025,Personer,77
5634 Vardø,1 Menn,F75-79 75-79 år,2025,Personer,59
5634 Vardø,1 Menn,F80-84 80-84 år,2025,Personer,22
5634 Vardø,1 Menn,F85-89 85-89 år,2025,Personer,11
5634 Vardø,1 Menn,F90-94 90-94 år,2025,Personer,6
5634 Vardø,1 Menn,F95-99 95-99 år,2025,Personer,0
5634 Vardø,1 Menn,F100G5+ 100 år eller eldre,2025,Personer,0
5636 Unjárga - Nesseby,2 Kvinner,F00-04 0-4 år,2025,Personer,13
5636 Unjárga - Nesseby,2 Kvinner,F05-09 5-9 år,2025,Personer,9
5636 Unjárga - Nesseby,2 Kvinner,F10-14 10-14 år,2025,Personer,28
5636 Unjárga - Nesseby,2 Kvinner,F15-19 15-19 år,2025,Personer,22
5636 Unjárga - Nesseby,2 Kvinner,F20-24 20-24 år,2025,Personer,18
5636 Unjárga - Nesseby,2 Kvinner,F25-29 25-29 år,2025,Personer,15
5636 Unjárga - Nesseby,2 Kvinner,F30-34 30-34 år,2025,Personer,27
5636 Unjárga - Nesseby,2 Kvinner,F35-39 35-39 år,2025,Personer,27
5636 Unjárga - Nesseby,2 Kvinner,F40-44 40-44 år,2025,Personer,27
5636 Unjárga - Nesseby,2 Kvinner,F45-49 45-49 år,2025,Personer,22
5636 Unjárga - Nesseby,2 Kvinner,F50-54 50-54 år,2025,Personer,34
5636 Unjárga - Nesseby,2 Kvinner,F55-59 55-59 år,2025,Personer,27
5636 Unjárga - Nesseby,2 Kvinner,F60-64 60-64 år,2025,Personer,20
5636 Unjárga - Nesseby,2 Kvinner,F65-69 65-69 år,2025,Personer,35
5636 Unjárga - Nesseby,2 Kvinner,F70-74 70-74 år,2025,Personer,33
5636 Unjárga - Nesseby,2 Kvinner,F75-79 75-79 år,2025,Personer,32
5636 Unjárga - Nesseby,2 Kvinner,F80-84 80-84 år,2025,Personer,16
5636 Unjárga - Nesseby,2 Kvinner,F85-89 85-89 år,2025,Personer,12
5636 Unjárga - Nesseby,2 Kvinner,F90-94 90-94 år,2025,Personer,5
5636 Unjárga - Nesseby,2 Kvinner,F95-99 95-99 år,2025,Personer,1
5636 Unjárga - Nesseby,2 Kvinner,F100G5+ 100 år eller eldre,2025,Personer,0
5636 Unjárga - Nesseby,1 Menn,F00-04 0-4 år,2025,Personer,15
5636 Unjárga - Nesseby,1 Menn,F05-09 5-9 år,2025,Personer,16
5636 Unjárga - Nesseby,1 Menn,F10-14 10-14 år,2025,Personer,19
5636 Unjárga - Nesseby,1 Menn,F15-19 15-19 år,2025,Personer,24
5636 Unjárga - Nesseby,1 Menn,F20-24 20-24 år,2025,Personer,20
5636 Unjárga - Nesseby,1 Menn,F25-29 25-29 år,2025,Personer,19
5636 Unjárga - Nesseby,1 Menn,F30-34 30-34 år,2025,Personer,24
5636 Unjárga - Nesseby,1 Menn,F35-39 35-39 år,2025,Personer,28
5636 Unjárga - Nesseby,1 Menn,F40-44 40-44 år,2025,Personer,26
5636 Unjárga - Nesseby,1 Menn,F45-49 45-49 år,2025,Personer,25
5636 Unjárga - Nesseby,1 Menn,F50-54 50-54 år,2025,Personer,31
5636 Unjárga - Nesseby,1 Menn,F55-59 55-59 år,2025,Personer,28
5636 Unjárga - Nesseby,1 Menn,F60-64 60-64 år,2025,Personer,38
5636 Unjárga - Nesseby,1 Menn,F65-69 65-69 år,2025,Personer,30
5636 Unjárga - Nesseby,1 Menn,F70-74 70-74 år,2025,Personer,31
5636 Unjárga - Nesseby,1 Menn,F75-79 75-79 år,2025,Personer,30
5636 Unjárga - Nesseby,1 Menn,F80-84 80-84 år,2025,Personer,23
5636 Unjárga - Nesseby,1 Menn,F85-89 85-89 år,2025,Personer,14
5636 Unjárga - Nesseby,1 Menn,F90-94 90-94 år,2025,Personer,3
5636 Unjárga - Nesseby,1 Menn,F95-99 95-99 år,2025,Personer,1
5636 Unjárga - Nesseby,1 Menn,F100G5+ 100 år eller eldre,2025,Personer,0
